 # iter    flux_conservation    flux_mean[1/s]    flux_std[1/s]    time_step[s]
     10000    6.1867612108E-01    3.0028859219E+07    1.8578138142E+07    1.1000000238E-15
     20000    6.1866246198E-01    3.0028850223E+07    1.8577722409E+07    1.2100000525E-15
     30000    6.1864744028E-01    3.0028840328E+07    1.8577265204E+07    1.3310000865E-15
     40000    6.1863092042E-01    3.0028829446E+07    1.8576762399E+07    1.4641001269E-15
     50000    6.1861275343E-01    3.0028817476E+07    1.8576209461E+07    1.6105101745E-15
     60000    6.1859277559E-01    3.0028804310E+07    1.8575601406E+07    1.7715612304E-15
     70000    6.1857080704E-01    3.0028789831E+07    1.8574932760E+07    1.9487173957E-15
     80000    6.1854665018E-01    3.0028773905E+07    1.8574197508E+07    2.1435891817E-15
     90000    6.1852008796E-01    3.0028756390E+07    1.8573389044E+07    2.3579481510E-15
    100000    6.1849088199E-01    3.0028737127E+07    1.8572500111E+07    2.5937430223E-15
    110000    6.1845877048E-01    3.0028715942E+07    1.8571522741E+07    2.8531173863E-15
    120000    6.1842346599E-01    3.0028692644E+07    1.8570448184E+07    3.1384291930E-15
    130000    6.1838465299E-01    3.0028667022E+07    1.8569266836E+07    3.4522721871E-15
    140000    6.1834198516E-01    3.0028638845E+07    1.8567968155E+07    3.7974994882E-15
    150000    6.1829508247E-01    3.0028607860E+07    1.8566540573E+07    4.1772495275E-15
    160000    6.1824352803E-01    3.0028573787E+07    1.8564971400E+07    4.5949745799E-15
    170000    6.1818686455E-01    3.0028536320E+07    1.8563246715E+07    5.0544721474E-15
    180000    6.1812459068E-01    3.0028495122E+07    1.8561351256E+07    5.5599194826E-15
    190000    6.1805615682E-01    3.0028449824E+07    1.8559268293E+07    6.1159115635E-15
    200000    6.1798096073E-01    3.0028400019E+07    1.8556979493E+07    6.7275028656E-15
    210000    6.1789834273E-01    3.0028345262E+07    1.8554464772E+07    7.4002533126E-15
    220000    6.1780758046E-01    3.0028285063E+07    1.8551702140E+07    8.1402788203E-15
    230000    6.1770788328E-01    3.0028218884E+07    1.8548667526E+07    8.9543068964E-15
    240000    6.1759838623E-01    3.0028146138E+07    1.8545334596E+07    9.8497377995E-15
    250000    6.1747814344E-01    3.0028066176E+07    1.8541674554E+07    1.0834711814E-14
    260000    6.1734612120E-01    3.0027978290E+07    1.8537655925E+07    1.1918183254E-14
    270000    6.1720119036E-01    3.0027881702E+07    1.8533244331E+07    1.3110001864E-14
    280000    6.1704211833E-01    3.0027775560E+07    1.8528402240E+07    1.4421002363E-14
    290000    6.1686756047E-01    3.0027658928E+07    1.8523088710E+07    1.5863102943E-14
    300000    6.1667605093E-01    3.0027530785E+07    1.8517259104E+07    1.7449413615E-14
    310000    6.1646599299E-01    3.0027390009E+07    1.8510864799E+07    1.9194355393E-14
    320000    6.1623564874E-01    3.0027235375E+07    1.8503852871E+07    2.1113791389E-14
    330000    6.1598312824E-01    3.0027065540E+07    1.8496165763E+07    2.3225171032E-14
    340000    6.1570637817E-01    3.0026879037E+07    1.8487740940E+07    2.5547688689E-14
    350000    6.1540316987E-01    3.0026674264E+07    1.8478510523E+07    2.8102458167E-14
    360000    6.1507108697E-01    3.0026449468E+07    1.8468400912E+07    3.0912704653E-14
    370000    6.1470751246E-01    3.0026202738E+07    1.8457332394E+07    3.4003975856E-14
    380000    6.1430961551E-01    3.0025931988E+07    1.8445218735E+07    3.7404374252E-14
    390000    6.1387433787E-01    3.0025634944E+07    1.8431966771E+07    4.1144812569E-14
    400000    6.1339838011E-01    3.0025309130E+07    1.8417475983E+07    4.5259294807E-14
    410000    6.1287818782E-01    3.0024951851E+07    1.8401638079E+07    4.9785225367E-14
    420000    6.1230993789E-01    3.0024560172E+07    1.8384336574E+07    5.4763749090E-14
    430000    6.1168952517E-01    3.0024130907E+07    1.8365446378E+07    6.0240125305E-14
    440000    6.1101254955E-01    3.0023660594E+07    1.8344833406E+07    6.6264139272E-14
    450000    6.1027430400E-01    3.0023145476E+07    1.8322354209E+07    7.2890554779E-14
    460000    6.0946976383E-01    3.0022581482E+07    1.8297855645E+07    8.0179611995E-14
    470000    6.0859357752E-01    3.0021964199E+07    1.8271174596E+07    8.8197575106E-14
    480000    6.0764005968E-01    3.0021288848E+07    1.8242137747E+07    9.7017334719E-14
    490000    6.0660318662E-01    3.0020550260E+07    1.8210561452E+07    9.7017334719E-14
    500000    6.0557841325E-01    3.0019816022E+07    1.8179352553E+07    9.7017334719E-14
    510000    6.0456531595E-01    3.0019085994E+07    1.8148498208E+07    9.7017334719E-14
    520000    6.0356349694E-01    3.0018360030E+07    1.8117986352E+07    9.7017334719E-14
    530000    6.0257258898E-01    3.0017637988E+07    1.8087805837E+07    9.7017334719E-14
    540000    6.0159225133E-01    3.0016919726E+07    1.8057946316E+07    9.7017334719E-14
    550000    6.0062216647E-01    3.0016205105E+07    1.8028398139E+07    1.0671907050E-13
    560000    5.9956657052E-01    3.0015423071E+07    1.7996244273E+07    1.0671907050E-13
    570000    5.9852264136E-01    3.0014645089E+07    1.7964444658E+07    1.0671907050E-13
    580000    5.9749004176E-01    3.0013870988E+07    1.7932989030E+07    1.0671907050E-13
    590000    5.9646844576E-01    3.0013100597E+07    1.7901867465E+07    1.0671907050E-13
    600000    5.9545754587E-01    3.0012333747E+07    1.7871070599E+07    1.0671907050E-13
    610000    5.9445705179E-01    3.0011570285E+07    1.7840589591E+07    1.0671907050E-13
    620000    5.9346668926E-01    3.0010810099E+07    1.7810416111E+07    1.0671907050E-13
    630000    5.9248619723E-01    3.0010053086E+07    1.7780542232E+07    1.0671907050E-13
    640000    5.9151532683E-01    3.0009299149E+07    1.7750960394E+07    1.0671907050E-13
    650000    5.9055384040E-01    3.0008548185E+07    1.7721663376E+07    1.0671907050E-13
    660000    5.8960151058E-01    3.0007800095E+07    1.7692644265E+07    1.0671907050E-13
    670000    5.8865811950E-01    3.0007054776E+07    1.7663896436E+07    1.0671907050E-13
    680000    5.8772345805E-01    3.0006312130E+07    1.7635413529E+07    1.0671907050E-13
    690000    5.8679732523E-01    3.0005572059E+07    1.7607189426E+07    1.0671907050E-13
    700000    5.8587952761E-01    3.0004834468E+07    1.7579218244E+07    1.0671907050E-13
    710000    5.8496987892E-01    3.0004099259E+07    1.7551494311E+07    1.0671907050E-13
    720000    5.8406819956E-01    3.0003366337E+07    1.7524012157E+07    1.0671907050E-13
    730000    5.8317431625E-01    3.0002635606E+07    1.7496766505E+07    1.0671907050E-13
    740000    5.8228806158E-01    3.0001906968E+07    1.7469752252E+07    1.0671907050E-13
    750000    5.8140927378E-01    3.0001180328E+07    1.7442964467E+07    1.0671907050E-13
    760000    5.8053779635E-01    3.0000455588E+07    1.7416398377E+07    1.0671907050E-13
    770000    5.7967347782E-01    2.9999732653E+07    1.7390049361E+07    1.0671907050E-13
    780000    5.7881617148E-01    2.9999011427E+07    1.7363912942E+07    1.0671907050E-13
    790000    5.7796573516E-01    2.9998291812E+07    1.7337984781E+07    1.0671907050E-13
    800000    5.7712203099E-01    2.9997573714E+07    1.7312260666E+07    1.0671907050E-13
    810000    5.7628492525E-01    2.9996857035E+07    1.7286736514E+07    1.0671907050E-13
    820000    5.7545428812E-01    2.9996141681E+07    1.7261408357E+07    1.0671907050E-13
    830000    5.7462999356E-01    2.9995427555E+07    1.7236272343E+07    1.0671907050E-13
    840000    5.7381191911E-01    2.9994714564E+07    1.7211324727E+07    1.0671907050E-13
    850000    5.7299994579E-01    2.9994002611E+07    1.7186561870E+07    1.0671907050E-13
    860000    5.7219395789E-01    2.9993291602E+07    1.7161980232E+07    1.0671907050E-13
    870000    5.7139384290E-01    2.9992581444E+07    1.7137576370E+07    1.0671907050E-13
    880000    5.7059949135E-01    2.9991872042E+07    1.7113346932E+07    1.0671907050E-13
    890000    5.6981079668E-01    2.9991163303E+07    1.7089288655E+07    1.0671907050E-13
    900000    5.6902765519E-01    2.9990455134E+07    1.7065398363E+07    1.0671907050E-13
    910000    5.6824996587E-01    2.9989747443E+07    1.7041672961E+07    1.0671907050E-13
    920000    5.6747763115E-01    2.9989040156E+07    1.7018109468E+07    1.0671907050E-13
    930000    5.6671055695E-01    2.9988333218E+07    1.6994705020E+07    1.0671907050E-13
    940000    5.6594865179E-01    2.9987626579E+07    1.6971456833E+07    1.0671907050E-13
    950000    5.6519182653E-01    2.9986920188E+07    1.6948362193E+07    1.0671907050E-13
    960000    5.6443999441E-01    2.9986213996E+07    1.6925418461E+07    1.0671907050E-13
    970000    5.6369307087E-01    2.9985507958E+07    1.6902623062E+07    1.0671907050E-13
    980000    5.6295097351E-01    2.9984802025E+07    1.6879973491E+07    1.0671907050E-13
    990000    5.6221362202E-01    2.9984096155E+07    1.6857467302E+07    1.0671907050E-13
   1000000    5.6148093812E-01    2.9983390303E+07    1.6835102115E+07    1.0671907050E-13
   1010000    5.6075284544E-01    2.9982684428E+07    1.6812875607E+07    1.1739098010E-13
   1020000    5.5995716472E-01    2.9981907896E+07    1.6788584139E+07    1.1739098010E-13
   1030000    5.5916684559E-01    2.9981131225E+07    1.6764454575E+07    1.1739098010E-13
   1040000    5.5838180166E-01    2.9980354368E+07    1.6740484286E+07    1.1739098010E-13
   1050000    5.5760194176E-01    2.9979577271E+07    1.6716670499E+07    1.1739098010E-13
   1060000    5.5682717695E-01    2.9978799881E+07    1.6693010506E+07    1.1739098010E-13
   1070000    5.5605742025E-01    2.9978022149E+07    1.6669501661E+07    1.1739098010E-13
   1080000    5.5529258681E-01    2.9977244028E+07    1.6646141382E+07    1.1739098010E-13
   1090000    5.5453259398E-01    2.9976465469E+07    1.6622927155E+07    1.1739098010E-13
   1100000    5.5377736115E-01    2.9975686431E+07    1.6599856530E+07    1.1739098010E-13
   1110000    5.5302680974E-01    2.9974906869E+07    1.6576927118E+07    1.1739098010E-13
   1120000    5.5228086312E-01    2.9974126744E+07    1.6554136589E+07    1.1739098010E-13
   1130000    5.5153944652E-01    2.9973346016E+07    1.6531482672E+07    1.1739098010E-13
   1140000    5.5080248700E-01    2.9972564650E+07    1.6508963151E+07    1.1739098010E-13
   1150000    5.5006991336E-01    2.9971782610E+07    1.6486575864E+07    1.1739098010E-13
   1160000    5.4934165613E-01    2.9970999863E+07    1.6464318701E+07    1.1739098010E-13
   1170000    5.4861764745E-01    2.9970216377E+07    1.6442189603E+07    1.1739098010E-13
   1180000    5.4789782107E-01    2.9969432122E+07    1.6420186559E+07    1.1739098010E-13
   1190000    5.4718211227E-01    2.9968647070E+07    1.6398307606E+07    1.1739098010E-13
   1200000    5.4647045782E-01    2.9967861194E+07    1.6376550827E+07    1.1739098010E-13
   1210000    5.4576279595E-01    2.9967074469E+07    1.6354914348E+07    1.1739098010E-13
   1220000    5.4505906627E-01    2.9966286870E+07    1.6333396341E+07    1.1739098010E-13
   1230000    5.4435920974E-01    2.9965498377E+07    1.6311995016E+07    1.1739098010E-13
   1240000    5.4366316867E-01    2.9964708967E+07    1.6290708625E+07    1.1739098010E-13
   1250000    5.4297088610E-01    2.9963918642E+07    1.6269535456E+07    1.1739098010E-13
   1260000    5.4228230451E-01    2.9963127482E+07    1.6248473821E+07    1.1739098010E-13
   1270000    5.4159736717E-01    2.9962335584E+07    1.6227522067E+07    1.1739098010E-13
   1280000    5.4091601853E-01    2.9961543051E+07    1.6206678576E+07    1.1739098010E-13
   1290000    5.4023820418E-01    2.9960749988E+07    1.6185941770E+07    1.1739098010E-13
   1300000    5.3956387086E-01    2.9959956503E+07    1.6165310102E+07    1.1739098010E-13
   1310000    5.3889296636E-01    2.9959162707E+07    1.6144782061E+07    1.1739098010E-13
   1320000    5.3822543955E-01    2.9958368713E+07    1.6124356169E+07    1.1739098010E-13
   1330000    5.3756124034E-01    2.9957574636E+07    1.6104030979E+07    1.1739098010E-13
   1340000    5.3690031963E-01    2.9956780597E+07    1.6083805077E+07    1.2913008091E-13
   1350000    5.3617704265E-01    2.9955907348E+07    1.6061669811E+07    1.2913008091E-13
   1360000    5.3545760516E-01    2.9955034445E+07    1.6039651007E+07    1.2913008091E-13
   1370000    5.3474195241E-01    2.9954162065E+07    1.6017747105E+07    1.2913008091E-13
   1380000    5.3403002434E-01    2.9953290378E+07    1.5995956389E+07    1.2913008091E-13
   1390000    5.3332176200E-01    2.9952419561E+07    1.5974277176E+07    1.2913008091E-13
   1400000    5.3261710770E-01    2.9951549794E+07    1.5952707822E+07    1.2913008091E-13
   1410000    5.3191600494E-01    2.9950681261E+07    1.5931246721E+07    1.2913008091E-13
   1420000    5.3121839842E-01    2.9949814146E+07    1.5909892304E+07    1.2913008091E-13
   1430000    5.3052423402E-01    2.9948948637E+07    1.5888643035E+07    1.2913008091E-13
   1440000    5.2983345870E-01    2.9948084924E+07    1.5867497417E+07    1.2913008091E-13
   1450000    5.2914602057E-01    2.9947223197E+07    1.5846453982E+07    1.2913008091E-13
   1460000    5.2846186877E-01    2.9946363650E+07    1.5825511297E+07    1.2913008091E-13
   1470000    5.2778095351E-01    2.9945506478E+07    1.5804667962E+07    1.2913008091E-13
   1480000    5.2710322603E-01    2.9944651876E+07    1.5783922606E+07    1.2913008091E-13
   1490000    5.2642863852E-01    2.9943800042E+07    1.5763273888E+07    1.2913008091E-13
   1500000    5.2575714419E-01    2.9942951174E+07    1.5742720498E+07    1.2913008091E-13
   1510000    5.2508869717E-01    2.9942105473E+07    1.5722261154E+07    1.2913008091E-13
   1520000    5.2442325251E-01    2.9941263139E+07    1.5701894600E+07    1.2913008091E-13
   1530000    5.2376076619E-01    2.9940424373E+07    1.5681619609E+07    1.2913008091E-13
   1540000    5.2310119503E-01    2.9939589376E+07    1.5661434981E+07    1.2913008091E-13
   1550000    5.2244449674E-01    2.9938758352E+07    1.5641339540E+07    1.2913008091E-13
   1560000    5.2179062987E-01    2.9937931503E+07    1.5621332136E+07    1.2913008091E-13
   1570000    5.2113955378E-01    2.9937109032E+07    1.5601411642E+07    1.2913008091E-13
   1580000    5.2049122862E-01    2.9936291142E+07    1.5581576957E+07    1.2913008091E-13
   1590000    5.1984561545E-01    2.9935478031E+07    1.5561827001E+07    1.2913008091E-13
   1600000    5.1920267765E-01    2.9934669780E+07    1.5542160704E+07    1.2913008091E-13
   1610000    5.1856238078E-01    2.9933866364E+07    1.5522577007E+07    1.2913008091E-13
   1620000    5.1792469107E-01    2.9933067752E+07    1.5503074868E+07    1.2913008091E-13
   1630000    5.1728957536E-01    2.9932273914E+07    1.5483653262E+07    1.2913008091E-13
   1640000    5.1665700104E-01    2.9931484817E+07    1.5464311182E+07    1.4204309208E-13
   1650000    5.1596407268E-01    2.9930622256E+07    1.5443125757E+07    1.4204309208E-13
   1660000    5.1527413252E-01    2.9929765339E+07    1.5422033872E+07    1.4204309208E-13
   1670000    5.1458714585E-01    2.9928914029E+07    1.5401034449E+07    1.4204309208E-13
   1680000    5.1390307237E-01    2.9928068279E+07    1.5380126239E+07    1.4204309208E-13
   1690000    5.1322187257E-01    2.9927228040E+07    1.5359308016E+07    1.4204309208E-13
   1700000    5.1254350763E-01    2.9926393264E+07    1.5338578574E+07    1.4204309208E-13
   1710000    5.1186793948E-01    2.9925563900E+07    1.5317936732E+07    1.4204309208E-13
   1720000    5.1119513073E-01    2.9924739897E+07    1.5297381324E+07    1.4204309208E-13
   1730000    5.1052504465E-01    2.9923921203E+07    1.5276911208E+07    1.4204309208E-13
   1740000    5.0985764519E-01    2.9923107765E+07    1.5256525262E+07    1.4204309208E-13
   1750000    5.0919289693E-01    2.9922299529E+07    1.5236222380E+07    1.4204309208E-13
   1760000    5.0853076508E-01    2.9921496440E+07    1.5216001477E+07    1.4204309208E-13
   1770000    5.0787121547E-01    2.9920698444E+07    1.5195861486E+07    1.4204309208E-13
   1780000    5.0721421451E-01    2.9919905483E+07    1.5175801358E+07    1.4204309208E-13
   1790000    5.0655972920E-01    2.9919117501E+07    1.5155820059E+07    1.4204309208E-13
   1800000    5.0590772711E-01    2.9918334440E+07    1.5135916576E+07    1.4204309208E-13
   1810000    5.0525817637E-01    2.9917556243E+07    1.5116089909E+07    1.4204309208E-13
   1820000    5.0461104564E-01    2.9916782850E+07    1.5096339076E+07    1.4204309208E-13
   1830000    5.0396630412E-01    2.9916014202E+07    1.5076663111E+07    1.4204309208E-13
   1840000    5.0332392152E-01    2.9915250239E+07    1.5057061064E+07    1.4204309208E-13
   1850000    5.0268386806E-01    2.9914490902E+07    1.5037531998E+07    1.4204309208E-13
   1860000    5.0204611445E-01    2.9913736130E+07    1.5018074993E+07    1.4204309208E-13
   1870000    5.0141063191E-01    2.9912985860E+07    1.4998689142E+07    1.4204309208E-13
   1880000    5.0077739209E-01    2.9912240033E+07    1.4979373555E+07    1.4204309208E-13
   1890000    5.0014636713E-01    2.9911498586E+07    1.4960127353E+07    1.4204309208E-13
   1900000    4.9951752963E-01    2.9910761457E+07    1.4940949672E+07    1.4204309208E-13
   1910000    4.9889085260E-01    2.9910028584E+07    1.4921839662E+07    1.4204309208E-13
   1920000    4.9826630953E-01    2.9909299904E+07    1.4902796484E+07    1.4204309208E-13
   1930000    4.9764387430E-01    2.9908575355E+07    1.4883819314E+07    1.5624740467E-13
   1940000    4.9696160561E-01    2.9907783053E+07    1.4863019886E+07    1.5624740467E-13
   1950000    4.9628181649E-01    2.9906995583E+07    1.4842298094E+07    1.5624740467E-13
   1960000    4.9560448010E-01    2.9906212866E+07    1.4821653079E+07    1.5624740467E-13
   1970000    4.9492956397E-01    2.9905434819E+07    1.4801083816E+07    1.5624740467E-13
   1980000    4.9425703619E-01    2.9904661358E+07    1.4780589291E+07    1.5624740467E-13
   1990000    4.9358686462E-01    2.9903892391E+07    1.4760168485E+07    1.5624740467E-13
   2000000    4.9291901598E-01    2.9903127810E+07    1.4739820335E+07    1.5624740467E-13
   2010000    4.9225345735E-01    2.9902367505E+07    1.4719543787E+07    1.5624740467E-13
   2020000    4.9159015641E-01    2.9901611368E+07    1.4699337809E+07    1.5624740467E-13
   2030000    4.9092908140E-01    2.9900859292E+07    1.4679201385E+07    1.5624740467E-13
   2040000    4.9027020115E-01    2.9900111167E+07    1.4659133516E+07    1.5624740467E-13
   2050000    4.8961348503E-01    2.9899366890E+07    1.4639133223E+07    1.5624740467E-13
   2060000    4.8895890297E-01    2.9898626353E+07    1.4619199542E+07    1.5624740467E-13
   2070000    4.8830642541E-01    2.9897889452E+07    1.4599331526E+07    1.5624740467E-13
   2080000    4.8765602333E-01    2.9897156084E+07    1.4579528245E+07    1.5624740467E-13
   2090000    4.8700766822E-01    2.9896426146E+07    1.4559788786E+07    1.5624740467E-13
   2100000    4.8636133206E-01    2.9895699537E+07    1.4540112250E+07    1.5624740467E-13
   2110000    4.8571698733E-01    2.9894976154E+07    1.4520497754E+07    1.5624740467E-13
   2120000    4.8507460699E-01    2.9894255899E+07    1.4500944431E+07    1.5624740467E-13
   2130000    4.8443416446E-01    2.9893538672E+07    1.4481451430E+07    1.5624740467E-13
   2140000    4.8379563364E-01    2.9892824376E+07    1.4462017910E+07    1.5624740467E-13
   2150000    4.8315898886E-01    2.9892112914E+07    1.4442643050E+07    1.5624740467E-13
   2160000    4.8252420491E-01    2.9891404190E+07    1.4423326040E+07    1.5624740467E-13
   2170000    4.8189125701E-01    2.9890698108E+07    1.4404066084E+07    1.5624740467E-13
   2180000    4.8126012080E-01    2.9889994575E+07    1.4384862400E+07    1.5624740467E-13
   2190000    4.8063077234E-01    2.9889293499E+07    1.4365714219E+07    1.5624740467E-13
   2200000    4.8000318811E-01    2.9888594788E+07    1.4346620786E+07    1.5624740467E-13
   2210000    4.7937734497E-01    2.9887898350E+07    1.4327581358E+07    1.5624740467E-13
   2220000    4.7875322019E-01    2.9887204097E+07    1.4308595204E+07    1.7187214886E-13
   2230000    4.7806864717E-01    2.9886442844E+07    1.4287771299E+07    1.7187214886E-13
   2240000    4.7738609086E-01    2.9885684003E+07    1.4267009859E+07    1.7187214886E-13
   2250000    4.7670552884E-01    2.9884927467E+07    1.4246310153E+07    1.7187214886E-13
   2260000    4.7602693301E-01    2.9884173126E+07    1.4225671279E+07    1.7187214886E-13
   2270000    4.7535027611E-01    2.9883420880E+07    1.4205092366E+07    1.7187214886E-13
   2280000    4.7467553142E-01    2.9882670632E+07    1.4184572562E+07    1.7187214886E-13
   2290000    4.7400267270E-01    2.9881922287E+07    1.4164111029E+07    1.7187214886E-13
   2300000    4.7333167420E-01    2.9881175750E+07    1.4143706945E+07    1.7187214886E-13
   2310000    4.7266251060E-01    2.9880430928E+07    1.4123359501E+07    1.7187214886E-13
   2320000    4.7199515705E-01    2.9879687730E+07    1.4103067903E+07    1.7187214886E-13
   2330000    4.7132958913E-01    2.9878946066E+07    1.4082831373E+07    1.7187214886E-13
   2340000    4.7066578284E-01    2.9878205844E+07    1.4062649144E+07    1.7187214886E-13
   2350000    4.7000371463E-01    2.9877466979E+07    1.4042520464E+07    1.7187214886E-13
   2360000    4.6934336134E-01    2.9876729382E+07    1.4022444594E+07    1.7187214886E-13
   2370000    4.6868470022E-01    2.9875992969E+07    1.4002420808E+07    1.7187214886E-13
   2380000    4.6802770899E-01    2.9875257653E+07    1.3982448395E+07    1.7187214886E-13
   2390000    4.6737236644E-01    2.9874523325E+07    1.3962526663E+07    1.7187214886E-13
   2400000    4.6671865219E-01    2.9873789863E+07    1.3942654940E+07    1.7187214886E-13
   2410000    4.6606654624E-01    2.9873057143E+07    1.3922832568E+07    1.7187214886E-13
   2420000    4.6541602898E-01    2.9872325044E+07    1.3903058899E+07    1.7187214886E-13
   2430000    4.6476708115E-01    2.9871593445E+07    1.3883333295E+07    1.7187214886E-13
   2440000    4.6411968384E-01    2.9870862223E+07    1.3863655131E+07    1.7187214886E-13
   2450000    4.6347381848E-01    2.9870131259E+07    1.3844023793E+07    1.7187214886E-13
   2460000    4.6282946686E-01    2.9869400432E+07    1.3824438677E+07    1.7187214886E-13
   2470000    4.6218661108E-01    2.9868669625E+07    1.3804899192E+07    1.7187214886E-13
   2480000    4.6154523358E-01    2.9867938719E+07    1.3785404753E+07    1.7187214886E-13
   2490000    4.6090531712E-01    2.9867207596E+07    1.3765954789E+07    1.7187214886E-13
   2500000    4.6026684476E-01    2.9866476139E+07    1.3746548736E+07    1.7187214886E-13
   2510000    4.5962979987E-01    2.9865744231E+07    1.3727186044E+07    1.7187214886E-13
   2520000    4.5899416613E-01    2.9865011757E+07    1.3707866168E+07    1.7187214886E-13
   2530000    4.5835992749E-01    2.9864278603E+07    1.3688588575E+07    1.7187214886E-13
   2540000    4.5772706820E-01    2.9863544653E+07    1.3669352740E+07    1.7187214886E-13
   2550000    4.5709557278E-01    2.9862809794E+07    1.3650158148E+07    1.7187214886E-13
   2560000    4.5646542606E-01    2.9862073914E+07    1.3631004292E+07    1.7187214886E-13
   2570000    4.5583661308E-01    2.9861336900E+07    1.3611890675E+07    1.7187214886E-13
   2580000    4.5520911920E-01    2.9860598641E+07    1.3592816806E+07    1.7187214886E-13
   2590000    4.5458292999E-01    2.9859859027E+07    1.3573782205E+07    1.7187214886E-13
   2600000    4.5395803131E-01    2.9859117947E+07    1.3554786400E+07    1.7187214886E-13
   2610000    4.5333440923E-01    2.9858375292E+07    1.3535828924E+07    1.7187214886E-13
   2620000    4.5271205045E-01    2.9857630962E+07    1.3516909334E+07    1.7187214886E-13
   2630000    4.5209094389E-01    2.9856884896E+07    1.3498027274E+07    1.7187214886E-13
   2640000    4.5147107942E-01    2.9856137051E+07    1.3479182422E+07    1.7187214886E-13
   2650000    4.5085244707E-01    2.9855387383E+07    1.3460374460E+07    1.7187214886E-13
   2660000    4.5023503706E-01    2.9854635849E+07    1.3441603078E+07    1.7187214886E-13
   2670000    4.4961883976E-01    2.9853882406E+07    1.3422867969E+07    1.7187214886E-13
   2680000    4.4900384569E-01    2.9853127011E+07    1.3404168834E+07    1.7187214886E-13
   2690000    4.4839004555E-01    2.9852369622E+07    1.3385505375E+07    1.7187214886E-13
   2700000    4.4777743019E-01    2.9851610196E+07    1.3366877301E+07    1.7187214886E-13
   2710000    4.4716599060E-01    2.9850848691E+07    1.3348284325E+07    1.7187214886E-13
   2720000    4.4655571791E-01    2.9850085064E+07    1.3329726166E+07    1.7187214886E-13
   2730000    4.4594660343E-01    2.9849319274E+07    1.3311202545E+07    1.7187214886E-13
   2740000    4.4533863857E-01    2.9848551278E+07    1.3292713189E+07    1.7187214886E-13
   2750000    4.4473181488E-01    2.9847781034E+07    1.3274257830E+07    1.7187214886E-13
   2760000    4.4412612408E-01    2.9847008500E+07    1.3255836200E+07    1.7187214886E-13
   2770000    4.4352155797E-01    2.9846233634E+07    1.3237448041E+07    1.7187214886E-13
   2780000    4.4291810851E-01    2.9845456394E+07    1.3219093094E+07    1.7187214886E-13
   2790000    4.4231576777E-01    2.9844676738E+07    1.3200771105E+07    1.7187214886E-13
   2800000    4.4171452794E-01    2.9843894624E+07    1.3182481826E+07    1.7187214886E-13
   2810000    4.4111438133E-01    2.9843110011E+07    1.3164225010E+07    1.7187214886E-13
   2820000    4.4051532035E-01    2.9842322857E+07    1.3146000413E+07    1.7187214886E-13
   2830000    4.3991733755E-01    2.9841533120E+07    1.3127807799E+07    1.7187214886E-13
   2840000    4.3932042555E-01    2.9840740759E+07    1.3109646929E+07    1.7187214886E-13
   2850000    4.3872457710E-01    2.9839945732E+07    1.3091517572E+07    1.7187214886E-13
   2860000    4.3812978505E-01    2.9839147999E+07    1.3073419499E+07    1.7187214886E-13
   2870000    4.3753604235E-01    2.9838347517E+07    1.3055352483E+07    1.7187214886E-13
   2880000    4.3694334179E-01    2.9837544269E+07    1.3037316303E+07    1.7187214886E-13
   2890000    4.3635167577E-01    2.9836738282E+07    1.3019310749E+07    1.7187214886E-13
   2900000    4.3576103677E-01    2.9835929591E+07    1.3001335612E+07    1.7187214886E-13
   2910000    4.3517141735E-01    2.9835118231E+07    1.2983390687E+07    1.7187214886E-13
   2920000    4.3458281020E-01    2.9834304238E+07    1.2965475776E+07    1.7187214886E-13
   2930000    4.3399520812E-01    2.9833487646E+07    1.2947590680E+07    1.7187214886E-13
   2940000    4.3340860402E-01    2.9832668493E+07    1.2929735206E+07    1.7187214886E-13
   2950000    4.3282299092E-01    2.9831846814E+07    1.2911909163E+07    1.7187214886E-13
   2960000    4.3223836194E-01    2.9831022647E+07    1.2894112364E+07    1.7187214886E-13
   2970000    4.3165471030E-01    2.9830196028E+07    1.2876344625E+07    1.7187214886E-13
   2980000    4.3107202933E-01    2.9829366995E+07    1.2858605764E+07    1.7187214886E-13
   2990000    4.3049031245E-01    2.9828535585E+07    1.2840895604E+07    1.7187214886E-13
   3000000    4.2990955317E-01    2.9827701836E+07    1.2823213968E+07    1.7187214886E-13
   3010000    4.2932974512E-01    2.9826865786E+07    1.2805560685E+07    1.7187214886E-13
   3020000    4.2875088186E-01    2.9826027481E+07    1.2787935585E+07    1.7187214886E-13
   3030000    4.2817295526E-01    2.9825187082E+07    1.2770338494E+07    1.7187214886E-13
   3040000    4.2759595607E-01    2.9824344833E+07    1.2752769243E+07    1.7187214886E-13
   3050000    4.2701987516E-01    2.9823500975E+07    1.2735227663E+07    1.7187214886E-13
   3060000    4.2644470368E-01    2.9822655749E+07    1.2717713594E+07    1.7187214886E-13
   3070000    4.2587043346E-01    2.9821809383E+07    1.2700226888E+07    1.7187214886E-13
   3080000    4.2529705696E-01    2.9820962094E+07    1.2682767414E+07    1.7187214886E-13
   3090000    4.2472456687E-01    2.9820114098E+07    1.2665335044E+07    1.7187214886E-13
   3100000    4.2415295606E-01    2.9819265606E+07    1.2647929654E+07    1.7187214886E-13
   3110000    4.2358221755E-01    2.9818416829E+07    1.2630551124E+07    1.7187214886E-13
   3120000    4.2301234453E-01    2.9817567976E+07    1.2613199338E+07    1.7187214886E-13
   3130000    4.2244333037E-01    2.9816719253E+07    1.2595874182E+07    1.7187214886E-13
   3140000    4.2187516857E-01    2.9815870865E+07    1.2578575547E+07    1.7187214886E-13
   3150000    4.2130785280E-01    2.9815023014E+07    1.2561303327E+07    1.7187214886E-13
   3160000    4.2074137688E-01    2.9814175900E+07    1.2544057419E+07    1.7187214886E-13
   3170000    4.2017573480E-01    2.9813329721E+07    1.2526837722E+07    1.7187214886E-13
   3180000    4.1961092065E-01    2.9812484675E+07    1.2509644141E+07    1.7187214886E-13
   3190000    4.1904692872E-01    2.9811640953E+07    1.2492476581E+07    1.7187214886E-13
   3200000    4.1848375340E-01    2.9810798748E+07    1.2475334952E+07    1.7187214886E-13
   3210000    4.1792138924E-01    2.9809958250E+07    1.2458219165E+07    1.7187214886E-13
   3220000    4.1735983092E-01    2.9809119645E+07    1.2441129135E+07    1.7187214886E-13
   3230000    4.1679907324E-01    2.9808283119E+07    1.2424064779E+07    1.7187214886E-13
   3240000    4.1623911124E-01    2.9807448853E+07    1.2407026019E+07    1.7187214886E-13
   3250000    4.1567994046E-01    2.9806617021E+07    1.2390012788E+07    1.7187214886E-13
   3260000    4.1512155673E-01    2.9805787790E+07    1.2373025027E+07    1.7187214886E-13
   3270000    4.1456395600E-01    2.9804961326E+07    1.2356062676E+07    1.7187214886E-13
   3280000    4.1400713438E-01    2.9804137794E+07    1.2339125681E+07    1.7187214886E-13
   3290000    4.1345108808E-01    2.9803317355E+07    1.2322213989E+07    1.7187214886E-13
   3300000    4.1289581343E-01    2.9802500167E+07    1.2305327549E+07    1.7187214886E-13
   3310000    4.1234130689E-01    2.9801686387E+07    1.2288466312E+07    1.7187214886E-13
   3320000    4.1178756505E-01    2.9800876169E+07    1.2271630234E+07    1.7187214886E-13
   3330000    4.1123458458E-01    2.9800069664E+07    1.2254819269E+07    1.7187214886E-13
   3340000    4.1068236229E-01    2.9799267022E+07    1.2238033375E+07    1.7187214886E-13
   3350000    4.1013089578E-01    2.9798468302E+07    1.2221272498E+07    1.7187214886E-13
   3360000    4.0958018375E-01    2.9797673427E+07    1.2204536557E+07    1.7187214886E-13
   3370000    4.0903022504E-01    2.9796882304E+07    1.2187825474E+07    1.7187214886E-13
   3380000    4.0848101850E-01    2.9796094845E+07    1.2171139170E+07    1.7187214886E-13
   3390000    4.0793256302E-01    2.9795310960E+07    1.2154477566E+07    1.7187214886E-13
   3400000    4.0738485748E-01    2.9794530558E+07    1.2137840585E+07    1.7187214886E-13
   3410000    4.0683790079E-01    2.9793753551E+07    1.2121228152E+07    1.7187214886E-13
   3420000    4.0629169186E-01    2.9792979851E+07    1.2104640189E+07    1.7187214886E-13
   3430000    4.0574622952E-01    2.9792209370E+07    1.2088076621E+07    1.7187214886E-13
   3440000    4.0520151215E-01    2.9791442030E+07    1.2071537360E+07    1.7187214886E-13
   3450000    4.0465753794E-01    2.9790677755E+07    1.2055022314E+07    1.7187214886E-13
   3460000    4.0411430507E-01    2.9789916470E+07    1.2038531392E+07    1.7187214886E-13
   3470000    4.0357181175E-01    2.9789158101E+07    1.2022064505E+07    1.7187214886E-13
   3480000    4.0303005618E-01    2.9788402575E+07    1.2005621563E+07    1.7187214886E-13
   3490000    4.0248903655E-01    2.9787649818E+07    1.1989202476E+07    1.7187214886E-13
   3500000    4.0194875106E-01    2.9786899759E+07    1.1972807156E+07    1.7187214886E-13
   3510000    4.0140919795E-01    2.9786152324E+07    1.1956435514E+07    1.7187214886E-13
   3520000    4.0087037541E-01    2.9785407444E+07    1.1940087464E+07    1.7187214886E-13
   3530000    4.0033228168E-01    2.9784665046E+07    1.1923762917E+07    1.7187214886E-13
   3540000    3.9979491499E-01    2.9783925062E+07    1.1907461788E+07    1.7187214886E-13
   3550000    3.9925827358E-01    2.9783187420E+07    1.1891183991E+07    1.7187214886E-13
   3560000    3.9872235571E-01    2.9782452052E+07    1.1874929441E+07    1.7187214886E-13
   3570000    3.9818715962E-01    2.9781718889E+07    1.1858698053E+07    1.7187214886E-13
   3580000    3.9765268360E-01    2.9780987863E+07    1.1842489744E+07    1.7187214886E-13
   3590000    3.9711892592E-01    2.9780258906E+07    1.1826304430E+07    1.7187214886E-13
   3600000    3.9658588487E-01    2.9779531950E+07    1.1810142029E+07    1.7187214886E-13
   3610000    3.9605355874E-01    2.9778806930E+07    1.1794002460E+07    1.7187214886E-13
   3620000    3.9552194585E-01    2.9778083779E+07    1.1777885640E+07    1.7187214886E-13
   3630000    3.9499104452E-01    2.9777362432E+07    1.1761791490E+07    1.7187214886E-13
   3640000    3.9446085308E-01    2.9776642822E+07    1.1745719930E+07    1.7187214886E-13
   3650000    3.9393136987E-01    2.9775924886E+07    1.1729670880E+07    1.7187214886E-13
   3660000    3.9340259325E-01    2.9775208559E+07    1.1713644262E+07    1.7187214886E-13
   3670000    3.9287452158E-01    2.9774493778E+07    1.1697639998E+07    1.7187214886E-13
   3680000    3.9234715324E-01    2.9773780478E+07    1.1681658012E+07    1.7187214886E-13
   3690000    3.9182048662E-01    2.9773068598E+07    1.1665698226E+07    1.7187214886E-13
   3700000    3.9129452011E-01    2.9772358075E+07    1.1649760566E+07    1.7187214886E-13
   3710000    3.9076925213E-01    2.9771648848E+07    1.1633844955E+07    1.7187214886E-13
   3720000    3.9024468110E-01    2.9770940854E+07    1.1617951320E+07    1.7187214886E-13
   3730000    3.8972080546E-01    2.9770234034E+07    1.1602079587E+07    1.7187214886E-13
   3740000    3.8919762365E-01    2.9769528327E+07    1.1586229682E+07    1.7187214886E-13
   3750000    3.8867513413E-01    2.9768823673E+07    1.1570401534E+07    1.7187214886E-13
   3760000    3.8815333536E-01    2.9768120013E+07    1.1554595070E+07    1.7187214886E-13
   3770000    3.8763222583E-01    2.9767417287E+07    1.1538810220E+07    1.7187214886E-13
   3780000    3.8711180404E-01    2.9766715439E+07    1.1523046914E+07    1.7187214886E-13
   3790000    3.8659206847E-01    2.9766014409E+07    1.1507305081E+07    1.7187214886E-13
   3800000    3.8607301766E-01    2.9765314140E+07    1.1491584652E+07    1.7187214886E-13
   3810000    3.8555465012E-01    2.9764614576E+07    1.1475885559E+07    1.7187214886E-13
   3820000    3.8503696440E-01    2.9763915661E+07    1.1460207735E+07    1.7187214886E-13
   3830000    3.8451995903E-01    2.9763217337E+07    1.1444551111E+07    1.7187214886E-13
   3840000    3.8400363258E-01    2.9762519550E+07    1.1428915622E+07    1.7187214886E-13
   3850000    3.8348798318E-01    2.9761822252E+07    1.1413301191E+07    1.7187214886E-13
   3860000    3.8297300812E-01    2.9761125397E+07    1.1397707718E+07    1.7187214886E-13
   3870000    3.8245870441E-01    2.9760428939E+07    1.1382135095E+07    1.7187214886E-13
   3880000    3.8194506910E-01    2.9759732830E+07    1.1366583212E+07    1.7187214886E-13
   3890000    3.8143209922E-01    2.9759037026E+07    1.1351051964E+07    1.7187214886E-13
   3900000    3.8091979186E-01    2.9758341483E+07    1.1335541244E+07    1.7187214886E-13
   3910000    3.8040814410E-01    2.9757646155E+07    1.1320050947E+07    1.7187214886E-13
   3920000    3.7989715306E-01    2.9756951001E+07    1.1304580969E+07    1.7187214886E-13
   3930000    3.7938681585E-01    2.9756255977E+07    1.1289131207E+07    1.7187214886E-13
   3940000    3.7887712963E-01    2.9755561042E+07    1.1273701558E+07    1.7187214886E-13
   3950000    3.7836809156E-01    2.9754866155E+07    1.1258291922E+07    1.7187214886E-13
   3960000    3.7785969882E-01    2.9754171276E+07    1.1242902197E+07    1.7187214886E-13
   3970000    3.7735194861E-01    2.9753476366E+07    1.1227532284E+07    1.7187214886E-13
   3980000    3.7684483813E-01    2.9752781385E+07    1.1212182085E+07    1.7187214886E-13
   3990000    3.7633836462E-01    2.9752086296E+07    1.1196851501E+07    1.7187214886E-13
   4000000    3.7583252532E-01    2.9751391062E+07    1.1181540435E+07    1.7187214886E-13
   4010000    3.7532731751E-01    2.9750695646E+07    1.1166248791E+07    1.7187214886E-13
   4020000    3.7482273845E-01    2.9750000013E+07    1.1150976474E+07    1.7187214886E-13
   4030000    3.7431878544E-01    2.9749304126E+07    1.1135723388E+07    1.7187214886E-13
   4040000    3.7381545579E-01    2.9748607953E+07    1.1120489441E+07    1.7187214886E-13
   4050000    3.7331274682E-01    2.9747911459E+07    1.1105274539E+07    1.7187214886E-13
   4060000    3.7281065588E-01    2.9747214611E+07    1.1090078590E+07    1.7187214886E-13
   4070000    3.7230918031E-01    2.9746517377E+07    1.1074901502E+07    1.8905936785E-13
   4080000    3.7175826979E-01    2.9745749944E+07    1.1058228533E+07    1.8905936785E-13
   4090000    3.7120809219E-01    2.9744981957E+07    1.1041578005E+07    1.8905936785E-13
   4100000    3.7065864908E-01    2.9744213384E+07    1.1024949951E+07    1.8905936785E-13
   4110000    3.7010993699E-01    2.9743444186E+07    1.1008344254E+07    1.8905936785E-13
   4120000    3.6956195253E-01    2.9742674325E+07    1.0991760797E+07    1.8905936785E-13
   4130000    3.6901469227E-01    2.9741903763E+07    1.0975199465E+07    1.8905936785E-13
   4140000    3.6846815284E-01    2.9741132465E+07    1.0958660143E+07    1.8905936785E-13
   4150000    3.6792233088E-01    2.9740360395E+07    1.0942142718E+07    1.8905936785E-13
   4160000    3.6737722305E-01    2.9739587520E+07    1.0925647078E+07    1.8905936785E-13
   4170000    3.6683282601E-01    2.9738813805E+07    1.0909173110E+07    1.8905936785E-13
   4180000    3.6628913647E-01    2.9738039220E+07    1.0892720706E+07    1.8905936785E-13
   4190000    3.6574615113E-01    2.9737263732E+07    1.0876289755E+07    1.8905936785E-13
   4200000    3.6520386673E-01    2.9736487311E+07    1.0859880149E+07    1.8905936785E-13
   4210000    3.6466228002E-01    2.9735709928E+07    1.0843491780E+07    1.8905936785E-13
   4220000    3.6412138776E-01    2.9734931554E+07    1.0827124542E+07    1.8905936785E-13
   4230000    3.6358118674E-01    2.9734152162E+07    1.0810778330E+07    1.8905936785E-13
   4240000    3.6304167376E-01    2.9733371724E+07    1.0794453037E+07    1.8905936785E-13
   4250000    3.6250284564E-01    2.9732590215E+07    1.0778148561E+07    1.8905936785E-13
   4260000    3.6196469923E-01    2.9731807610E+07    1.0761864799E+07    1.8905936785E-13
   4270000    3.6142723138E-01    2.9731023885E+07    1.0745601649E+07    1.8905936785E-13
   4280000    3.6089043898E-01    2.9730239016E+07    1.0729359009E+07    1.8905936785E-13
   4290000    3.6035431890E-01    2.9729452980E+07    1.0713136780E+07    1.8905936785E-13
   4300000    3.5981886808E-01    2.9728665757E+07    1.0696934862E+07    1.8905936785E-13
   4310000    3.5928408342E-01    2.9727877325E+07    1.0680753157E+07    1.8905936785E-13
   4320000    3.5874996187E-01    2.9727087664E+07    1.0664591566E+07    1.8905936785E-13
   4330000    3.5821650039E-01    2.9726296756E+07    1.0648449993E+07    1.8905936785E-13
   4340000    3.5768369599E-01    2.9725504580E+07    1.0632328344E+07    1.8905936785E-13
   4350000    3.5715154648E-01    2.9724711090E+07    1.0616226534E+07    1.8905936785E-13
   4360000    3.5662005033E-01    2.9723916214E+07    1.0600144496E+07    1.8905936785E-13
   4370000    3.5608920607E-01    2.9723119879E+07    1.0584082160E+07    1.8905936785E-13
   4380000    3.5555901222E-01    2.9722322015E+07    1.0568039457E+07    1.8905936785E-13
   4390000    3.5502946728E-01    2.9721522552E+07    1.0552016319E+07    1.8905936785E-13
   4400000    3.5450056979E-01    2.9720721420E+07    1.0536012678E+07    1.8905936785E-13
   4410000    3.5397231824E-01    2.9719918549E+07    1.0520028467E+07    1.8905936785E-13
   4420000    3.5344471115E-01    2.9719113873E+07    1.0504063619E+07    1.8905936785E-13
   4430000    3.5291774703E-01    2.9718307325E+07    1.0488118067E+07    1.8905936785E-13
   4440000    3.5239142440E-01    2.9717498836E+07    1.0472191745E+07    1.8905936785E-13
   4450000    3.5186574177E-01    2.9716688343E+07    1.0456284587E+07    1.8905936785E-13
   4460000    3.5134069764E-01    2.9715875780E+07    1.0440396528E+07    1.8905936785E-13
   4470000    3.5081629053E-01    2.9715061082E+07    1.0424527502E+07    1.8905936785E-13
   4480000    3.5029251894E-01    2.9714244187E+07    1.0408677445E+07    1.8905936785E-13
   4490000    3.4976938138E-01    2.9713425032E+07    1.0392846292E+07    1.8905936785E-13
   4500000    3.4924687636E-01    2.9712603553E+07    1.0377033979E+07    1.8905936785E-13
   4510000    3.4872500238E-01    2.9711779691E+07    1.0361240443E+07    1.8905936785E-13
   4520000    3.4820375794E-01    2.9710953385E+07    1.0345465621E+07    1.8905936785E-13
   4530000    3.4768314155E-01    2.9710124574E+07    1.0329709448E+07    1.8905936785E-13
   4540000    3.4716315172E-01    2.9709293200E+07    1.0313971863E+07    1.8905936785E-13
   4550000    3.4664378693E-01    2.9708459204E+07    1.0298252802E+07    1.8905936785E-13
   4560000    3.4612504570E-01    2.9707622529E+07    1.0282552205E+07    1.8905936785E-13
   4570000    3.4560692651E-01    2.9706783116E+07    1.0266870009E+07    1.8905936785E-13
   4580000    3.4508942787E-01    2.9705940911E+07    1.0251206153E+07    1.8905936785E-13
   4590000    3.4457254826E-01    2.9705095857E+07    1.0235560576E+07    1.8905936785E-13
   4600000    3.4405628619E-01    2.9704247899E+07    1.0219933216E+07    1.8905936785E-13
   4610000    3.4354064033E-01    2.9703396986E+07    1.0204324021E+07    1.8905936785E-13
   4620000    3.4302561021E-01    2.9702543088E+07    1.0188732967E+07    1.8905936785E-13
   4630000    3.4251119562E-01    2.9701686176E+07    1.0173160044E+07    1.8905936785E-13
   4640000    3.4199739635E-01    2.9700826226E+07    1.0157605239E+07    1.8905936785E-13
   4650000    3.4148421213E-01    2.9699963212E+07    1.0142068538E+07    1.8905936785E-13
   4660000    3.4097164270E-01    2.9699097109E+07    1.0126549928E+07    1.8905936785E-13
   4670000    3.4045968777E-01    2.9698227895E+07    1.0111049396E+07    1.8905936785E-13
   4680000    3.3994834703E-01    2.9697355544E+07    1.0095566928E+07    1.8905936785E-13
   4690000    3.3943762015E-01    2.9696480034E+07    1.0080102510E+07    1.8905936785E-13
   4700000    3.3892750680E-01    2.9695601341E+07    1.0064656125E+07    1.8905936785E-13
   4710000    3.3841800661E-01    2.9694719444E+07    1.0049227761E+07    1.8905936785E-13
   4720000    3.3790911925E-01    2.9693834321E+07    1.0033817403E+07    1.8905936785E-13
   4730000    3.3740084438E-01    2.9692945953E+07    1.0018425037E+07    1.8905936785E-13
   4740000    3.3689318164E-01    2.9692054321E+07    1.0003050650E+07    1.8905936785E-13
   4750000    3.3638613067E-01    2.9691159405E+07    9.9876942274E+06    1.8905936785E-13
   4760000    3.3587969107E-01    2.9690261187E+07    9.9723557554E+06    1.8905936785E-13
   4770000    3.3537386243E-01    2.9689359649E+07    9.9570352187E+06    1.8905936785E-13
   4780000    3.3486864434E-01    2.9688454773E+07    9.9417326023E+06    1.8905936785E-13
   4790000    3.3436403635E-01    2.9687546540E+07    9.9264478904E+06    1.8905936785E-13
   4800000    3.3386003798E-01    2.9686634936E+07    9.9111810674E+06    1.8905936785E-13
   4810000    3.3335664848E-01    2.9685719976E+07    9.8959321187E+06    1.8905936785E-13
   4820000    3.3285386684E-01    2.9684801696E+07    9.8807010311E+06    1.8905936785E-13
   4830000    3.3235169210E-01    2.9683880136E+07    9.8654877911E+06    1.8905936785E-13
   4840000    3.3185012325E-01    2.9682955332E+07    9.8502923853E+06    1.8905936785E-13
   4850000    3.3134915931E-01    2.9682027323E+07    9.8351148001E+06    1.8905936785E-13
   4860000    3.3084879928E-01    2.9681096148E+07    9.8199550217E+06    1.8905936785E-13
   4870000    3.3034904217E-01    2.9680161844E+07    9.8048130364E+06    1.8905936785E-13
   4880000    3.2984988697E-01    2.9679224449E+07    9.7896888301E+06    1.8905936785E-13
   4890000    3.2935133271E-01    2.9678284003E+07    9.7745823889E+06    1.8905936785E-13
   4900000    3.2885337836E-01    2.9677340543E+07    9.7594936985E+06    1.8905936785E-13
   4910000    3.2835602294E-01    2.9676394108E+07    9.7444227446E+06    1.8905936785E-13
   4920000    3.2785926544E-01    2.9675444737E+07    9.7293695129E+06    1.8905936785E-13
   4930000    3.2736310485E-01    2.9674492466E+07    9.7143339888E+06    1.8905936785E-13
   4940000    3.2686754019E-01    2.9673537336E+07    9.6993161576E+06    1.8905936785E-13
   4950000    3.2637257042E-01    2.9672579384E+07    9.6843160046E+06    1.8905936785E-13
   4960000    3.2587819456E-01    2.9671618648E+07    9.6693335148E+06    1.8905936785E-13
   4970000    3.2538441159E-01    2.9670655167E+07    9.6543686732E+06    1.8905936785E-13
   4980000    3.2489122051E-01    2.9669688980E+07    9.6394214647E+06    1.8905936785E-13
   4990000    3.2439862029E-01    2.9668720124E+07    9.6244918739E+06    1.8905936785E-13
   5000000    3.2390660994E-01    2.9667748637E+07    9.6095798855E+06    1.8905936785E-13
   5010000    3.2341518843E-01    2.9666774558E+07    9.5946854839E+06    1.8905936785E-13
   5020000    3.2292435461E-01    2.9665797935E+07    9.5798086521E+06    1.8905936785E-13
   5030000    3.2243410626E-01    2.9664818885E+07    9.5649493643E+06    1.8905936785E-13
   5040000    3.2194444071E-01    2.9663837555E+07    9.5501075908E+06    1.8905936785E-13
   5050000    3.2145535534E-01    2.9662854091E+07    9.5352833023E+06    1.8905936785E-13
   5060000    3.2096684756E-01    2.9661868639E+07    9.5204764700E+06    1.8905936785E-13
   5070000    3.2047891481E-01    2.9660881344E+07    9.5056870653E+06    1.8905936785E-13
   5080000    3.1999155458E-01    2.9659892346E+07    9.4909150606E+06    1.8905936785E-13
   5090000    3.1950476480E-01    2.9658901781E+07    9.4761604375E+06    1.8905936785E-13
   5100000    3.1901854371E-01    2.9657909774E+07    9.4614231857E+06    1.8905936785E-13
   5110000    3.1853288965E-01    2.9656916451E+07    9.4467032951E+06    1.8905936785E-13
   5120000    3.1804780094E-01    2.9655921935E+07    9.4320007562E+06    1.8905936785E-13
   5130000    3.1756327595E-01    2.9654926350E+07    9.4173155597E+06    1.8905936785E-13
   5140000    3.1707931309E-01    2.9653929816E+07    9.4026476966E+06    1.8905936785E-13
   5150000    3.1659591080E-01    2.9652932454E+07    9.3879971580E+06    1.8905936785E-13
   5160000    3.1611306752E-01    2.9651934383E+07    9.3733639356E+06    1.8905936785E-13
   5170000    3.1563078176E-01    2.9650935720E+07    9.3587480211E+06    1.8905936785E-13
   5180000    3.1514905202E-01    2.9649936583E+07    9.3441494065E+06    1.8905936785E-13
   5190000    3.1466787685E-01    2.9648937087E+07    9.3295680839E+06    1.8905936785E-13
   5200000    3.1418725482E-01    2.9647937346E+07    9.3150040457E+06    1.8905936785E-13
   5210000    3.1370718453E-01    2.9646937474E+07    9.3004572847E+06    1.8905936785E-13
   5220000    3.1322766460E-01    2.9645937581E+07    9.2859277936E+06    1.8905936785E-13
   5230000    3.1274869369E-01    2.9644937780E+07    9.2714155653E+06    1.8905936785E-13
   5240000    3.1227027046E-01    2.9643938180E+07    9.2569205931E+06    2.0796530914E-13
   5250000    3.1174464069E-01    2.9642838991E+07    9.2409961905E+06    2.0796530914E-13
   5260000    3.1121966557E-01    2.9641740310E+07    9.2250925060E+06    2.0796530914E-13
   5270000    3.1069534820E-01    2.9640642286E+07    9.2092096761E+06    2.0796530914E-13
   5280000    3.1017168696E-01    2.9639545061E+07    9.1933476923E+06    2.0796530914E-13
   5290000    3.0964868025E-01    2.9638448770E+07    9.1775065464E+06    2.0796530914E-13
   5300000    3.0912632650E-01    2.9637353552E+07    9.1616862307E+06    2.0796530914E-13
   5310000    3.0860462417E-01    2.9636259540E+07    9.1458867371E+06    2.0796530914E-13
   5320000    3.0808357176E-01    2.9635166867E+07    9.1301080579E+06    2.0796530914E-13
   5330000    3.0756316778E-01    2.9634075664E+07    9.1143501856E+06    2.0796530914E-13
   5340000    3.0704341080E-01    2.9632986062E+07    9.0986131127E+06    2.0796530914E-13
   5350000    3.0652429939E-01    2.9631898188E+07    9.0828968317E+06    2.0796530914E-13
   5360000    3.0600583216E-01    2.9630812169E+07    9.0672013354E+06    2.0796530914E-13
   5370000    3.0548800775E-01    2.9629728129E+07    9.0515266165E+06    2.0796530914E-13
   5380000    3.0497082482E-01    2.9628646193E+07    9.0358726677E+06    2.0796530914E-13
   5390000    3.0445428205E-01    2.9627566482E+07    9.0202394820E+06    2.0796530914E-13
   5400000    3.0393837824E-01    2.9626489105E+07    9.0046270514E+06    2.0796530914E-13
   5410000    3.0342311294E-01    2.9625414074E+07    8.9890353605E+06    2.0796530914E-13
   5420000    3.0290848611E-01    2.9624341348E+07    8.9734643897E+06    2.0796530914E-13
   5430000    3.0239449768E-01    2.9623270886E+07    8.9579141191E+06    2.0796530914E-13
   5440000    3.0188114756E-01    2.9622202647E+07    8.9423845285E+06    2.0796530914E-13
   5450000    3.0136843567E-01    2.9621136593E+07    8.9268755975E+06    2.0796530914E-13
   5460000    3.0085636187E-01    2.9620072682E+07    8.9113873055E+06    2.0796530914E-13
   5470000    3.0034492606E-01    2.9619010877E+07    8.8959196316E+06    2.0796530914E-13
   5480000    2.9983412807E-01    2.9617951138E+07    8.8804725547E+06    2.0796530914E-13
   5490000    2.9932396776E-01    2.9616893428E+07    8.8650460535E+06    2.0796530914E-13
   5500000    2.9881444494E-01    2.9615837709E+07    8.8496401065E+06    2.0796530914E-13
   5510000    2.9830555943E-01    2.9614783945E+07    8.8342546921E+06    2.0796530914E-13
   5520000    2.9779731103E-01    2.9613732098E+07    8.8188897882E+06    2.0796530914E-13
   5530000    2.9728969952E-01    2.9612682132E+07    8.8035453729E+06    2.0796530914E-13
   5540000    2.9678272467E-01    2.9611634011E+07    8.7882214237E+06    2.0796530914E-13
   5550000    2.9627638624E-01    2.9610587701E+07    8.7729179184E+06    2.0796530914E-13
   5560000    2.9577068397E-01    2.9609543166E+07    8.7576348343E+06    2.0796530914E-13
   5570000    2.9526561760E-01    2.9608500372E+07    8.7423721486E+06    2.0796530914E-13
   5580000    2.9476118685E-01    2.9607459285E+07    8.7271298383E+06    2.0796530914E-13
   5590000    2.9425739142E-01    2.9606419871E+07    8.7119078804E+06    2.0796530914E-13
   5600000    2.9375423101E-01    2.9605382097E+07    8.6967062517E+06    2.0796530914E-13
   5610000    2.9325170531E-01    2.9604345930E+07    8.6815249286E+06    2.0796530914E-13
   5620000    2.9274981398E-01    2.9603311339E+07    8.6663638877E+06    2.0796530914E-13
   5630000    2.9224855669E-01    2.9602278291E+07    8.6512231054E+06    2.0796530914E-13
   5640000    2.9174793309E-01    2.9601246755E+07    8.6361025578E+06    2.0796530914E-13
   5650000    2.9124794283E-01    2.9600216700E+07    8.6210022210E+06    2.0796530914E-13
   5660000    2.9074858552E-01    2.9599188095E+07    8.6059220710E+06    2.0796530914E-13
   5670000    2.9024986079E-01    2.9598160910E+07    8.5908620837E+06    2.0796530914E-13
   5680000    2.8975176825E-01    2.9597135115E+07    8.5758222347E+06    2.0796530914E-13
   5690000    2.8925430750E-01    2.9596110681E+07    8.5608024998E+06    2.0796530914E-13
   5700000    2.8875747814E-01    2.9595087579E+07    8.5458028544E+06    2.0796530914E-13
   5710000    2.8826127973E-01    2.9594065780E+07    8.5308232740E+06    2.0796530914E-13
   5720000    2.8776571185E-01    2.9593045256E+07    8.5158637340E+06    2.0796530914E-13
   5730000    2.8727077407E-01    2.9592025980E+07    8.5009242096E+06    2.0796530914E-13
   5740000    2.8677646593E-01    2.9591007925E+07    8.4860046760E+06    2.0796530914E-13
   5750000    2.8628278699E-01    2.9589991062E+07    8.4711051084E+06    2.0796530914E-13
   5760000    2.8578973679E-01    2.9588975366E+07    8.4562254817E+06    2.0796530914E-13
   5770000    2.8529731484E-01    2.9587960811E+07    8.4413657710E+06    2.0796530914E-13
   5780000    2.8480552068E-01    2.9586947370E+07    8.4265259511E+06    2.0796530914E-13
   5790000    2.8431435381E-01    2.9585935019E+07    8.4117059970E+06    2.0796530914E-13
   5800000    2.8382381375E-01    2.9584923733E+07    8.3969058834E+06    2.0796530914E-13
   5810000    2.8333389999E-01    2.9583913486E+07    8.3821255851E+06    2.0796530914E-13
   5820000    2.8284461203E-01    2.9582904255E+07    8.3673650767E+06    2.0796530914E-13
   5830000    2.8235594934E-01    2.9581896016E+07    8.3526243331E+06    2.0796530914E-13
   5840000    2.8186791142E-01    2.9580888746E+07    8.3379033287E+06    2.0796530914E-13
   5850000    2.8138049772E-01    2.9579882421E+07    8.3232020382E+06    2.0796530914E-13
   5860000    2.8089370773E-01    2.9578877018E+07    8.3085204361E+06    2.0796530914E-13
   5870000    2.8040754089E-01    2.9577872516E+07    8.2938584971E+06    2.0796530914E-13
   5880000    2.7992199667E-01    2.9576868893E+07    8.2792161956E+06    2.0796530914E-13
   5890000    2.7943707450E-01    2.9575866126E+07    8.2645935062E+06    2.0796530914E-13
   5900000    2.7895277384E-01    2.9574864196E+07    8.2499904033E+06    2.0796530914E-13
   5910000    2.7846909412E-01    2.9573863080E+07    8.2354068615E+06    2.0796530914E-13
   5920000    2.7798603478E-01    2.9572862758E+07    8.2208428552E+06    2.0796530914E-13
   5930000    2.7750359524E-01    2.9571863211E+07    8.2062983589E+06    2.0796530914E-13
   5940000    2.7702177492E-01    2.9570864418E+07    8.1917733471E+06    2.0796530914E-13
   5950000    2.7654057326E-01    2.9569866360E+07    8.1772677942E+06    2.0796530914E-13
   5960000    2.7605998964E-01    2.9568869018E+07    8.1627816749E+06    2.0796530914E-13
   5970000    2.7558002350E-01    2.9567872373E+07    8.1483149636E+06    2.0796530914E-13
   5980000    2.7510067424E-01    2.9566876408E+07    8.1338676348E+06    2.2876184501E-13
   5990000    2.7457410659E-01    2.9565781618E+07    8.1179980733E+06    2.2876184501E-13
   6000000    2.7404827904E-01    2.9564687594E+07    8.1021517557E+06    2.2876184501E-13
   6010000    2.7352319559E-01    2.9563594324E+07    8.0863287925E+06    2.2876184501E-13
   6020000    2.7299885541E-01    2.9562501783E+07    8.0705291500E+06    2.2876184501E-13
   6030000    2.7247525770E-01    2.9561409951E+07    8.0547527945E+06    2.2876184501E-13
   6040000    2.7195240163E-01    2.9560318806E+07    8.0389996924E+06    2.2876184501E-13
   6050000    2.7143028638E-01    2.9559228327E+07    8.0232698100E+06    2.2876184501E-13
   6060000    2.7090891115E-01    2.9558138492E+07    8.0075631146E+06    2.2876184501E-13
   6070000    2.7038827560E-01    2.9557049274E+07    7.9918795851E+06    2.2876184501E-13
   6080000    2.6986837974E-01    2.9555960641E+07    7.9762192097E+06    2.2876184501E-13
   6090000    2.6934922357E-01    2.9554872561E+07    7.9605819771E+06    2.2876184501E-13
   6100000    2.6883080714E-01    2.9553785002E+07    7.9449678760E+06    2.2876184501E-13
   6110000    2.6831313046E-01    2.9552697932E+07    7.9293768957E+06    2.2876184501E-13
   6120000    2.6779619355E-01    2.9551611322E+07    7.9138090253E+06    2.2876184501E-13
   6130000    2.6727999634E-01    2.9550525139E+07    7.8982642508E+06    2.2876184501E-13
   6140000    2.6676453834E-01    2.9549439348E+07    7.8827425458E+06    2.2876184501E-13
   6150000    2.6624981901E-01    2.9548353914E+07    7.8672438818E+06    2.2876184501E-13
   6160000    2.6573583782E-01    2.9547268802E+07    7.8517682304E+06    2.2876184501E-13
   6170000    2.6522259422E-01    2.9546183978E+07    7.8363155638E+06    2.2876184501E-13
   6180000    2.6471008768E-01    2.9545099408E+07    7.8208858546E+06    2.2876184501E-13
   6190000    2.6419831766E-01    2.9544015058E+07    7.8054790755E+06    2.2876184501E-13
   6200000    2.6368728366E-01    2.9542930897E+07    7.7900951996E+06    2.2876184501E-13
   6210000    2.6317698505E-01    2.9541846894E+07    7.7747341983E+06    2.2876184501E-13
   6220000    2.6266742037E-01    2.9540763031E+07    7.7593960211E+06    2.2876184501E-13
   6230000    2.6215858763E-01    2.9539679302E+07    7.7440806049E+06    2.2876184501E-13
   6240000    2.6165048485E-01    2.9538595700E+07    7.7287878867E+06    2.2876184501E-13
   6250000    2.6114311004E-01    2.9537512218E+07    7.7135178035E+06    2.2876184501E-13
   6260000    2.6063646122E-01    2.9536428850E+07    7.6982702928E+06    2.2876184501E-13
   6270000    2.6013053642E-01    2.9535345593E+07    7.6830452923E+06    2.2876184501E-13
   6280000    2.5962533364E-01    2.9534262440E+07    7.6678427399E+06    2.2876184501E-13
   6290000    2.5912085093E-01    2.9533179389E+07    7.6526625738E+06    2.2876184501E-13
   6300000    2.5861708631E-01    2.9532096434E+07    7.6375047324E+06    2.2876184501E-13
   6310000    2.5811403782E-01    2.9531013574E+07    7.6223691544E+06    2.2876184501E-13
   6320000    2.5761170349E-01    2.9529930806E+07    7.6072557789E+06    2.2876184501E-13
   6330000    2.5711008138E-01    2.9528848127E+07    7.5921645451E+06    2.2876184501E-13
   6340000    2.5660916986E-01    2.9527765526E+07    7.5770953995E+06    2.2876184501E-13
   6350000    2.5610896831E-01    2.9526682958E+07    7.5620483100E+06    2.2876184501E-13
   6360000    2.5560947632E-01    2.9525600372E+07    7.5470232491E+06    2.2876184501E-13
   6370000    2.5511069346E-01    2.9524517717E+07    7.5320201889E+06    2.2876184501E-13
   6380000    2.5461261927E-01    2.9523434946E+07    7.5170391013E+06    2.2876184501E-13
   6390000    2.5411525329E-01    2.9522352009E+07    7.5020799585E+06    2.2876184501E-13
   6400000    2.5361859506E-01    2.9521268858E+07    7.4871427321E+06    2.2876184501E-13
   6410000    2.5312264410E-01    2.9520185446E+07    7.4722273942E+06    2.2876184501E-13
   6420000    2.5262739989E-01    2.9519101726E+07    7.4573339163E+06    2.2876184501E-13
   6430000    2.5213286196E-01    2.9518017654E+07    7.4424622702E+06    2.2876184501E-13
   6440000    2.5163902976E-01    2.9516933182E+07    7.4276124276E+06    2.2876184501E-13
   6450000    2.5114590280E-01    2.9515848268E+07    7.4127843600E+06    2.2876184501E-13
   6460000    2.5065348052E-01    2.9514762866E+07    7.3979780391E+06    2.2876184501E-13
   6470000    2.5016176238E-01    2.9513676934E+07    7.3831934363E+06    2.2876184501E-13
   6480000    2.4967074785E-01    2.9512590429E+07    7.3684305232E+06    2.2876184501E-13
   6490000    2.4918043634E-01    2.9511503308E+07    7.3536892714E+06    2.2876184501E-13
   6500000    2.4869082730E-01    2.9510415530E+07    7.3389696523E+06    2.2876184501E-13
   6510000    2.4820192015E-01    2.9509327055E+07    7.3242716374E+06    2.2876184501E-13
   6520000    2.4771371431E-01    2.9508237841E+07    7.3095951982E+06    2.2876184501E-13
   6530000    2.4722620918E-01    2.9507147849E+07    7.2949403063E+06    2.2876184501E-13
   6540000    2.4673940416E-01    2.9506057040E+07    7.2803069332E+06    2.2876184501E-13
   6550000    2.4625329866E-01    2.9504965375E+07    7.2656950504E+06    2.2876184501E-13
   6560000    2.4576789206E-01    2.9503872815E+07    7.2511046295E+06    2.2876184501E-13
   6570000    2.4528318374E-01    2.9502779324E+07    7.2365356419E+06    2.2876184501E-13
   6580000    2.4479917308E-01    2.9501684865E+07    7.2219880594E+06    2.2876184501E-13
   6590000    2.4431585945E-01    2.9500589401E+07    7.2074618536E+06    2.2876184501E-13
   6600000    2.4383324220E-01    2.9499492895E+07    7.1929569960E+06    2.2876184501E-13
   6610000    2.4335132071E-01    2.9498395314E+07    7.1784734584E+06    2.2876184501E-13
   6620000    2.4287009431E-01    2.9497296622E+07    7.1640112125E+06    2.2876184501E-13
   6630000    2.4238956237E-01    2.9496196784E+07    7.1495702300E+06    2.2876184501E-13
   6640000    2.4190972421E-01    2.9495095767E+07    7.1351504827E+06    2.2876184501E-13
   6650000    2.4143057918E-01    2.9493993539E+07    7.1207519424E+06    2.2876184501E-13
   6660000    2.4095212661E-01    2.9492890065E+07    7.1063745809E+06    2.5163803497E-13
   6670000    2.4042663251E-01    2.9491674779E+07    7.0905840542E+06    2.5163803497E-13
   6680000    2.3990196979E-01    2.9490457894E+07    7.0748189389E+06    2.5163803497E-13
   6690000    2.3937814231E-01    2.9489239381E+07    7.0590793413E+06    2.5163803497E-13
   6700000    2.3885514916E-01    2.9488019199E+07    7.0433652242E+06    2.5163803497E-13
   6710000    2.3833298940E-01    2.9486797308E+07    7.0276765504E+06    2.5163803497E-13
   6720000    2.3781166212E-01    2.9485573669E+07    7.0120132827E+06    2.5163803497E-13
   6730000    2.3729116636E-01    2.9484348243E+07    6.9963753841E+06    2.5163803497E-13
   6740000    2.3677150120E-01    2.9483120994E+07    6.9807628176E+06    2.5163803497E-13
   6750000    2.3625266567E-01    2.9481891883E+07    6.9651755463E+06    2.5163803497E-13
   6760000    2.3573465882E-01    2.9480660875E+07    6.9496135332E+06    2.5163803497E-13
   6770000    2.3521747970E-01    2.9479427934E+07    6.9340767416E+06    2.5163803497E-13
   6780000    2.3470112732E-01    2.9478193027E+07    6.9185651347E+06    2.5163803497E-13
   6790000    2.3418560073E-01    2.9476956117E+07    6.9030786759E+06    2.5163803497E-13
   6800000    2.3367089893E-01    2.9475717173E+07    6.8876173284E+06    2.5163803497E-13
   6810000    2.3315702101E-01    2.9474476162E+07    6.8721810578E+06    2.5163803497E-13
   6820000    2.3264396659E-01    2.9473233076E+07    6.8567698511E+06    2.5163803497E-13
   6830000    2.3213173528E-01    2.9471987947E+07    6.8413837045E+06    2.5163803497E-13
   6840000    2.3162032660E-01    2.9470740818E+07    6.8260226132E+06    2.5163803497E-13
   6850000    2.3110974003E-01    2.9469491729E+07    6.8106865721E+06    2.5163803497E-13
   6860000    2.3059997507E-01    2.9468240722E+07    6.7953755757E+06    2.5163803497E-13
   6870000    2.3009103120E-01    2.9466987840E+07    6.7800896184E+06    2.5163803497E-13
   6880000    2.2958290791E-01    2.9465733123E+07    6.7648286940E+06    2.5163803497E-13
   6890000    2.2907560466E-01    2.9464476615E+07    6.7495927965E+06    2.5163803497E-13
   6900000    2.2856912093E-01    2.9463218355E+07    6.7343819191E+06    2.5163803497E-13
   6910000    2.2806345618E-01    2.9461958386E+07    6.7191960552E+06    2.5163803497E-13
   6920000    2.2755860986E-01    2.9460696749E+07    6.7040351977E+06    2.5163803497E-13
   6930000    2.2705458144E-01    2.9459433485E+07    6.6888993392E+06    2.5163803497E-13
   6940000    2.2655137035E-01    2.9458168634E+07    6.6737884722E+06    2.5163803497E-13
   6950000    2.2604897605E-01    2.9456902239E+07    6.6587025888E+06    2.5163803497E-13
   6960000    2.2554739797E-01    2.9455634340E+07    6.6436416810E+06    2.5163803497E-13
   6970000    2.2504663555E-01    2.9454364977E+07    6.6286057403E+06    2.5163803497E-13
   6980000    2.2454668822E-01    2.9453094190E+07    6.6135947584E+06    2.5163803497E-13
   6990000    2.2404755541E-01    2.9451822021E+07    6.5986087261E+06    2.5163803497E-13
   7000000    2.2354923653E-01    2.9450548508E+07    6.5836476346E+06    2.5163803497E-13
   7010000    2.2305173102E-01    2.9449273693E+07    6.5687114744E+06    2.5163803497E-13
   7020000    2.2255503827E-01    2.9447997614E+07    6.5538002358E+06    2.5163803497E-13
   7030000    2.2205915770E-01    2.9446720311E+07    6.5389139092E+06    2.5163803497E-13
   7040000    2.2156408871E-01    2.9445441823E+07    6.5240524843E+06    2.5163803497E-13
   7050000    2.2106983071E-01    2.9444162191E+07    6.5092159508E+06    2.5163803497E-13
   7060000    2.2057638308E-01    2.9442881452E+07    6.4944042981E+06    2.5163803497E-13
   7070000    2.2008374522E-01    2.9441599646E+07    6.4796175153E+06    2.5163803497E-13
   7080000    2.1959191651E-01    2.9440316811E+07    6.4648555911E+06    2.5163803497E-13
   7090000    2.1910089633E-01    2.9439032985E+07    6.4501185141E+06    2.5163803497E-13
   7100000    2.1861068404E-01    2.9437748208E+07    6.4354062723E+06    2.5163803497E-13
   7110000    2.1812127901E-01    2.9436462518E+07    6.4207188538E+06    2.5163803497E-13
   7120000    2.1763268040E-01    2.9435175962E+07    6.4060562426E+06    2.5163803497E-13
   7130000    2.1714488626E-01    2.9433888651E+07    6.3914184031E+06    2.5163803497E-13
   7140000    2.1665789430E-01    2.9432600710E+07    6.3768052935E+06    2.5163803497E-13
   7150000    2.1617170226E-01    2.9431312265E+07    6.3622168722E+06    2.5163803497E-13
   7160000    2.1568630791E-01    2.9430023443E+07    6.3476530980E+06    2.5163803497E-13
   7170000    2.1520170903E-01    2.9428734364E+07    6.3331139299E+06    2.5163803497E-13
   7180000    2.1471790357E-01    2.9427445151E+07    6.3185993302E+06    2.5163803497E-13
   7190000    2.1423489002E-01    2.9426155912E+07    6.3041092755E+06    2.7680184446E-13
   7200000    2.1370449307E-01    2.9424737856E+07    6.2881986872E+06    2.7680184446E-13
   7210000    2.1317504630E-01    2.9423320020E+07    6.2723176078E+06    2.7680184446E-13
   7220000    2.1264655292E-01    2.9421902553E+07    6.2564661584E+06    2.7680184446E-13
   7230000    2.1211901132E-01    2.9420485588E+07    6.2406443155E+06    2.7680184446E-13
   7240000    2.1159241992E-01    2.9419069257E+07    6.2248520559E+06    2.7680184446E-13
   7250000    2.1106677718E-01    2.9417653691E+07    6.2090893566E+06    2.7680184446E-13
   7260000    2.1054208157E-01    2.9416239018E+07    6.1933561947E+06    2.7680184446E-13
   7270000    2.1001833161E-01    2.9414825364E+07    6.1776525475E+06    2.7680184446E-13
   7280000    2.0949552583E-01    2.9413412854E+07    6.1619783922E+06    2.7680184446E-13
   7290000    2.0897366278E-01    2.9412001612E+07    6.1463337066E+06    2.7680184446E-13
   7300000    2.0845274105E-01    2.9410591759E+07    6.1307184682E+06    2.7680184446E-13
   7310000    2.0793275925E-01    2.9409183415E+07    6.1151326548E+06    2.7680184446E-13
   7320000    2.0741371601E-01    2.9407776696E+07    6.0995762441E+06    2.7680184446E-13
   7330000    2.0689560997E-01    2.9406371721E+07    6.0840492142E+06    2.7680184446E-13
   7340000    2.0637843980E-01    2.9404968603E+07    6.0685515428E+06    2.7680184446E-13
   7350000    2.0586220421E-01    2.9403567455E+07    6.0530832080E+06    2.7680184446E-13
   7360000    2.0534690190E-01    2.9402168389E+07    6.0376441878E+06    2.7680184446E-13
   7370000    2.0483253160E-01    2.9400771513E+07    6.0222344602E+06    2.7680184446E-13
   7380000    2.0431909207E-01    2.9399376937E+07    6.0068540033E+06    2.7680184446E-13
   7390000    2.0380658208E-01    2.9397984767E+07    5.9915027953E+06    2.7680184446E-13
   7400000    2.0329500040E-01    2.9396595106E+07    5.9761808140E+06    2.7680184446E-13
   7410000    2.0278434585E-01    2.9395208060E+07    5.9608880377E+06    2.7680184446E-13
   7420000    2.0227461725E-01    2.9393823729E+07    5.9456244443E+06    2.7680184446E-13
   7430000    2.0176581343E-01    2.9392442213E+07    5.9303900118E+06    2.7680184446E-13
   7440000    2.0125793325E-01    2.9391063611E+07    5.9151847184E+06    2.7680184446E-13
   7450000    2.0075097558E-01    2.9389688019E+07    5.9000085419E+06    2.7680184446E-13
   7460000    2.0024493930E-01    2.9388315535E+07    5.8848614604E+06    2.7680184446E-13
   7470000    1.9973982331E-01    2.9386946251E+07    5.8697434516E+06    2.7680184446E-13
   7480000    1.9923562652E-01    2.9385580259E+07    5.8546544935E+06    2.7680184446E-13
   7490000    1.9873234786E-01    2.9384217652E+07    5.8395945639E+06    2.7680184446E-13
   7500000    1.9822998627E-01    2.9382858518E+07    5.8245636406E+06    2.7680184446E-13
   7510000    1.9772854086E-01    2.9381502932E+07    5.8095617029E+06    2.7680184446E-13
   7520000    1.9722801157E-01    2.9380150886E+07    5.7945887387E+06    2.7680184446E-13
   7530000    1.9672839861E-01    2.9378802345E+07    5.7796447385E+06    2.7680184446E-13
   7540000    1.9622970220E-01    2.9377457275E+07    5.7647296922E+06    2.7680184446E-13
   7550000    1.9573192248E-01    2.9376115642E+07    5.7498435896E+06    2.7680184446E-13
   7560000    1.9523505962E-01    2.9374777413E+07    5.7349864197E+06    2.7680184446E-13
   7570000    1.9473911375E-01    2.9373442556E+07    5.7201581711E+06    2.7680184446E-13
   7580000    1.9424408497E-01    2.9372111038E+07    5.7053588323E+06    2.7680184446E-13
   7590000    1.9374997338E-01    2.9370782826E+07    5.6905883909E+06    2.7680184446E-13
   7600000    1.9325677905E-01    2.9369457891E+07    5.6758468345E+06    2.7680184446E-13
   7610000    1.9276450203E-01    2.9368136201E+07    5.6611341502E+06    3.0448203551E-13
   7620000    1.9222406172E-01    2.9366686066E+07    5.6449836749E+06    3.0448203551E-13
   7630000    1.9168472650E-01    2.9365239767E+07    5.6288679534E+06    3.0448203551E-13
   7640000    1.9114650128E-01    2.9363797279E+07    5.6127871140E+06    3.0448203551E-13
   7650000    1.9060938602E-01    2.9362358562E+07    5.5967411376E+06    3.0448203551E-13
   7660000    1.9007338071E-01    2.9360923579E+07    5.5807300054E+06    3.0448203551E-13
   7670000    1.8953848532E-01    2.9359492294E+07    5.5647536991E+06    3.0448203551E-13
   7680000    1.8900469980E-01    2.9358064672E+07    5.5488121999E+06    3.0448203551E-13
   7690000    1.8847202407E-01    2.9356640678E+07    5.5329054883E+06    3.0448203551E-13
   7700000    1.8794045804E-01    2.9355220277E+07    5.5170335446E+06    3.0448203551E-13
   7710000    1.8741000158E-01    2.9353803436E+07    5.5011963483E+06    3.0448203551E-13
   7720000    1.8688065456E-01    2.9352390121E+07    5.4853938787E+06    3.0448203551E-13
   7730000    1.8635241680E-01    2.9350980300E+07    5.4696261145E+06    3.0448203551E-13
   7740000    1.8582528813E-01    2.9349573941E+07    5.4538930340E+06    3.0448203551E-13
   7750000    1.8529926833E-01    2.9348171011E+07    5.4381946150E+06    3.0448203551E-13
   7760000    1.8477435717E-01    2.9346771479E+07    5.4225308352E+06    3.0448203551E-13
   7770000    1.8425055442E-01    2.9345375315E+07    5.4069016714E+06    3.0448203551E-13
   7780000    1.8372785979E-01    2.9343982488E+07    5.3913071003E+06    3.0448203551E-13
   7790000    1.8320627301E-01    2.9342592968E+07    5.3757470981E+06    3.0448203551E-13
   7800000    1.8268579377E-01    2.9341206726E+07    5.3602216408E+06    3.0448203551E-13
   7810000    1.8216642173E-01    2.9339823733E+07    5.3447307037E+06    3.0448203551E-13
   7820000    1.8164815656E-01    2.9338443961E+07    5.3292742621E+06    3.0448203551E-13
   7830000    1.8113099791E-01    2.9337067382E+07    5.3138522905E+06    3.0448203551E-13
   7840000    1.8061494537E-01    2.9335693968E+07    5.2984647635E+06    3.0448203551E-13
   7850000    1.8009999857E-01    2.9334323692E+07    5.2831116551E+06    3.0448203551E-13
   7860000    1.7958615709E-01    2.9332956528E+07    5.2677929390E+06    3.0448203551E-13
   7870000    1.7907342050E-01    2.9331592449E+07    5.2525085885E+06    3.0448203551E-13
   7880000    1.7856178835E-01    2.9330231429E+07    5.2372585767E+06    3.0448203551E-13
   7890000    1.7805126018E-01    2.9328873444E+07    5.2220428763E+06    3.0448203551E-13
   7900000    1.7754183551E-01    2.9327518468E+07    5.2068614598E+06    3.0448203551E-13
   7910000    1.7703351385E-01    2.9326166477E+07    5.1917142992E+06    3.0448203551E-13
   7920000    1.7652629473E-01    2.9324817446E+07    5.1766013674E+06    3.0448203551E-13
   7930000    1.7602017839E-01    2.9323471342E+07    5.1615226568E+06    3.0448203551E-13
   7940000    1.7551516566E-01    2.9322128124E+07    5.1464781752E+06    3.0448203551E-13
   7950000    1.7501125728E-01    2.9320787752E+07    5.1314679290E+06    3.0448203551E-13
   7960000    1.7450845391E-01    2.9319450189E+07    5.1164919221E+06    3.0448203551E-13
   7970000    1.7400675614E-01    2.9318115396E+07    5.1015501562E+06    3.3493024632E-13
   7980000    1.7345617112E-01    2.9316650294E+07    5.0851539101E+06    3.3493024632E-13
   7990000    1.7290692004E-01    2.9315188442E+07    5.0687989438E+06    3.3493024632E-13
   8000000    1.7235900838E-01    2.9313729807E+07    5.0524854015E+06    3.3493024632E-13
   8010000    1.7181243655E-01    2.9312274345E+07    5.0362132762E+06    3.3493024632E-13
   8020000    1.7126720487E-01    2.9310822015E+07    5.0199825589E+06    3.3493024632E-13
   8030000    1.7072331358E-01    2.9309372774E+07    5.0037932387E+06    3.3493024632E-13
   8040000    1.7018076285E-01    2.9307926582E+07    4.9876453034E+06    3.3493024632E-13
   8050000    1.6963955282E-01    2.9306483400E+07    4.9715387387E+06    3.3493024632E-13
   8060000    1.6909968354E-01    2.9305043189E+07    4.9554735293E+06    3.3493024632E-13
   8070000    1.6856115500E-01    2.9303605913E+07    4.9394496584E+06    3.3493024632E-13
   8080000    1.6802396717E-01    2.9302171534E+07    4.9234671079E+06    3.3493024632E-13
   8090000    1.6748811995E-01    2.9300740017E+07    4.9075258587E+06    3.3493024632E-13
   8100000    1.6695361320E-01    2.9299311327E+07    4.8916258904E+06    3.3493024632E-13
   8110000    1.6642044673E-01    2.9297885431E+07    4.8757671815E+06    3.3493024632E-13
   8120000    1.6588861982E-01    2.9296462300E+07    4.8599496966E+06    3.3493024632E-13
   8130000    1.6535813038E-01    2.9295041927E+07    4.8441733625E+06    3.3493024632E-13
   8140000    1.6482897617E-01    2.9293624303E+07    4.8284381022E+06    3.3493024632E-13
   8150000    1.6430115501E-01    2.9292209423E+07    4.8127438411E+06    3.3493024632E-13
   8160000    1.6377466483E-01    2.9290797276E+07    4.7970905066E+06    3.3493024632E-13
   8170000    1.6324950360E-01    2.9289387855E+07    4.7814780281E+06    3.3493024632E-13
   8180000    1.6272566937E-01    2.9287981150E+07    4.7659063369E+06    3.3493024632E-13
   8190000    1.6220316020E-01    2.9286577151E+07    4.7503753654E+06    3.3493024632E-13
   8200000    1.6168197424E-01    2.9285175850E+07    4.7348850472E+06    3.3493024632E-13
   8210000    1.6116210964E-01    2.9283777235E+07    4.7194353174E+06    3.3493024632E-13
   8220000    1.6064356460E-01    2.9282381297E+07    4.7040261115E+06    3.3493024632E-13
   8230000    1.6012633734E-01    2.9280988025E+07    4.6886573662E+06    3.3493024632E-13
   8240000    1.5961042611E-01    2.9279597410E+07    4.6733290188E+06    3.3493024632E-13
   8250000    1.5909582915E-01    2.9278209441E+07    4.6580410070E+06    3.3493024632E-13
   8260000    1.5858254476E-01    2.9276824107E+07    4.6427932693E+06    3.3493024632E-13
   8270000    1.5807057121E-01    2.9275441400E+07    4.6275857445E+06    3.3493024632E-13
   8280000    1.5755990681E-01    2.9274061308E+07    4.6124183716E+06    3.3493024632E-13
   8290000    1.5705054986E-01    2.9272683823E+07    4.5972910903E+06    3.6842327894E-13
   8300000    1.5649177037E-01    2.9271171601E+07    4.5806974645E+06    3.6842327894E-13
   8310000    1.5593456353E-01    2.9269662494E+07    4.5641520455E+06    3.6842327894E-13
   8320000    1.5537893219E-01    2.9268156503E+07    4.5476549048E+06    3.6842327894E-13
   8330000    1.5482487414E-01    2.9266653617E+07    4.5312059627E+06    3.6842327894E-13
   8340000    1.5427238713E-01    2.9265153824E+07    4.5148051400E+06    3.6842327894E-13
   8350000    1.5372146893E-01    2.9263657112E+07    4.4984523575E+06    3.6842327894E-13
   8360000    1.5317211732E-01    2.9262163469E+07    4.4821475359E+06    3.6842327894E-13
   8370000    1.5262433000E-01    2.9260672885E+07    4.4658905943E+06    3.6842327894E-13
   8380000    1.5207810424E-01    2.9259185345E+07    4.4496814387E+06    3.6842327894E-13
   8390000    1.5153343715E-01    2.9257700832E+07    4.4335199701E+06    3.6842327894E-13
   8400000    1.5099032584E-01    2.9256219331E+07    4.4174060898E+06    3.6842327894E-13
   8410000    1.5044876745E-01    2.9254740828E+07    4.4013396997E+06    3.6842327894E-13
   8420000    1.4990875910E-01    2.9253265308E+07    4.3853207019E+06    3.6842327894E-13
   8430000    1.4937029798E-01    2.9251792756E+07    4.3693490003E+06    3.6842327894E-13
   8440000    1.4883338227E-01    2.9250323130E+07    4.3534245240E+06    3.6842327894E-13
   8450000    1.4829801114E-01    2.9248856364E+07    4.3375472270E+06    3.6842327894E-13
   8460000    1.4776418374E-01    2.9247392392E+07    4.3217170634E+06    3.6842327894E-13
   8470000    1.4723189920E-01    2.9245931148E+07    4.3059339868E+06    3.6842327894E-13
   8480000    1.4670115660E-01    2.9244472569E+07    4.2901979500E+06    3.6842327894E-13
   8490000    1.4617195499E-01    2.9243016591E+07    4.2745089048E+06    3.6842327894E-13
   8500000    1.4564429338E-01    2.9241563154E+07    4.2588668028E+06    3.6842327894E-13
   8510000    1.4511817074E-01    2.9240112197E+07    4.2432715943E+06    3.6842327894E-13
   8520000    1.4459358602E-01    2.9238663661E+07    4.2277232291E+06    3.6842327894E-13
   8530000    1.4407053811E-01    2.9237217488E+07    4.2122216564E+06    3.6842327894E-13
   8540000    1.4354902589E-01    2.9235773622E+07    4.1967668245E+06    3.6842327894E-13
   8550000    1.4302904818E-01    2.9234332006E+07    4.1813586810E+06    3.6842327894E-13
   8560000    1.4251060378E-01    2.9232892587E+07    4.1659971728E+06    3.6842327894E-13
   8570000    1.4199369145E-01    2.9231455311E+07    4.1506822459E+06    3.6842327894E-13
   8580000    1.4147830990E-01    2.9230020126E+07    4.1354138458E+06    3.6842327894E-13
   8590000    1.4096445784E-01    2.9228586981E+07    4.1201919172E+06    4.0526561561E-13
   8600000    1.4040099061E-01    2.9227012831E+07    4.1035015540E+06    4.0526561561E-13
   8610000    1.3983936544E-01    2.9225441011E+07    4.0868671256E+06    4.0526561561E-13
   8620000    1.3927958558E-01    2.9223871469E+07    4.0702887073E+06    4.0526561561E-13
   8630000    1.3872164909E-01    2.9222304145E+07    4.0537662212E+06    4.0526561561E-13
   8640000    1.3816555396E-01    2.9220738979E+07    4.0372995882E+06    4.0526561561E-13
   8650000    1.3761129816E-01    2.9219175911E+07    4.0208887283E+06    4.0526561561E-13
   8660000    1.3705887959E-01    2.9217614884E+07    4.0045335603E+06    4.0526561561E-13
   8670000    1.3650829610E-01    2.9216055843E+07    3.9882340018E+06    4.0526561561E-13
   8680000    1.3595954550E-01    2.9214498733E+07    3.9719899696E+06    4.0526561561E-13
   8690000    1.3541262553E-01    2.9212943501E+07    3.9558013790E+06    4.0526561561E-13
   8700000    1.3486753392E-01    2.9211390097E+07    3.9396681447E+06    4.0526561561E-13
   8710000    1.3432426830E-01    2.9209838471E+07    3.9235901798E+06    4.0526561561E-13
   8720000    1.3378282630E-01    2.9208288574E+07    3.9075673966E+06    4.0526561561E-13
   8730000    1.3324320546E-01    2.9206740359E+07    3.8915997065E+06    4.0526561561E-13
   8740000    1.3270540331E-01    2.9205193780E+07    3.8756870194E+06    4.0526561561E-13
   8750000    1.3216941731E-01    2.9203648794E+07    3.8598292445E+06    4.0526561561E-13
   8760000    1.3163524489E-01    2.9202105357E+07    3.8440262899E+06    4.0526561561E-13
   8770000    1.3110288340E-01    2.9200563429E+07    3.8282780624E+06    4.0526561561E-13
   8780000    1.3057233019E-01    2.9199022968E+07    3.8125844682E+06    4.0526561561E-13
   8790000    1.3004358254E-01    2.9197483936E+07    3.7969454123E+06    4.0526561561E-13
   8800000    1.2951663769E-01    2.9195946295E+07    3.7813607985E+06    4.0526561561E-13
   8810000    1.2899149285E-01    2.9194410010E+07    3.7658305299E+06    4.0526561561E-13
   8820000    1.2846814515E-01    2.9192875044E+07    3.7503545086E+06    4.0526561561E-13
   8830000    1.2794659164E-01    2.9191341369E+07    3.7349326337E+06    4.0526561561E-13
   8840000    1.2742682880E-01    2.9189808988E+07    3.7195647927E+06    4.0526561561E-13
   8850000    1.2690885291E-01    2.9188277913E+07    3.7042508683E+06    4.4579218684E-13
   8860000    1.2634114399E-01    2.9186595273E+07    3.6874678361E+06    4.4579218684E-13
   8870000    1.2577558258E-01    2.9184914235E+07    3.6707495904E+06    4.4579218684E-13
   8880000    1.2521216880E-01    2.9183234834E+07    3.6540961262E+06    4.4579218684E-13
   8890000    1.2465089761E-01    2.9181557091E+07    3.6375072851E+06    4.4579218684E-13
   8900000    1.2409176394E-01    2.9179881024E+07    3.6209829079E+06    4.4579218684E-13
   8910000    1.2353476291E-01    2.9178206659E+07    3.6045228417E+06    4.4579218684E-13
   8920000    1.2297989052E-01    2.9176534033E+07    3.5881269612E+06    4.4579218684E-13
   8930000    1.2242714297E-01    2.9174863190E+07    3.5717951470E+06    4.4579218684E-13
   8940000    1.2187651640E-01    2.9173194173E+07    3.5555272780E+06    4.4579218684E-13
   8950000    1.2132800687E-01    2.9171527024E+07    3.5393232313E+06    4.4579218684E-13
   8960000    1.2078161042E-01    2.9169861786E+07    3.5231828822E+06    4.4579218684E-13
   8970000    1.2023732299E-01    2.9168198501E+07    3.5071061043E+06    4.4579218684E-13
   8980000    1.1969514052E-01    2.9166537209E+07    3.4910927698E+06    4.4579218684E-13
   8990000    1.1915505887E-01    2.9164877952E+07    3.4751427493E+06    4.4579218684E-13
   9000000    1.1861707384E-01    2.9163220771E+07    3.4592559117E+06    4.4579218684E-13
   9010000    1.1808118121E-01    2.9161565706E+07    3.4434321246E+06    4.4579218684E-13
   9020000    1.1754737670E-01    2.9159912796E+07    3.4276712540E+06    4.4579218684E-13
   9030000    1.1701565598E-01    2.9158262082E+07    3.4119731646E+06    4.4579218684E-13
   9040000    1.1648601467E-01    2.9156613601E+07    3.3963377197E+06    4.4579218684E-13
   9050000    1.1595844837E-01    2.9154967393E+07    3.3807647812E+06    4.4579218684E-13
   9060000    1.1543295262E-01    2.9153323494E+07    3.3652542096E+06    4.4579218684E-13
   9070000    1.1490952291E-01    2.9151681944E+07    3.3498058643E+06    4.4579218684E-13
   9080000    1.1438815471E-01    2.9150042779E+07    3.3344196033E+06    4.9037141615E-13
   9090000    1.1381703042E-01    2.9148242511E+07    3.3175664047E+06    4.9037141615E-13
   9100000    1.1324838366E-01    2.9146445206E+07    3.3007878089E+06    4.9037141615E-13
   9110000    1.1268221341E-01    2.9144650926E+07    3.2840837755E+06    4.9037141615E-13
   9120000    1.1211851343E-01    2.9142859719E+07    3.2674541088E+06    4.9037141615E-13
   9130000    1.1155727734E-01    2.9141071633E+07    3.2508986101E+06    4.9037141615E-13
   9140000    1.1099849734E-01    2.9139286772E+07    3.2344170453E+06    4.9037141615E-13
   9150000    1.1044216427E-01    2.9137505293E+07    3.2180091460E+06    4.9037141615E-13
   9160000    1.0988826895E-01    2.9135727352E+07    3.2016746433E+06    4.9037141615E-13
   9170000    1.0933680224E-01    2.9133953101E+07    3.1854132687E+06    4.9037141615E-13
   9180000    1.0878775437E-01    2.9132182698E+07    3.1692247356E+06    4.9037141615E-13
   9190000    1.0824111436E-01    2.9130416315E+07    3.1531087237E+06    4.9037141615E-13
   9200000    1.0769687122E-01    2.9128654121E+07    3.1370649117E+06    4.9037141615E-13
   9210000    1.0715501409E-01    2.9126896282E+07    3.1210929814E+06    4.9037141615E-13
   9220000    1.0661553223E-01    2.9125142958E+07    3.1051926178E+06    4.9037141615E-13
   9230000    1.0607841506E-01    2.9123394304E+07    3.0893635090E+06    4.9037141615E-13
   9240000    1.0554365210E-01    2.9121650472E+07    3.0736053460E+06    4.9037141615E-13
   9250000    1.0501123299E-01    2.9119911608E+07    3.0579178226E+06    4.9037141615E-13
   9260000    1.0448114751E-01    2.9118177856E+07    3.0423006357E+06    4.9037141615E-13
   9270000    1.0395338552E-01    2.9116449355E+07    3.0267534848E+06    4.9037141615E-13
   9280000    1.0342793703E-01    2.9114726238E+07    3.0112760721E+06    5.3940856946E-13
   9290000    1.0285260916E-01    2.9112837202E+07    2.9943312664E+06    5.3940856946E-13
   9300000    1.0228005038E-01    2.9110954990E+07    2.9774699431E+06    5.3940856946E-13
   9310000    1.0171025306E-01    2.9109079782E+07    2.9606918710E+06    5.3940856946E-13
   9320000    1.0114320446E-01    2.9107211735E+07    2.9439966679E+06    5.3940856946E-13
   9330000    1.0057889200E-01    2.9105351002E+07    2.9273839551E+06    5.3940856946E-13
   9340000    1.0001730324E-01    2.9103497727E+07    2.9108533575E+06    5.3940856946E-13
   9350000    9.9458425857E-02    2.9101652052E+07    2.8944045030E+06    5.3940856946E-13
   9360000    9.8902247671E-02    2.9099814114E+07    2.8780370227E+06    5.3940856946E-13
   9370000    9.8348756630E-02    2.9097984043E+07    2.8617505511E+06    5.3940856946E-13
   9380000    9.7797940804E-02    2.9096161965E+07    2.8455447255E+06    5.3940856946E-13
   9390000    9.7249788385E-02    2.9094348003E+07    2.8294191865E+06    5.3940856946E-13
   9400000    9.6704287685E-02    2.9092542271E+07    2.8133735773E+06    5.3940856946E-13
   9410000    9.6161427129E-02    2.9090744884E+07    2.7974075443E+06    5.3940856946E-13
   9420000    9.5621195257E-02    2.9088955947E+07    2.7815207364E+06    5.3940856946E-13
   9430000    9.5083580717E-02    2.9087175565E+07    2.7657128056E+06    5.3940856946E-13
   9440000    9.4548572266E-02    2.9085403835E+07    2.7499834064E+06    5.3940856946E-13
   9450000    9.4016158764E-02    2.9083640854E+07    2.7343321960E+06    5.9334943926E-13
   9460000    9.3433493162E-02    2.9081711803E+07    2.7172059209E+06    5.9334943926E-13
   9470000    9.2853934234E-02    2.9079793544E+07    2.7001732373E+06    5.9334943926E-13
   9480000    9.2277472880E-02    2.9077886204E+07    2.6832338556E+06    5.9334943926E-13
   9490000    9.1704094828E-02    2.9075989884E+07    2.6663873336E+06    5.9334943926E-13
   9500000    9.1133785941E-02    2.9074104684E+07    2.6496332327E+06    5.9334943926E-13
   9510000    9.0566532461E-02    2.9072230680E+07    2.6329711236E+06    5.9334943926E-13
   9520000    9.0002322575E-02    2.9070367841E+07    2.6164006238E+06    5.9334943926E-13
   9530000    8.9441145957E-02    2.9068516087E+07    2.5999213901E+06    5.9334943926E-13
   9540000    8.8882992412E-02    2.9066675332E+07    2.5835330830E+06    5.9334943926E-13
   9550000    8.8327851700E-02    2.9064845496E+07    2.5672353627E+06    5.9334943926E-13
   9560000    8.7775713535E-02    2.9063026497E+07    2.5510278882E+06    5.9334943926E-13
   9570000    8.7226567584E-02    2.9061218255E+07    2.5349103182E+06    5.9334943926E-13
   9580000    8.6680403465E-02    2.9059420691E+07    2.5188823100E+06    5.9334943926E-13
   9590000    8.6137210753E-02    2.9057633728E+07    2.5029435204E+06    5.9334943926E-13
   9600000    8.5596978977E-02    2.9055857290E+07    2.4870936056E+06    5.9334943926E-13
   9610000    8.5059697623E-02    2.9054091300E+07    2.4713322207E+06    6.5268439734E-13
   9620000    8.4472088562E-02    2.9052160708E+07    2.4540966922E+06    6.5268439734E-13
   9630000    8.3888017271E-02    2.9050242554E+07    2.4369672491E+06    6.5268439734E-13
   9640000    8.3307474943E-02    2.9048336760E+07    2.4199435868E+06    6.5268439734E-13
   9650000    8.2730447356E-02    2.9046443231E+07    2.4030252426E+06    6.5268439734E-13
   9660000    8.2156920238E-02    2.9044561874E+07    2.3862117532E+06    6.5268439734E-13
   9670000    8.1586879261E-02    2.9042692597E+07    2.3695026543E+06    6.5268439734E-13
   9680000    8.1020310051E-02    2.9040835310E+07    2.3528974810E+06    6.5268439734E-13
   9690000    8.0457198186E-02    2.9038989925E+07    2.3363957675E+06    6.5268439734E-13
   9700000    7.9897529197E-02    2.9037156353E+07    2.3199970475E+06    6.5268439734E-13
   9710000    7.9341288572E-02    2.9035334509E+07    2.3037008540E+06    6.5268439734E-13
   9720000    7.8788461756E-02    2.9033524307E+07    2.2875067195E+06    6.5268439734E-13
   9730000    7.8239034155E-02    2.9031725665E+07    2.2714141759E+06    6.5268439734E-13
   9740000    7.7692991135E-02    2.9029938499E+07    2.2554227545E+06    6.5268439734E-13
   9750000    7.7150318026E-02    2.9028162729E+07    2.2395319863E+06    7.1795285263E-13
   9760000    7.6557257640E-02    2.9026222466E+07    2.2221679917E+06    7.1795285263E-13
   9770000    7.5968232024E-02    2.9024295773E+07    2.2049244356E+06    7.1795285263E-13
   9780000    7.5383226923E-02    2.9022382565E+07    2.1878008507E+06    7.1795285263E-13
   9790000    7.4802222630E-02    2.9020482739E+07    2.1707966107E+06    7.1795285263E-13
   9800000    7.4225199399E-02    2.9018596197E+07    2.1539110890E+06    7.1795285263E-13
   9810000    7.3652137446E-02    2.9016722841E+07    2.1371436589E+06    7.1795285263E-13
   9820000    7.3083016955E-02    2.9014862573E+07    2.1204936934E+06    7.1795285263E-13
   9830000    7.2517818077E-02    2.9013015298E+07    2.1039605653E+06    7.1795285263E-13
   9840000    7.1956520938E-02    2.9011180924E+07    2.0875436476E+06    7.1795285263E-13
   9850000    7.1399105637E-02    2.9009359357E+07    2.0712423132E+06    7.1795285263E-13
   9860000    7.0845552254E-02    2.9007550507E+07    2.0550559352E+06    7.1795285263E-13
   9870000    7.0295840847E-02    2.9005754285E+07    2.0389838869E+06    7.8974815501E-13
   9880000    6.9695577365E-02    2.9003792937E+07    2.0214360945E+06    7.8974815501E-13
   9890000    6.9099906470E-02    2.9001846629E+07    2.0040248895E+06    7.8974815501E-13
   9900000    6.8508807049E-02    2.8999915263E+07    1.9867495992E+06    7.8974815501E-13
   9910000    6.7922252498E-02    2.8997998728E+07    1.9696093915E+06    7.8974815501E-13
   9920000    6.7340216207E-02    2.8996096913E+07    1.9526034353E+06    7.8974815501E-13
   9930000    6.6762671567E-02    2.8994209710E+07    1.9357309002E+06    7.8974815501E-13
   9940000    6.6189591972E-02    2.8992337011E+07    1.9189909571E+06    7.8974815501E-13
   9950000    6.5620950821E-02    2.8990478711E+07    1.9023827778E+06    7.8974815501E-13
   9960000    6.5056721528E-02    2.8988634705E+07    1.8859055355E+06    7.8974815501E-13
   9970000    6.4496877519E-02    2.8986804891E+07    1.8695584047E+06    7.8974815501E-13
   9980000    6.3941392241E-02    2.8984989166E+07    1.8533405614E+06    7.8974815501E-13
   9990000    6.3390239163E-02    2.8983187432E+07    1.8372511830E+06    8.6872298934E-13
  10000000    6.2788948239E-02    2.8981221581E+07    1.8197004218E+06    8.6872298934E-13
  10010000    6.2192826485E-02    2.8979272390E+07    1.8023028594E+06    8.6872298934E-13
  10020000    6.1601844206E-02    2.8977339749E+07    1.7850575687E+06    8.6872298934E-13
  10030000    6.1015966269E-02    2.8975423531E+07    1.7679634648E+06    8.6872298934E-13
  10040000    6.0435157607E-02    2.8973523611E+07    1.7510194658E+06    8.6872298934E-13
  10050000    5.9859383211E-02    2.8971639865E+07    1.7342244929E+06    8.6872298934E-13
  10060000    5.9288608148E-02    2.8969772172E+07    1.7175774704E+06    8.6872298934E-13
  10070000    5.8722797555E-02    2.8967920410E+07    1.7010773258E+06    8.6872298934E-13
  10080000    5.8161916648E-02    2.8966084461E+07    1.6847229900E+06    8.6872298934E-13
  10090000    5.7605930729E-02    2.8964264207E+07    1.6685133975E+06    9.5559530899E-13
  10100000    5.6999964058E-02    2.8962279933E+07    1.6508489152E+06    9.5559530899E-13
  10110000    5.6399826966E-02    2.8960314336E+07    1.6333567174E+06    9.5559530899E-13
  10120000    5.5805479183E-02    2.8958367283E+07    1.6160355626E+06    9.5559530899E-13
  10130000    5.5216875052E-02    2.8956438624E+07    1.5988840534E+06    9.5559530899E-13
  10140000    5.4633969070E-02    2.8954528209E+07    1.5819007986E+06    9.5559530899E-13
  10150000    5.4056715927E-02    2.8952635892E+07    1.5650844138E+06    9.5559530899E-13
  10160000    5.3485070513E-02    2.8950761531E+07    1.5484335219E+06    9.5559530899E-13
  10170000    5.2918987877E-02    2.8948904981E+07    1.5319467517E+06    9.5559530899E-13
  10180000    5.2358423234E-02    2.8947066102E+07    1.5156227383E+06    1.0511548627E-12
  10190000    5.1748127637E-02    2.8945063595E+07    1.4978528454E+06    1.0511548627E-12
  10200000    5.1144390115E-02    2.8943082096E+07    1.4802762819E+06    1.0511548627E-12
  10210000    5.0547157369E-02    2.8941121441E+07    1.4628914199E+06    1.0511548627E-12
  10220000    4.9956370792E-02    2.8939181447E+07    1.4456964788E+06    1.0511548627E-12
  10230000    4.9371972049E-02    2.8937261934E+07    1.4286896874E+06    1.0511548627E-12
  10240000    4.8793903086E-02    2.8935362723E+07    1.4118692845E+06    1.0511548627E-12
  10250000    4.8222106133E-02    2.8933483636E+07    1.3952335187E+06    1.0511548627E-12
  10260000    4.7656523696E-02    2.8931624496E+07    1.3787806484E+06    1.1562703740E-12
  10270000    4.7041498034E-02    2.8929602291E+07    1.3608918293E+06    1.1562703740E-12
  10280000    4.6433841405E-02    2.8927603761E+07    1.3432197653E+06    1.1562703740E-12
  10290000    4.5833484174E-02    2.8925628696E+07    1.3257623451E+06    1.1562703740E-12
  10300000    4.5240351539E-02    2.8923676866E+07    1.3085173092E+06    1.1562703740E-12
  10310000    4.4654369158E-02    2.8921748046E+07    1.2914824139E+06    1.1562703740E-12
  10320000    4.4075463156E-02    2.8919842012E+07    1.2746554311E+06    1.1562703740E-12
  10330000    4.3503560131E-02    2.8917958540E+07    1.2580341482E+06    1.2718974390E-12
  10340000    4.2882473774E-02    2.8915912535E+07    1.2399858609E+06    1.2718974390E-12
  10350000    4.2269670719E-02    2.8913893251E+07    1.2221807469E+06    1.2718974390E-12
  10360000    4.1665060976E-02    2.8911900417E+07    1.2046160938E+06    1.2718974390E-12
  10370000    4.1068549571E-02    2.8909933744E+07    1.1872890471E+06    1.2718974390E-12
  10380000    4.0480041844E-02    2.8907992944E+07    1.1701967640E+06    1.2718974390E-12
  10390000    3.9899443472E-02    2.8906077726E+07    1.1533364142E+06    1.2718974390E-12
  10400000    3.9326660930E-02    2.8904187802E+07    1.1367051931E+06    1.3990872132E-12
  10410000    3.8705522336E-02    2.8902137778E+07    1.1186723393E+06    1.3990872132E-12
  10420000    3.8093600791E-02    2.8900117620E+07    1.1009095434E+06    1.3990872132E-12
  10430000    3.7490780924E-02    2.8898126973E+07    1.0834133475E+06    1.3990872132E-12
  10440000    3.6896942872E-02    2.8896165469E+07    1.0661801665E+06    1.3990872132E-12
  10450000    3.6311967964E-02    2.8894232741E+07    1.0492064536E+06    1.3990872132E-12
  10460000    3.5735738723E-02    2.8892328426E+07    1.0324886998E+06    1.5389959679E-12
  10470000    3.5111854613E-02    2.8890266088E+07    1.0143908226E+06    1.5389959679E-12
  10480000    3.4498253248E-02    2.8888237202E+07    9.9659372287E+05    1.5389959679E-12
  10490000    3.3894788962E-02    2.8886241318E+07    9.7909305339E+05    1.5389959679E-12
  10500000    3.3301312098E-02    2.8884277972E+07    9.6188435547E+05    1.5389959679E-12
  10510000    3.2717674715E-02    2.8882346704E+07    9.4496322446E+05    1.6928956013E-12
  10520000    3.2086869333E-02    2.8880258833E+07    9.2667709148E+05    1.6928956013E-12
  10530000    3.1467594783E-02    2.8878208606E+07    9.0872776647E+05    1.6928956013E-12
  10540000    3.0859667073E-02    2.8876195449E+07    8.9110977788E+05    1.6928956013E-12
  10550000    3.0262898886E-02    2.8874218774E+07    8.7381756319E+05    1.6928956013E-12
  10560000    2.9677105352E-02    2.8872278002E+07    8.5684563604E+05    1.8621852018E-12
  10570000    2.9045196130E-02    2.8870183955E+07    8.3854015530E+05    1.8621852018E-12
  10580000    2.8426100290E-02    2.8868131884E+07    8.2060841211E+05    1.8621852018E-12
  10590000    2.7819587699E-02    2.8866121063E+07    8.0304358642E+05    1.8621852018E-12
  10600000    2.7225425908E-02    2.8864150757E+07    7.8583879784E+05    2.0484037664E-12
  10610000    2.6585845590E-02    2.8862029370E+07    7.6732145625E+05    2.0484037664E-12
  10620000    2.5960626894E-02    2.8859955159E+07    7.4922252806E+05    2.0484037664E-12
  10630000    2.5349480719E-02    2.8857927205E+07    7.3153346926E+05    2.0484037664E-12
  10640000    2.4752117029E-02    2.8855944585E+07    7.1424571736E+05    2.2532441919E-12
  10650000    2.4110601259E-02    2.8853814997E+07    6.9568282820E+05    2.2532441919E-12
  10660000    2.3485038790E-02    2.8851737951E+07    6.7758418495E+05    2.2532441919E-12
  10670000    2.2875069866E-02    2.8849712297E+07    6.5993918440E+05    2.2532441919E-12
  10680000    2.2280335800E-02    2.8847736883E+07    6.4273726481E+05    2.4785686648E-12
  10690000    2.1643310549E-02    2.8845620623E+07    6.2431472512E+05    2.4785686648E-12
  10700000    2.1023829401E-02    2.8843562290E+07    6.0640213290E+05    2.4785686648E-12
  10710000    2.0421449402E-02    2.8841560453E+07    5.8898646748E+05    2.7264255904E-12
  10720000    1.9778065120E-02    2.8839422013E+07    5.7038796658E+05    2.7264255904E-12
  10730000    1.9154265208E-02    2.8837348347E+07    5.5235821814E+05    2.7264255904E-12
  10740000    1.8549498469E-02    2.8835337669E+07    5.3488105195E+05    2.9990682144E-12
  10750000    1.7905595754E-02    2.8833196586E+07    5.1627556237E+05    2.9990682144E-12
  10760000    1.7283355270E-02    2.8831127266E+07    4.9829861538E+05    2.9990682144E-12
  10770000    1.6682097652E-02    2.8829127494E+07    4.8093032009E+05    3.2989751074E-12
  10780000    1.6044160529E-02    2.8827005491E+07    4.6250510368E+05    3.2989751074E-12
  10790000    1.5429942127E-02    2.8824962122E+07    4.4476749736E+05    3.6288726968E-12
  10800000    1.4780717175E-02    2.8822801960E+07    4.2602168397E+05    3.6288726968E-12
  10810000    1.4158114636E-02    2.8820730005E+07    4.0804719931E+05    3.6288726968E-12
  10820000    1.3561104673E-02    2.8818742834E+07    3.9081398810E+05    3.9917600530E-12
  10830000    1.2932766067E-02    2.8816650941E+07    3.7267900544E+05    3.9917600530E-12
  10840000    1.2332897738E-02    2.8814653392E+07    3.5536817364E+05    4.3909361534E-12
  10850000    1.1704468674E-02    2.8812560265E+07    3.3723570904E+05    4.3909361534E-12
  10860000    1.1107426543E-02    2.8810571224E+07    3.2001130352E+05    4.8300298735E-12
  10870000    1.0485149421E-02    2.8808497638E+07    3.0206140234E+05    5.3130329760E-12
  10880000    9.8401352463E-03    2.8806347777E+07    2.8345835808E+05    5.3130329760E-12
  10890000    9.2341479910E-03    2.8804327526E+07    2.6598342315E+05    5.8443364002E-12
  10900000    8.6099261005E-03    2.8802246048E+07    2.4798521000E+05    6.4287701796E-12
  10910000    7.9712213015E-03    2.8800115893E+07    2.2957209729E+05    7.0716473508E-12
  10920000    7.3225237447E-03    2.8797952088E+07    2.1087368796E+05    7.0716473508E-12
  10930000    6.7259815577E-03    2.8795962022E+07    1.9368110950E+05    7.7788122545E-12
  10940000    6.1251567075E-03    2.8793957499E+07    1.7636750191E+05    8.5566936654E-12
  10950000    5.5254436656E-03    2.8791956560E+07    1.5908833399E+05    9.4123632360E-12
  10960000    4.9327587541E-03    2.8789978992E+07    1.4201402090E+05    1.0353599784E-11
  10970000    4.3533975987E-03    2.8788045845E+07    1.2532580965E+05    1.1388960009E-11
  10980000    3.7938499261E-03    2.8786178807E+07    1.0921044234E+05    1.2527856282E-11
  10990000    3.2605679033E-03    2.8784399437E+07    9.3853488920E+04    1.3780642209E-11
  11000000    2.7596951815E-03    2.8782728251E+07    7.9431556463E+04    1.5158706758E-11
  11010000    2.2967700931E-03    2.8781183733E+07    6.6103762044E+04    1.6674577795E-11
  11020000    1.8764230833E-03    2.8779781333E+07    5.4003046027E+04    1.8342035972E-11
  11030000    1.5020944304E-03    2.8778532518E+07    4.3228073408E+04    2.0176240007E-11
  11040000    1.1758023289E-03    2.8777444006E+07    3.3836585682E+04    2.2193864488E-11
  11050000    8.9799203017E-04    2.8776517267E+07    2.5841083162E+04    2.4413251466E-11
