 # iter    flux_conservation    flux_mean[1/s]    flux_std[1/s]    time_step[s]
     10000    6.5658031487E-01    5.5456937465E+06    3.6411933462E+06    1.1000000238E-22
     20000    6.5658031487E-01    5.5456937465E+06    3.6411933462E+06    1.2100000525E-22
     30000    6.5658031487E-01    5.5456937465E+06    3.6411933462E+06    1.3310000865E-22
     40000    6.5658031487E-01    5.5456937465E+06    3.6411933462E+06    1.4641001269E-22
     50000    6.5658031487E-01    5.5456937465E+06    3.6411933462E+06    1.6105101745E-22
     60000    6.5658031487E-01    5.5456937465E+06    3.6411933462E+06    1.7715612304E-22
     70000    6.5658031487E-01    5.5456937465E+06    3.6411933462E+06    1.9487173957E-22
     80000    6.5658031487E-01    5.5456937465E+06    3.6411933462E+06    2.1435891817E-22
     90000    6.5658031487E-01    5.5456937465E+06    3.6411933462E+06    2.3579481510E-22
    100000    6.5658031487E-01    5.5456937465E+06    3.6411933462E+06    2.5937430223E-22
    110000    6.5658031487E-01    5.5456937465E+06    3.6411933462E+06    2.8531173863E-22
    120000    6.5658031487E-01    5.5456937465E+06    3.6411933462E+06    3.1384291930E-22
    130000    6.5658031487E-01    5.5456937465E+06    3.6411933462E+06    3.4522721871E-22
    140000    6.5658031487E-01    5.5456937465E+06    3.6411933462E+06    3.7974994882E-22
    150000    6.5658031487E-01    5.5456937465E+06    3.6411933462E+06    4.1772495275E-22
    160000    6.5658031487E-01    5.5456937465E+06    3.6411933462E+06    4.5949745799E-22
    170000    6.5658031487E-01    5.5456937465E+06    3.6411933462E+06    5.0544721474E-22
    180000    6.5658031487E-01    5.5456937465E+06    3.6411933462E+06    5.5599194826E-22
    190000    6.5658031487E-01    5.5456937465E+06    3.6411933462E+06    6.1159115635E-22
    200000    6.5658031487E-01    5.5456937465E+06    3.6411933462E+06    6.7275028656E-22
    210000    6.5658031487E-01    5.5456937465E+06    3.6411933462E+06    7.4002533126E-22
    220000    6.5658031487E-01    5.5456937465E+06    3.6411933462E+06    8.1402788203E-22
    230000    6.5658031487E-01    5.5456937465E+06    3.6411933462E+06    8.9543068964E-22
    240000    6.5658031487E-01    5.5456937465E+06    3.6411933462E+06    9.8497377995E-22
    250000    6.5658031487E-01    5.5456937465E+06    3.6411933462E+06    1.0834711814E-21
    260000    6.5658031487E-01    5.5456937465E+06    3.6411933462E+06    1.1918183254E-21
    270000    6.5658031487E-01    5.5456937465E+06    3.6411933462E+06    1.3110001864E-21
    280000    6.5658031486E-01    5.5456937465E+06    3.6411933462E+06    1.4421002363E-21
    290000    6.5658031486E-01    5.5456937465E+06    3.6411933462E+06    1.5863102943E-21
    300000    6.5658031486E-01    5.5456937465E+06    3.6411933462E+06    1.7449413615E-21
    310000    6.5658031485E-01    5.5456937465E+06    3.6411933461E+06    1.9194355393E-21
    320000    6.5658031484E-01    5.5456937465E+06    3.6411933461E+06    2.1113791389E-21
    330000    6.5658031484E-01    5.5456937465E+06    3.6411933461E+06    2.3225171032E-21
    340000    6.5658031483E-01    5.5456937465E+06    3.6411933460E+06    2.5547688689E-21
    350000    6.5658031482E-01    5.5456937465E+06    3.6411933460E+06    2.8102458167E-21
    360000    6.5658031482E-01    5.5456937465E+06    3.6411933459E+06    3.0912704653E-21
    370000    6.5658031481E-01    5.5456937465E+06    3.6411933459E+06    3.4003975856E-21
    380000    6.5658031480E-01    5.5456937465E+06    3.6411933459E+06    3.7404374252E-21
    390000    6.5658031479E-01    5.5456937465E+06    3.6411933458E+06    4.1144812569E-21
    400000    6.5658031479E-01    5.5456937465E+06    3.6411933458E+06    4.5259294807E-21
    410000    6.5658031478E-01    5.5456937465E+06    3.6411933457E+06    4.9785225367E-21
    420000    6.5658031476E-01    5.5456937465E+06    3.6411933456E+06    5.4763749090E-21
    430000    6.5658031475E-01    5.5456937465E+06    3.6411933456E+06    6.0240125305E-21
    440000    6.5658031473E-01    5.5456937465E+06    3.6411933455E+06    6.6264139272E-21
    450000    6.5658031472E-01    5.5456937465E+06    3.6411933454E+06    7.2890554779E-21
    460000    6.5658031470E-01    5.5456937465E+06    3.6411933453E+06    8.0179611995E-21
    470000    6.5658031468E-01    5.5456937465E+06    3.6411933452E+06    8.8197575106E-21
    480000    6.5658031466E-01    5.5456937465E+06    3.6411933451E+06    9.7017334719E-21
    490000    6.5658031464E-01    5.5456937465E+06    3.6411933450E+06    1.0671907050E-20
    500000    6.5658031462E-01    5.5456937465E+06    3.6411933448E+06    1.1739098010E-20
    510000    6.5658031459E-01    5.5456937465E+06    3.6411933447E+06    1.2913008091E-20
    520000    6.5658031456E-01    5.5456937465E+06    3.6411933445E+06    1.4204309208E-20
    530000    6.5658031452E-01    5.5456937465E+06    3.6411933443E+06    1.5624740467E-20
    540000    6.5658031449E-01    5.5456937465E+06    3.6411933441E+06    1.7187214886E-20
    550000    6.5658031445E-01    5.5456937465E+06    3.6411933439E+06    1.8905936785E-20
    560000    6.5658031440E-01    5.5456937465E+06    3.6411933436E+06    2.0796530914E-20
    570000    6.5658031435E-01    5.5456937464E+06    3.6411933433E+06    2.2876184501E-20
    580000    6.5658031430E-01    5.5456937464E+06    3.6411933430E+06    2.5163803497E-20
    590000    6.5658031424E-01    5.5456937464E+06    3.6411933427E+06    2.7680184446E-20
    600000    6.5658031417E-01    5.5456937464E+06    3.6411933423E+06    3.0448203551E-20
    610000    6.5658031410E-01    5.5456937464E+06    3.6411933419E+06    3.3493024632E-20
    620000    6.5658031402E-01    5.5456937464E+06    3.6411933415E+06    3.6842327894E-20
    630000    6.5658031393E-01    5.5456937464E+06    3.6411933410E+06    4.0526561561E-20
    640000    6.5658031384E-01    5.5456937464E+06    3.6411933405E+06    4.4579218684E-20
    650000    6.5658031373E-01    5.5456937464E+06    3.6411933399E+06    4.9037141615E-20
    660000    6.5658031362E-01    5.5456937464E+06    3.6411933392E+06    5.3940856946E-20
    670000    6.5658031349E-01    5.5456937464E+06    3.6411933385E+06    5.9334943926E-20
    680000    6.5658031335E-01    5.5456937464E+06    3.6411933377E+06    6.5268439734E-20
    690000    6.5658031320E-01    5.5456937463E+06    3.6411933369E+06    7.1795285263E-20
    700000    6.5658031303E-01    5.5456937463E+06    3.6411933359E+06    7.8974815501E-20
    710000    6.5658031284E-01    5.5456937463E+06    3.6411933349E+06    8.6872298934E-20
    720000    6.5658031263E-01    5.5456937463E+06    3.6411933337E+06    9.5559530899E-20
    730000    6.5658031241E-01    5.5456937463E+06    3.6411933324E+06    1.0511548627E-19
    740000    6.5658031216E-01    5.5456937462E+06    3.6411933310E+06    1.1562703740E-19
    750000    6.5658031189E-01    5.5456937462E+06    3.6411933295E+06    1.2718974390E-19
    760000    6.5658031158E-01    5.5456937462E+06    3.6411933278E+06    1.3990872132E-19
    770000    6.5658031125E-01    5.5456937461E+06    3.6411933260E+06    1.5389959679E-19
    780000    6.5658031089E-01    5.5456937461E+06    3.6411933239E+06    1.6928956013E-19
    790000    6.5658031049E-01    5.5456937461E+06    3.6411933217E+06    1.8621852018E-19
    800000    6.5658031005E-01    5.5456937460E+06    3.6411933192E+06    2.0484037664E-19
    810000    6.5658030957E-01    5.5456937460E+06    3.6411933165E+06    2.2532441919E-19
    820000    6.5658030903E-01    5.5456937459E+06    3.6411933135E+06    2.4785686648E-19
    830000    6.5658030845E-01    5.5456937459E+06    3.6411933102E+06    2.7264255904E-19
    840000    6.5658030780E-01    5.5456937458E+06    3.6411933066E+06    2.9990682144E-19
    850000    6.5658030709E-01    5.5456937457E+06    3.6411933026E+06    3.2989751074E-19
    860000    6.5658030631E-01    5.5456937457E+06    3.6411932983E+06    3.6288726968E-19
    870000    6.5658030546E-01    5.5456937456E+06    3.6411932934E+06    3.9917600530E-19
    880000    6.5658030451E-01    5.5456937455E+06    3.6411932881E+06    4.3909361534E-19
    890000    6.5658030347E-01    5.5456937454E+06    3.6411932823E+06    4.8300298735E-19
    900000    6.5658030233E-01    5.5456937453E+06    3.6411932759E+06    5.3130329760E-19
    910000    6.5658030108E-01    5.5456937452E+06    3.6411932689E+06    5.8443364002E-19
    920000    6.5658029970E-01    5.5456937450E+06    3.6411932611E+06    6.4287701796E-19
    930000    6.5658029818E-01    5.5456937449E+06    3.6411932526E+06    7.0716473508E-19
    940000    6.5658029651E-01    5.5456937447E+06    3.6411932432E+06    7.7788122545E-19
    950000    6.5658029467E-01    5.5456937445E+06    3.6411932329E+06    8.5566936654E-19
    960000    6.5658029264E-01    5.5456937443E+06    3.6411932216E+06    9.4123632360E-19
    970000    6.5658029042E-01    5.5456937441E+06    3.6411932091E+06    1.0353599784E-18
    980000    6.5658028797E-01    5.5456937439E+06    3.6411931954E+06    1.1388960009E-18
    990000    6.5658028528E-01    5.5456937436E+06    3.6411931803E+06    1.2527856282E-18
   1000000    6.5658028232E-01    5.5456937433E+06    3.6411931636E+06    1.3780642209E-18
   1010000    6.5658027906E-01    5.5456937430E+06    3.6411931454E+06    1.5158706758E-18
   1020000    6.5658027548E-01    5.5456937427E+06    3.6411931253E+06    1.6674577795E-18
   1030000    6.5658027154E-01    5.5456937423E+06    3.6411931032E+06    1.8342035972E-18
   1040000    6.5658026720E-01    5.5456937419E+06    3.6411930788E+06    2.0176240007E-18
   1050000    6.5658026243E-01    5.5456937414E+06    3.6411930521E+06    2.2193864488E-18
   1060000    6.5658025718E-01    5.5456937409E+06    3.6411930226E+06    2.4413251466E-18
   1070000    6.5658025141E-01    5.5456937403E+06    3.6411929903E+06    2.6854577195E-18
   1080000    6.5658024506E-01    5.5456937397E+06    3.6411929547E+06    2.9540035555E-18
   1090000    6.5658023808E-01    5.5456937390E+06    3.6411929155E+06    3.2494039815E-18
   1100000    6.5658023040E-01    5.5456937383E+06    3.6411928724E+06    3.5743444571E-18
   1110000    6.5658022195E-01    5.5456937375E+06    3.6411928250E+06    3.9317789880E-18
   1120000    6.5658021265E-01    5.5456937366E+06    3.6411927729E+06    4.3249569806E-18
   1130000    6.5658020243E-01    5.5456937356E+06    3.6411927155E+06    4.7574527817E-18
   1140000    6.5658019118E-01    5.5456937345E+06    3.6411926524E+06    5.2331981733E-18
   1150000    6.5658017881E-01    5.5456937333E+06    3.6411925830E+06    5.7565181154E-18
   1160000    6.5658016521E-01    5.5456937319E+06    3.6411925067E+06    6.3321700642E-18
   1170000    6.5658015024E-01    5.5456937305E+06    3.6411924227E+06    6.9653872216E-18
   1180000    6.5658013377E-01    5.5456937289E+06    3.6411923304E+06    7.6619261098E-18
   1190000    6.5658011566E-01    5.5456937271E+06    3.6411922288E+06    8.4281189035E-18
   1200000    6.5658009574E-01    5.5456937252E+06    3.6411921170E+06    9.2709309948E-18
   1210000    6.5658007382E-01    5.5456937230E+06    3.6411919941E+06    1.0198024315E-17
   1220000    6.5658004971E-01    5.5456937207E+06    3.6411918588E+06    1.1217826990E-17
   1230000    6.5658002319E-01    5.5456937181E+06    3.6411917101E+06    1.2339609956E-17
   1240000    6.5657999402E-01    5.5456937153E+06    3.6411915464E+06    1.3573571246E-17
   1250000    6.5657996194E-01    5.5456937122E+06    3.6411913665E+06    1.4930928695E-17
   1260000    6.5657992664E-01    5.5456937087E+06    3.6411911685E+06    1.6424021920E-17
   1270000    6.5657988782E-01    5.5456937050E+06    3.6411909507E+06    1.8066424504E-17
   1280000    6.5657984511E-01    5.5456937008E+06    3.6411907111E+06    1.9873067385E-17
   1290000    6.5657979814E-01    5.5456936962E+06    3.6411904476E+06    2.1860374597E-17
   1300000    6.5657974646E-01    5.5456936912E+06    3.6411901577E+06    2.4046412578E-17
   1310000    6.5657968962E-01    5.5456936857E+06    3.6411898389E+06    2.6451054409E-17
   1320000    6.5657962709E-01    5.5456936796E+06    3.6411894881E+06    2.9096160480E-17
   1330000    6.5657955831E-01    5.5456936729E+06    3.6411891023E+06    3.2005777222E-17
   1340000    6.5657948266E-01    5.5456936655E+06    3.6411886779E+06    3.5206355707E-17
   1350000    6.5657939943E-01    5.5456936574E+06    3.6411882111E+06    3.8726992118E-17
   1360000    6.5657930789E-01    5.5456936485E+06    3.6411876975E+06    4.2599692253E-17
   1370000    6.5657920719E-01    5.5456936387E+06    3.6411871327E+06    4.6859662494E-17
   1380000    6.5657909643E-01    5.5456936280E+06    3.6411865113E+06    5.1545629860E-17
   1390000    6.5657897458E-01    5.5456936161E+06    3.6411858278E+06    5.6700194075E-17
   1400000    6.5657884056E-01    5.5456936031E+06    3.6411850760E+06    6.2370214834E-17
   1410000    6.5657869313E-01    5.5456935887E+06    3.6411842490E+06    6.8607237805E-17
   1420000    6.5657853096E-01    5.5456935730E+06    3.6411833393E+06    7.5467963221E-17
   1430000    6.5657835258E-01    5.5456935556E+06    3.6411823386E+06    8.3014761343E-17
   1440000    6.5657815635E-01    5.5456935365E+06    3.6411812379E+06    9.1316239456E-17
   1450000    6.5657794051E-01    5.5456935155E+06    3.6411800271E+06    1.0044786558E-16
   1460000    6.5657770309E-01    5.5456934925E+06    3.6411786953E+06    1.1049265453E-16
   1470000    6.5657744193E-01    5.5456934671E+06    3.6411772303E+06    1.2154192262E-16
   1480000    6.5657715465E-01    5.5456934391E+06    3.6411756188E+06    1.3369611778E-16
   1490000    6.5657683866E-01    5.5456934084E+06    3.6411738462E+06    1.4706573274E-16
   1500000    6.5657649106E-01    5.5456933746E+06    3.6411718964E+06    1.6177230952E-16
   1510000    6.5657610872E-01    5.5456933374E+06    3.6411697516E+06    1.7794954433E-16
   1520000    6.5657568815E-01    5.5456932965E+06    3.6411673924E+06    1.9574450301E-16
   1530000    6.5657522553E-01    5.5456932516E+06    3.6411647974E+06    2.1531895798E-16
   1540000    6.5657471666E-01    5.5456932021E+06    3.6411619429E+06    2.3685085891E-16
   1550000    6.5657415692E-01    5.5456931477E+06    3.6411588030E+06    2.6053595045E-16
   1560000    6.5657354123E-01    5.5456930878E+06    3.6411553493E+06    2.8658955170E-16
   1570000    6.5657286398E-01    5.5456930220E+06    3.6411515502E+06    3.1524851371E-16
   1580000    6.5657211904E-01    5.5456929496E+06    3.6411473715E+06    3.4677337259E-16
   1590000    6.5657129963E-01    5.5456928700E+06    3.6411427750E+06    3.8145071812E-16
   1600000    6.5657039832E-01    5.5456927825E+06    3.6411377192E+06    4.1959579903E-16
   1610000    6.5656940692E-01    5.5456926862E+06    3.6411321579E+06    4.6155538893E-16
   1620000    6.5656831644E-01    5.5456925803E+06    3.6411260409E+06    5.0771093883E-16
   1630000    6.5656711697E-01    5.5456924638E+06    3.6411193126E+06    5.5848204482E-16
   1640000    6.5656579764E-01    5.5456923357E+06    3.6411119119E+06    6.1433026262E-16
   1650000    6.5656434646E-01    5.5456921949E+06    3.6411037716E+06    6.7576330353E-16
   1660000    6.5656275029E-01    5.5456920400E+06    3.6410948180E+06    7.4333964999E-16
   1670000    6.5656099463E-01    5.5456918697E+06    3.6410849699E+06    8.1767363271E-16
   1680000    6.5655906357E-01    5.5456916824E+06    3.6410741379E+06    8.9944101548E-16
   1690000    6.5655693961E-01    5.5456914765E+06    3.6410622238E+06    9.8938513847E-16
   1700000    6.5655460349E-01    5.5456912501E+06    3.6410491198E+06    1.0883236759E-15
   1710000    6.5655203405E-01    5.5456910012E+06    3.6410347071E+06    1.1971560694E-15
   1720000    6.5654920801E-01    5.5456907276E+06    3.6410188551E+06    1.3168717049E-15
   1730000    6.5654609979E-01    5.5456904267E+06    3.6410014203E+06    1.4485589068E-15
   1740000    6.5654268125E-01    5.5456900961E+06    3.6409822450E+06    1.5934148320E-15
   1750000    6.5653892145E-01    5.5456897326E+06    3.6409611557E+06    1.7527563532E-15
   1760000    6.5653478640E-01    5.5456893330E+06    3.6409379617E+06    1.9280320303E-15
   1770000    6.5653023871E-01    5.5456888940E+06    3.6409124534E+06    2.1208352793E-15
   1780000    6.5652523729E-01    5.5456884115E+06    3.6408844003E+06    2.3329188578E-15
   1790000    6.5651973697E-01    5.5456878813E+06    3.6408535491E+06    2.5662107993E-15
   1800000    6.5651368811E-01    5.5456872987E+06    3.6408196216E+06    2.8228319404E-15
   1810000    6.5650703613E-01    5.5456866588E+06    3.6407823116E+06    3.1051152017E-15
   1820000    6.5649972106E-01    5.5456859559E+06    3.6407412831E+06    3.4156267959E-15
   1830000    6.5649167701E-01    5.5456851838E+06    3.6406961665E+06    3.7571895569E-15
   1840000    6.5648283155E-01    5.5456843361E+06    3.6406465558E+06    4.1329086022E-15
   1850000    6.5647310510E-01    5.5456834053E+06    3.6405920050E+06    4.5461995610E-15
   1860000    6.5646241023E-01    5.5456823835E+06    3.6405320239E+06    5.0008196254E-15
   1870000    6.5645065088E-01    5.5456812622E+06    3.6404660741E+06    5.5009017072E-15
   1880000    6.5643772151E-01    5.5456800317E+06    3.6403935643E+06    6.0509920091E-15
   1890000    6.5642350620E-01    5.5456786820E+06    3.6403138447E+06    6.6560913543E-15
   1900000    6.5640787761E-01    5.5456772016E+06    3.6402262019E+06    7.3217006484E-15
   1910000    6.5639069588E-01    5.5456755786E+06    3.6401298522E+06    8.0538708878E-15
   1920000    6.5637180738E-01    5.5456737998E+06    3.6400239351E+06    8.8592581686E-15
   1930000    6.5635104344E-01    5.5456718507E+06    3.6399075058E+06    9.7451841967E-15
   1940000    6.5632821881E-01    5.5456697159E+06    3.6397795268E+06    1.0719702849E-14
   1950000    6.5630313009E-01    5.5456673788E+06    3.6396388591E+06    1.1791673389E-14
   1960000    6.5627555396E-01    5.5456648211E+06    3.6394842526E+06    1.2970841009E-14
   1970000    6.5624524527E-01    5.5456620236E+06    3.6393143349E+06    1.4267925419E-14
   1980000    6.5621193490E-01    5.5456589652E+06    3.6391275999E+06    1.5694718301E-14
   1990000    6.5617532749E-01    5.5456556235E+06    3.6389223949E+06    1.7264190506E-14
   2000000    6.5613509885E-01    5.5456519746E+06    3.6386969065E+06    1.8990609968E-14
   2010000    6.5609089330E-01    5.5456479927E+06    3.6384491455E+06    2.0889671418E-14
   2020000    6.5604232057E-01    5.5456436506E+06    3.6381769296E+06    2.2978639057E-14
   2030000    6.5598895256E-01    5.5456389194E+06    3.6378778660E+06    2.5276503511E-14
   2040000    6.5593031974E-01    5.5456337683E+06    3.6375493308E+06    2.7804154465E-14
   2050000    6.5586590729E-01    5.5456281649E+06    3.6371884479E+06    3.0584570574E-14
   2060000    6.5579515078E-01    5.5456220754E+06    3.6367920651E+06    3.3643028361E-14
   2070000    6.5571743164E-01    5.5456154639E+06    3.6363567289E+06    3.7007331999E-14
   2080000    6.5563207214E-01    5.5456082933E+06    3.6358786566E+06    4.0708066081E-14
   2090000    6.5553832996E-01    5.5456005249E+06    3.6353537067E+06    4.4778873660E-14
   2100000    6.5543539236E-01    5.5455921186E+06    3.6347773461E+06    4.9256762093E-14
   2110000    6.5532236987E-01    5.5455830330E+06    3.6341446155E+06    5.4182439477E-14
   2120000    6.5519828950E-01    5.5455732253E+06    3.6334500915E+06    5.9600684716E-14
   2130000    6.5506208744E-01    5.5455626520E+06    3.6326878469E+06    6.5560754609E-14
   2140000    6.5491260126E-01    5.5455512683E+06    3.6318514065E+06    7.2116831633E-14
   2150000    6.5474856156E-01    5.5455390284E+06    3.6309337019E+06    7.9328516516E-14
   2160000    6.5456858308E-01    5.5455258856E+06    3.6299270214E+06    8.7261370059E-14
   2170000    6.5437115529E-01    5.5455117924E+06    3.6288229582E+06    9.5987509145E-14
   2180000    6.5415463231E-01    5.5454966999E+06    3.6276123547E+06    1.0558626235E-13
   2190000    6.5391722244E-01    5.5454805580E+06    3.6262852436E+06    1.1614489110E-13
   2200000    6.5365697694E-01    5.5454633153E+06    3.6248307864E+06    1.2775938298E-13
   2210000    6.5337177841E-01    5.5454449180E+06    3.6232372082E+06    1.4053532432E-13
   2220000    6.5305932854E-01    5.5454253103E+06    3.6214917296E+06    1.5458886011E-13
   2230000    6.5271713531E-01    5.5454044334E+06    3.6195804959E+06    1.7004774980E-13
   2240000    6.5234249978E-01    5.5453822250E+06    3.6174885029E+06    1.8705252884E-13
   2250000    6.5193250231E-01    5.5453586185E+06    3.6151995204E+06    2.0575778618E-13
   2260000    6.5148398851E-01    5.5453335428E+06    3.6126960140E+06    2.2633356970E-13
   2270000    6.5099355475E-01    5.5453069208E+06    3.6099590646E+06    2.4896693207E-13
   2280000    6.5045753365E-01    5.5452786697E+06    3.6069682869E+06    2.7386363121E-13
   2290000    6.4987197947E-01    5.5452486995E+06    3.6037017490E+06    3.0125000086E-13
   2300000    6.4923265377E-01    5.5452169127E+06    3.6001358920E+06    3.3137500813E-13
   2310000    6.4853501163E-01    5.5451832039E+06    3.5962454536E+06    3.6451251685E-13
   2320000    6.4777418873E-01    5.5451474585E+06    3.5920033963E+06    4.0096377722E-13
   2330000    6.4694498977E-01    5.5451095526E+06    3.5873808428E+06    4.4106016450E-13
   2340000    6.4604187845E-01    5.5450693518E+06    3.5823470202E+06    4.8516619147E-13
   2350000    6.4505896989E-01    5.5450267104E+06    3.5768692178E+06    5.3368282218E-13
   2360000    6.4399002579E-01    5.5449814706E+06    3.5709127603E+06    5.3368282218E-13
   2370000    6.4293343862E-01    5.5449377559E+06    3.5650258984E+06    5.3368282218E-13
   2380000    6.4188877406E-01    5.5448953832E+06    3.5592060998E+06    5.3368282218E-13
   2390000    6.4085562551E-01    5.5448542017E+06    3.5534510078E+06    5.3368282218E-13
   2400000    6.3983361871E-01    5.5448140861E+06    3.5477584618E+06    5.3368282218E-13
   2410000    6.3882240727E-01    5.5447749308E+06    3.5421264691E+06    5.3368282218E-13
   2420000    6.3782166893E-01    5.5447366459E+06    3.5365531813E+06    5.3368282218E-13
   2430000    6.3683110256E-01    5.5446991540E+06    3.5310368756E+06    5.3368282218E-13
   2440000    6.3585042555E-01    5.5446623879E+06    3.5255759389E+06    5.3368282218E-13
   2450000    6.3487937167E-01    5.5446262889E+06    3.5201688545E+06    5.3368282218E-13
   2460000    6.3391768936E-01    5.5445908052E+06    3.5148141917E+06    5.3368282218E-13
   2470000    6.3296514033E-01    5.5445558918E+06    3.5095105981E+06    5.3368282218E-13
   2480000    6.3202149821E-01    5.5445215090E+06    3.5042567910E+06    5.3368282218E-13
   2490000    6.3108654733E-01    5.5444876218E+06    3.4990515499E+06    5.3368282218E-13
   2500000    6.3016008174E-01    5.5444541984E+06    3.4938937109E+06    5.3368282218E-13
   2510000    6.2924190443E-01    5.5444212102E+06    3.4887821612E+06    5.3368282218E-13
   2520000    6.2833182658E-01    5.5443886311E+06    3.4837158359E+06    5.3368282218E-13
   2530000    6.2742966695E-01    5.5443564376E+06    3.4786937131E+06    5.3368282218E-13
   2540000    6.2653525135E-01    5.5443246081E+06    3.4737148119E+06    5.3368282218E-13
   2550000    6.2564841229E-01    5.5442931236E+06    3.4687781901E+06    5.3368282218E-13
   2560000    6.2476898844E-01    5.5442619669E+06    3.4638829407E+06    5.3368282218E-13
   2570000    6.2389682420E-01    5.5442311222E+06    3.4590281898E+06    5.3368282218E-13
   2580000    6.2303176939E-01    5.5442005752E+06    3.4542130942E+06    5.3368282218E-13
   2590000    6.2217367889E-01    5.5441703125E+06    3.4494368397E+06    5.3368282218E-13
   2600000    6.2132241241E-01    5.5441403218E+06    3.4446986395E+06    5.3368282218E-13
   2610000    6.2047783420E-01    5.5441105917E+06    3.4399977325E+06    5.3368282218E-13
   2620000    6.1963981282E-01    5.5440811118E+06    3.4353333823E+06    5.3368282218E-13
   2630000    6.1880822093E-01    5.5440518721E+06    3.4307048757E+06    5.3368282218E-13
   2640000    6.1798293509E-01    5.5440228638E+06    3.4261115215E+06    5.8705111713E-13
   2650000    6.1708226949E-01    5.5439912118E+06    3.4210986790E+06    5.8705111713E-13
   2660000    6.1618892683E-01    5.5439598187E+06    3.4161266511E+06    5.8705111713E-13
   2670000    6.1530276599E-01    5.5439286746E+06    3.4111946479E+06    5.8705111713E-13
   2680000    6.1442364231E-01    5.5438977698E+06    3.4063018603E+06    5.8705111713E-13
   2690000    6.1355141563E-01    5.5438670952E+06    3.4014475043E+06    5.8705111713E-13
   2700000    6.1268594998E-01    5.5438366423E+06    3.3966308197E+06    5.8705111713E-13
   2710000    6.1182711315E-01    5.5438064025E+06    3.3918510671E+06    5.8705111713E-13
   2720000    6.1097477681E-01    5.5437763675E+06    3.3871075288E+06    5.8705111713E-13
   2730000    6.1012881639E-01    5.5437465295E+06    3.3823995084E+06    5.8705111713E-13
   2740000    6.0928911100E-01    5.5437168814E+06    3.3777263303E+06    5.8705111713E-13
   2750000    6.0845554336E-01    5.5436874174E+06    3.3730873397E+06    5.8705111713E-13
   2760000    6.0762799954E-01    5.5436581318E+06    3.3684819007E+06    5.8705111713E-13
   2770000    6.0680636891E-01    5.5436290181E+06    3.3639093951E+06    5.8705111713E-13
   2780000    6.0599054391E-01    5.5436000691E+06    3.3593692211E+06    5.8705111713E-13
   2790000    6.0518041979E-01    5.5435712785E+06    3.3548607935E+06    5.8705111713E-13
   2800000    6.0437589465E-01    5.5435426403E+06    3.3503835427E+06    5.8705111713E-13
   2810000    6.0357686928E-01    5.5435141484E+06    3.3459369145E+06    5.8705111713E-13
   2820000    6.0278324707E-01    5.5434857972E+06    3.3415203689E+06    5.8705111713E-13
   2830000    6.0199493393E-01    5.5434575813E+06    3.3371333804E+06    5.8705111713E-13
   2840000    6.0121183812E-01    5.5434294955E+06    3.3327754365E+06    5.8705111713E-13
   2850000    6.0043387016E-01    5.5434015353E+06    3.3284460377E+06    5.8705111713E-13
   2860000    5.9966094283E-01    5.5433736961E+06    3.3241446971E+06    5.8705111713E-13
   2870000    5.9889297110E-01    5.5433459737E+06    3.3198709400E+06    5.8705111713E-13
   2880000    5.9812987200E-01    5.5433183637E+06    3.3156243034E+06    5.8705111713E-13
   2890000    5.9737156463E-01    5.5432908622E+06    3.3114043356E+06    5.8705111713E-13
   2900000    5.9661797004E-01    5.5432634653E+06    3.3072105961E+06    5.8705111713E-13
   2910000    5.9586901138E-01    5.5432361701E+06    3.3030426565E+06    5.8705111713E-13
   2920000    5.9512461378E-01    5.5432089745E+06    3.2989001000E+06    5.8705111713E-13
   2930000    5.9438470418E-01    5.5431818763E+06    3.2947825197E+06    5.8705111713E-13
   2940000    5.9364921123E-01    5.5431548735E+06    3.2906895184E+06    5.8705111713E-13
   2950000    5.9291806527E-01    5.5431279643E+06    3.2866207081E+06    5.8705111713E-13
   2960000    5.9219119822E-01    5.5431011470E+06    3.2825757101E+06    5.8705111713E-13
   2970000    5.9146854357E-01    5.5430744198E+06    3.2785541540E+06    5.8705111713E-13
   2980000    5.9075003634E-01    5.5430477813E+06    3.2745556782E+06    5.8705111713E-13
   2990000    5.9003561299E-01    5.5430212300E+06    3.2705799293E+06    5.8705111713E-13
   3000000    5.8932521141E-01    5.5429947646E+06    3.2666265614E+06    5.8705111713E-13
   3010000    5.8861877079E-01    5.5429683837E+06    3.2626952366E+06    6.4575624284E-13
   3020000    5.8784619700E-01    5.5429394613E+06    3.2583958826E+06    6.4575624284E-13
   3030000    5.8707825920E-01    5.5429106373E+06    3.2541223279E+06    6.4575624284E-13
   3040000    5.8631488843E-01    5.5428819100E+06    3.2498741886E+06    6.4575624284E-13
   3050000    5.8555601061E-01    5.5428532780E+06    3.2456510529E+06    6.4575624284E-13
   3060000    5.8480155337E-01    5.5428247403E+06    3.2414525182E+06    6.4575624284E-13
   3070000    5.8405144605E-01    5.5427962959E+06    3.2372781917E+06    6.4575624284E-13
   3080000    5.8330561957E-01    5.5427679437E+06    3.2331276895E+06    6.4575624284E-13
   3090000    5.8256400648E-01    5.5427396827E+06    3.2290006364E+06    6.4575624284E-13
   3100000    5.8182654077E-01    5.5427115123E+06    3.2248966657E+06    6.4575624284E-13
   3110000    5.8109315787E-01    5.5426834322E+06    3.2208154187E+06    6.4575624284E-13
   3120000    5.8036379465E-01    5.5426554422E+06    3.2167565449E+06    6.4575624284E-13
   3130000    5.7963838932E-01    5.5426275422E+06    3.2127197011E+06    6.4575624284E-13
   3140000    5.7891688145E-01    5.5425997320E+06    3.2087045520E+06    6.4575624284E-13
   3150000    5.7819921190E-01    5.5425720118E+06    3.2047107692E+06    6.4575624284E-13
   3160000    5.7748532289E-01    5.5425443806E+06    3.2007380313E+06    6.4575624284E-13
   3170000    5.7677515824E-01    5.5425168327E+06    3.1967860232E+06    6.4575624284E-13
   3180000    5.7606866296E-01    5.5424893620E+06    3.1928544362E+06    6.4575624284E-13
   3190000    5.7536578286E-01    5.5424619654E+06    3.1889429677E+06    6.4575624284E-13
   3200000    5.7466646482E-01    5.5424346403E+06    3.1850513213E+06    6.4575624284E-13
   3210000    5.7397065682E-01    5.5424073843E+06    3.1811792067E+06    6.4575624284E-13
   3220000    5.7327830792E-01    5.5423801947E+06    3.1773263399E+06    6.4575624284E-13
   3230000    5.7258936819E-01    5.5423530691E+06    3.1734924421E+06    6.4575624284E-13
   3240000    5.7190378869E-01    5.5423260052E+06    3.1696772405E+06    6.4575624284E-13
   3250000    5.7122152156E-01    5.5422990009E+06    3.1658804682E+06    6.4575624284E-13
   3260000    5.7054252020E-01    5.5422720555E+06    3.1621018662E+06    6.4575624284E-13
   3270000    5.6986673896E-01    5.5422451688E+06    3.1583411808E+06    6.4575624284E-13
   3280000    5.6919413310E-01    5.5422183402E+06    3.1545981636E+06    6.4575624284E-13
   3290000    5.6852465877E-01    5.5421915696E+06    3.1508725710E+06    6.4575624284E-13
   3300000    5.6785827297E-01    5.5421648566E+06    3.1471641640E+06    6.4575624284E-13
   3310000    5.6719493356E-01    5.5421382008E+06    3.1434727086E+06    6.4575624284E-13
   3320000    5.6653459917E-01    5.5421116020E+06    3.1397979750E+06    7.1033188252E-13
   3330000    5.6581166024E-01    5.5420824093E+06    3.1357748492E+06    7.1033188252E-13
   3340000    5.6509224868E-01    5.5420532849E+06    3.1317713531E+06    7.1033188252E-13
   3350000    5.6437631880E-01    5.5420242283E+06    3.1277872326E+06    7.1033188252E-13
   3360000    5.6366381923E-01    5.5419952387E+06    3.1238222024E+06    7.1033188252E-13
   3370000    5.6295469966E-01    5.5419663162E+06    3.1198759831E+06    7.1033188252E-13
   3380000    5.6224891075E-01    5.5419374613E+06    3.1159483011E+06    7.1033188252E-13
   3390000    5.6154640409E-01    5.5419086746E+06    3.1120388880E+06    7.1033188252E-13
   3400000    5.6084713228E-01    5.5418799566E+06    3.1081474811E+06    7.1033188252E-13
   3410000    5.6015104882E-01    5.5418513078E+06    3.1042738225E+06    7.1033188252E-13
   3420000    5.5945810814E-01    5.5418227290E+06    3.1004176596E+06    7.1033188252E-13
   3430000    5.5876826554E-01    5.5417942209E+06    3.0965787448E+06    7.1033188252E-13
   3440000    5.5808147721E-01    5.5417657840E+06    3.0927568351E+06    7.1033188252E-13
   3450000    5.5739770017E-01    5.5417374192E+06    3.0889516924E+06    7.1033188252E-13
   3460000    5.5671689228E-01    5.5417091271E+06    3.0851630832E+06    7.1033188252E-13
   3470000    5.5603901220E-01    5.5416809087E+06    3.0813907784E+06    7.1033188252E-13
   3480000    5.5536401936E-01    5.5416527647E+06    3.0776345533E+06    7.1033188252E-13
   3490000    5.5469187398E-01    5.5416246960E+06    3.0738941875E+06    7.1033188252E-13
   3500000    5.5402253700E-01    5.5415967034E+06    3.0701694647E+06    7.1033188252E-13
   3510000    5.5335597013E-01    5.5415687878E+06    3.0664601726E+06    7.1033188252E-13
   3520000    5.5269213580E-01    5.5415409494E+06    3.0627661030E+06    7.1033188252E-13
   3530000    5.5203099756E-01    5.5415131828E+06    3.0590870503E+06    7.1033188252E-13
   3540000    5.5137251979E-01    5.5414854799E+06    3.0554228124E+06    7.1033188252E-13
   3550000    5.5071666742E-01    5.5414578335E+06    3.0517731907E+06    7.1033188252E-13
   3560000    5.5006340560E-01    5.5414302402E+06    3.0481379898E+06    7.1033188252E-13
   3570000    5.4941269994E-01    5.5414026981E+06    3.0445170178E+06    7.1033188252E-13
   3580000    5.4876451661E-01    5.5413752062E+06    3.0409100864E+06    7.1033188252E-13
   3590000    5.4811882265E-01    5.5413477648E+06    3.0373170127E+06    7.1033188252E-13
   3600000    5.4747558592E-01    5.5413203748E+06    3.0337376189E+06    7.8136508770E-13
   3610000    5.4677083237E-01    5.5412903064E+06    3.0298159132E+06    7.8136508770E-13
   3620000    5.4606896632E-01    5.5412603020E+06    3.0259102852E+06    7.8136508770E-13
   3630000    5.4536995382E-01    5.5412303629E+06    3.0220205471E+06    7.8136508770E-13
   3640000    5.4467375524E-01    5.5412004904E+06    3.0181464796E+06    7.8136508770E-13
   3650000    5.4398033172E-01    5.5411706855E+06    3.0142878676E+06    7.8136508770E-13
   3660000    5.4328964506E-01    5.5411409493E+06    3.0104444996E+06    7.8136508770E-13
   3670000    5.4260165740E-01    5.5411112823E+06    3.0066161656E+06    7.8136508770E-13
   3680000    5.4191633153E-01    5.5410816846E+06    3.0028026593E+06    7.8136508770E-13
   3690000    5.4123363097E-01    5.5410521567E+06    2.9990037782E+06    7.8136508770E-13
   3700000    5.4055351990E-01    5.5410226991E+06    2.9952193238E+06    7.8136508770E-13
   3710000    5.3987596332E-01    5.5409933123E+06    2.9914491023E+06    7.8136508770E-13
   3720000    5.3920092698E-01    5.5409639970E+06    2.9876929235E+06    7.8136508770E-13
   3730000    5.3852837726E-01    5.5409347536E+06    2.9839506013E+06    7.8136508770E-13
   3740000    5.3785828114E-01    5.5409055828E+06    2.9802219527E+06    7.8136508770E-13
   3750000    5.3719060623E-01    5.5408764852E+06    2.9765067981E+06    7.8136508770E-13
   3760000    5.3652532073E-01    5.5408474614E+06    2.9728049613E+06    7.8136508770E-13
   3770000    5.3586239339E-01    5.5408185121E+06    2.9691162693E+06    7.8136508770E-13
   3780000    5.3520179356E-01    5.5407896380E+06    2.9654405520E+06    7.8136508770E-13
   3790000    5.3454349112E-01    5.5407608398E+06    2.9617776427E+06    7.8136508770E-13
   3800000    5.3388745646E-01    5.5407321182E+06    2.9581273775E+06    7.8136508770E-13
   3810000    5.3323366053E-01    5.5407034738E+06    2.9544895952E+06    7.8136508770E-13
   3820000    5.3258207482E-01    5.5406749074E+06    2.9508641381E+06    7.8136508770E-13
   3830000    5.3193267136E-01    5.5406464194E+06    2.9472508509E+06    7.8136508770E-13
   3840000    5.3128542268E-01    5.5406180104E+06    2.9436495816E+06    7.8136508770E-13
   3850000    5.3064030180E-01    5.5405896809E+06    2.9400601805E+06    7.8136508770E-13
   3860000    5.2999728229E-01    5.5405614307E+06    2.9364825007E+06    7.8136508770E-13
   3870000    5.2935633851E-01    5.5405332537E+06    2.9329163966E+06    7.8136508770E-13
   3880000    5.2871744537E-01    5.5405051402E+06    2.9293617238E+06    7.8136508770E-13
   3890000    5.2808057819E-01    5.5404770808E+06    2.9258183403E+06    8.5950161510E-13
   3900000    5.2738234130E-01    5.5404462701E+06    2.9219335257E+06    8.5950161510E-13
   3910000    5.2668648723E-01    5.5404155134E+06    2.9180619846E+06    8.5950161510E-13
   3920000    5.2599299084E-01    5.5403848111E+06    2.9142035772E+06    8.5950161510E-13
   3930000    5.2530182127E-01    5.5403541632E+06    2.9103581324E+06    8.5950161510E-13
   3940000    5.2461294823E-01    5.5403235700E+06    2.9065254822E+06    8.5950161510E-13
   3950000    5.2392634201E-01    5.5402930317E+06    2.9027054618E+06    8.5950161510E-13
   3960000    5.2324197340E-01    5.5402625488E+06    2.8988979092E+06    8.5950161510E-13
   3970000    5.2255981365E-01    5.5402321231E+06    2.8951026658E+06    8.5950161510E-13
   3980000    5.2187983431E-01    5.5402017564E+06    2.8913195747E+06    8.5950161510E-13
   3990000    5.2120200716E-01    5.5401714505E+06    2.8875484800E+06    8.5950161510E-13
   4000000    5.2052630447E-01    5.5401412068E+06    2.8837892286E+06    8.5950161510E-13
   4010000    5.1985269899E-01    5.5401110269E+06    2.8800416701E+06    8.5950161510E-13
   4020000    5.1918116399E-01    5.5400809124E+06    2.8763056567E+06    8.5950161510E-13
   4030000    5.1851167320E-01    5.5400508650E+06    2.8725810436E+06    8.5950161510E-13
   4040000    5.1784420083E-01    5.5400208863E+06    2.8688676885E+06    8.5950161510E-13
   4050000    5.1717872156E-01    5.5399909782E+06    2.8651654516E+06    8.5950161510E-13
   4060000    5.1651521055E-01    5.5399611426E+06    2.8614741960E+06    8.5950161510E-13
   4070000    5.1585364346E-01    5.5399313816E+06    2.8577937877E+06    8.5950161510E-13
   4080000    5.1519399652E-01    5.5399016964E+06    2.8541240953E+06    8.5950161510E-13
   4090000    5.1453624642E-01    5.5398720883E+06    2.8504649900E+06    8.5950161510E-13
   4100000    5.1388037022E-01    5.5398425585E+06    2.8468163449E+06    8.5950161510E-13
   4110000    5.1322634544E-01    5.5398131081E+06    2.8431780359E+06    8.5950161510E-13
   4120000    5.1257414997E-01    5.5397837382E+06    2.8395499406E+06    8.5950161510E-13
   4130000    5.1192376209E-01    5.5397544500E+06    2.8359319391E+06    8.5950161510E-13
   4140000    5.1127516046E-01    5.5397252447E+06    2.8323239134E+06    8.5950161510E-13
   4150000    5.1062832412E-01    5.5396961233E+06    2.8287257476E+06    8.5950161510E-13
   4160000    5.0998323247E-01    5.5396670871E+06    2.8251373279E+06    8.5950161510E-13
   4170000    5.0933986527E-01    5.5396381371E+06    2.8215585424E+06    8.5950161510E-13
   4180000    5.0869820262E-01    5.5396092745E+06    2.8179892811E+06    8.5950161510E-13
   4190000    5.0805822509E-01    5.5395804979E+06    2.8144294355E+06    9.4545179710E-13
   4200000    5.0735618018E-01    5.5395489324E+06    2.8105243863E+06    9.4545179710E-13
   4210000    5.0665612091E-01    5.5395174454E+06    2.8066304206E+06    9.4545179710E-13
   4220000    5.0595802977E-01    5.5394860232E+06    2.8027474342E+06    9.4545179710E-13
   4230000    5.0526188309E-01    5.5394546595E+06    2.7988752925E+06    9.4545179710E-13
   4240000    5.0456765765E-01    5.5394233538E+06    2.7950138664E+06    9.4545179710E-13
   4250000    5.0387533070E-01    5.5393921056E+06    2.7911630291E+06    9.4545179710E-13
   4260000    5.0318487987E-01    5.5393609144E+06    2.7873226563E+06    9.4545179710E-13
   4270000    5.0249628323E-01    5.5393297798E+06    2.7834926259E+06    9.4545179710E-13
   4280000    5.0180951921E-01    5.5392987013E+06    2.7796728180E+06    9.4545179710E-13
   4290000    5.0112456662E-01    5.5392676785E+06    2.7758631148E+06    9.4545179710E-13
   4300000    5.0044140451E-01    5.5392367102E+06    2.7720633992E+06    9.4545179710E-13
   4310000    4.9976001220E-01    5.5392057946E+06    2.7682735554E+06    9.4545179710E-13
   4320000    4.9908036922E-01    5.5391749315E+06    2.7644934700E+06    9.4545179710E-13
   4330000    4.9840245548E-01    5.5391441218E+06    2.7607230316E+06    9.4545179710E-13
   4340000    4.9772625121E-01    5.5391133666E+06    2.7569621309E+06    9.4545179710E-13
   4350000    4.9705173701E-01    5.5390826666E+06    2.7532106609E+06    9.4545179710E-13
   4360000    4.9637889384E-01    5.5390520228E+06    2.7494685160E+06    9.4545179710E-13
   4370000    4.9570770294E-01    5.5390214366E+06    2.7457355929E+06    9.4545179710E-13
   4380000    4.9503814568E-01    5.5389909099E+06    2.7420117890E+06    9.4545179710E-13
   4390000    4.9437020371E-01    5.5389604447E+06    2.7382970034E+06    9.4545179710E-13
   4400000    4.9370385898E-01    5.5389300435E+06    2.7345911371E+06    9.4545179710E-13
   4410000    4.9303909379E-01    5.5388997083E+06    2.7308940928E+06    9.4545179710E-13
   4420000    4.9237589073E-01    5.5388694414E+06    2.7272057748E+06    9.4545179710E-13
   4430000    4.9171423272E-01    5.5388392454E+06    2.7235260897E+06    9.4545179710E-13
   4440000    4.9105410302E-01    5.5388091229E+06    2.7198549456E+06    9.4545179710E-13
   4450000    4.9039548516E-01    5.5387790766E+06    2.7161922525E+06    9.4545179710E-13
   4460000    4.8973836306E-01    5.5387491085E+06    2.7125379218E+06    9.4545179710E-13
   4470000    4.8908272108E-01    5.5387192196E+06    2.7088918672E+06    9.4545179710E-13
   4480000    4.8842854384E-01    5.5386894108E+06    2.7052540037E+06    9.4545179710E-13
   4490000    4.8777581625E-01    5.5386596830E+06    2.7016242478E+06    9.4545179710E-13
   4500000    4.8712452351E-01    5.5386300363E+06    2.6980025173E+06    9.4545179710E-13
   4510000    4.8647465139E-01    5.5386004633E+06    2.6943887296E+06    9.4545179710E-13
   4520000    4.8582618613E-01    5.5385709516E+06    2.6907828020E+06    9.4545179710E-13
   4530000    4.8517911416E-01    5.5385414888E+06    2.6871846533E+06    9.4545179710E-13
   4540000    4.8453342205E-01    5.5385120650E+06    2.6835942039E+06    9.4545179710E-13
   4550000    4.8388909641E-01    5.5384826782E+06    2.6800113786E+06    9.4545179710E-13
   4560000    4.8324612411E-01    5.5384533281E+06    2.6764361044E+06    9.4545179710E-13
   4570000    4.8260449222E-01    5.5384240146E+06    2.6728683092E+06    9.4545179710E-13
   4580000    4.8196418802E-01    5.5383947373E+06    2.6693079225E+06    9.4545179710E-13
   4590000    4.8132519900E-01    5.5383654962E+06    2.6657548746E+06    9.4545179710E-13
   4600000    4.8068751284E-01    5.5383362909E+06    2.6622090969E+06    9.4545179710E-13
   4610000    4.8005111741E-01    5.5383071213E+06    2.6586705222E+06    9.4545179710E-13
   4620000    4.7941600073E-01    5.5382779872E+06    2.6551390835E+06    9.4545179710E-13
   4630000    4.7878215078E-01    5.5382488876E+06    2.6516147140E+06    9.4545179710E-13
   4640000    4.7814955566E-01    5.5382198219E+06    2.6480973470E+06    9.4545179710E-13
   4650000    4.7751820364E-01    5.5381907899E+06    2.6445869174E+06    9.4545179710E-13
   4660000    4.7688808304E-01    5.5381617935E+06    2.6410833613E+06    9.4545179710E-13
   4670000    4.7625918239E-01    5.5381328345E+06    2.6375866157E+06    9.4545179710E-13
   4680000    4.7563149038E-01    5.5381039150E+06    2.6340966190E+06    9.4545179710E-13
   4690000    4.7500499592E-01    5.5380750370E+06    2.6306133103E+06    9.4545179710E-13
   4700000    4.7437968816E-01    5.5380462021E+06    2.6271366304E+06    9.4545179710E-13
   4710000    4.7375555646E-01    5.5380174119E+06    2.6236665206E+06    9.4545179710E-13
   4720000    4.7313259032E-01    5.5379886679E+06    2.6202029236E+06    9.4545179710E-13
   4730000    4.7251077943E-01    5.5379599719E+06    2.6167457828E+06    9.4545179710E-13
   4740000    4.7189011364E-01    5.5379313254E+06    2.6132950425E+06    9.4545179710E-13
   4750000    4.7127058298E-01    5.5379027300E+06    2.6098506481E+06    9.4545179710E-13
   4760000    4.7065217777E-01    5.5378741869E+06    2.6064125463E+06    9.4545179710E-13
   4770000    4.7003488852E-01    5.5378456971E+06    2.6029806849E+06    9.4545179710E-13
   4780000    4.6941870593E-01    5.5378172617E+06    2.5995550127E+06    9.4545179710E-13
   4790000    4.6880362084E-01    5.5377888816E+06    2.5961354791E+06    9.4545179710E-13
   4800000    4.6818962420E-01    5.5377605580E+06    2.5927220345E+06    9.4545179710E-13
   4810000    4.6757670702E-01    5.5377322922E+06    2.5893146296E+06    9.4545179710E-13
   4820000    4.6696486045E-01    5.5377040859E+06    2.5859132157E+06    9.4545179710E-13
   4830000    4.6635407593E-01    5.5376759393E+06    2.5825177455E+06    9.4545179710E-13
   4840000    4.6574434537E-01    5.5376478476E+06    2.5791281716E+06    9.4545179710E-13
   4850000    4.6513566101E-01    5.5376197999E+06    2.5757444461E+06    9.4545179710E-13
   4860000    4.6452801526E-01    5.5375917851E+06    2.5723665213E+06    9.4545179710E-13
   4870000    4.6392140055E-01    5.5375637925E+06    2.5689943503E+06    9.4545179710E-13
   4880000    4.6331580920E-01    5.5375358160E+06    2.5656278876E+06    9.4545179710E-13
   4890000    4.6271123366E-01    5.5375078544E+06    2.5622670907E+06    9.4545179710E-13
   4900000    4.6210766656E-01    5.5374799067E+06    2.5589119183E+06    9.4545179710E-13
   4910000    4.6150510063E-01    5.5374519720E+06    2.5555623296E+06    9.4545179710E-13
   4920000    4.6090352872E-01    5.5374240493E+06    2.5522182843E+06    9.4545179710E-13
   4930000    4.6030294369E-01    5.5373961379E+06    2.5488797427E+06    9.4545179710E-13
   4940000    4.5970333844E-01    5.5373682374E+06    2.5455466649E+06    9.4545179710E-13
   4950000    4.5910470595E-01    5.5373403473E+06    2.5422190119E+06    9.4545179710E-13
   4960000    4.5850703930E-01    5.5373124673E+06    2.5388967451E+06    9.4545179710E-13
   4970000    4.5791033167E-01    5.5372845970E+06    2.5355798264E+06    9.4545179710E-13
   4980000    4.5731457619E-01    5.5372567355E+06    2.5322682173E+06    9.4545179710E-13
   4990000    4.5671976597E-01    5.5372288823E+06    2.5289618792E+06    9.4545179710E-13
   5000000    4.5612589413E-01    5.5372010380E+06    2.5256607744E+06    9.4545179710E-13
   5010000    4.5553295386E-01    5.5371732044E+06    2.5223648658E+06    9.4545179710E-13
   5020000    4.5494093842E-01    5.5371453833E+06    2.5190741168E+06    9.4545179710E-13
   5030000    4.5434984118E-01    5.5371175764E+06    2.5157884915E+06    9.4545179710E-13
   5040000    4.5375965561E-01    5.5370897856E+06    2.5125079542E+06    9.4545179710E-13
   5050000    4.5317037524E-01    5.5370620126E+06    2.5092324700E+06    9.4545179710E-13
   5060000    4.5258199372E-01    5.5370342593E+06    2.5059620044E+06    9.4545179710E-13
   5070000    4.5199450480E-01    5.5370065275E+06    2.5026965235E+06    9.4545179710E-13
   5080000    4.5140790238E-01    5.5369788186E+06    2.4994359941E+06    9.4545179710E-13
   5090000    4.5082218051E-01    5.5369511341E+06    2.4961803837E+06    9.4545179710E-13
   5100000    4.5023733329E-01    5.5369234752E+06    2.4929296601E+06    9.4545179710E-13
   5110000    4.4965335492E-01    5.5368958435E+06    2.4896837918E+06    9.4545179710E-13
   5120000    4.4907023966E-01    5.5368682402E+06    2.4864427476E+06    9.4545179710E-13
   5130000    4.4848798188E-01    5.5368406668E+06    2.4832064966E+06    9.4545179710E-13
   5140000    4.4790657599E-01    5.5368131248E+06    2.4799750086E+06    9.4545179710E-13
   5150000    4.4732601652E-01    5.5367856156E+06    2.4767482537E+06    9.4545179710E-13
   5160000    4.4674629803E-01    5.5367581406E+06    2.4735262024E+06    9.4545179710E-13
   5170000    4.4616741519E-01    5.5367307014E+06    2.4703088256E+06    9.4545179710E-13
   5180000    4.4558936271E-01    5.5367032993E+06    2.4670960947E+06    9.4545179710E-13
   5190000    4.4501213553E-01    5.5366759334E+06    2.4638879809E+06    9.4545179710E-13
   5200000    4.4443572903E-01    5.5366485952E+06    2.4606844548E+06    9.4545179710E-13
   5210000    4.4386013873E-01    5.5366212752E+06    2.4574854873E+06    9.4545179710E-13
   5220000    4.4328536022E-01    5.5365939638E+06    2.4542910496E+06    9.4545179710E-13
   5230000    4.4271138889E-01    5.5365666541E+06    2.4511011131E+06    9.4545179710E-13
   5240000    4.4213821983E-01    5.5365393438E+06    2.4479156495E+06    9.4545179710E-13
   5250000    4.4156584839E-01    5.5365120318E+06    2.4447346324E+06    9.4545179710E-13
   5260000    4.4099427008E-01    5.5364847177E+06    2.4415580369E+06    9.4545179710E-13
   5270000    4.4042348053E-01    5.5364574008E+06    2.4383858383E+06    9.4545179710E-13
   5280000    4.3985347545E-01    5.5364300802E+06    2.4352180123E+06    9.4545179710E-13
   5290000    4.3928425056E-01    5.5364027554E+06    2.4320545352E+06    9.4545179710E-13
   5300000    4.3871580169E-01    5.5363754258E+06    2.4288953834E+06    9.4545179710E-13
   5310000    4.3814812469E-01    5.5363480908E+06    2.4257405336E+06    9.4545179710E-13
   5320000    4.3758121546E-01    5.5363207501E+06    2.4225899630E+06    9.4545179710E-13
   5330000    4.3701506996E-01    5.5362934030E+06    2.4194436488E+06    9.4545179710E-13
   5340000    4.3644968418E-01    5.5362660490E+06    2.4163015687E+06    9.4545179710E-13
   5350000    4.3588505415E-01    5.5362386883E+06    2.4131637004E+06    9.4545179710E-13
   5360000    4.3532117576E-01    5.5362113221E+06    2.4100300220E+06    9.4545179710E-13
   5370000    4.3475804487E-01    5.5361839520E+06    2.4069005110E+06    9.4545179710E-13
   5380000    4.3419565738E-01    5.5361565795E+06    2.4037751454E+06    9.4545179710E-13
   5390000    4.3363400932E-01    5.5361292059E+06    2.4006539037E+06    9.4545179710E-13
   5400000    4.3307309678E-01    5.5361018323E+06    2.3975367646E+06    9.4545179710E-13
   5410000    4.3251291590E-01    5.5360744602E+06    2.3944237074E+06    9.4545179710E-13
   5420000    4.3195346287E-01    5.5360470906E+06    2.3913147114E+06    9.4545179710E-13
   5430000    4.3139473392E-01    5.5360197250E+06    2.3882097563E+06    9.4545179710E-13
   5440000    4.3083672534E-01    5.5359923647E+06    2.3851088219E+06    9.4545179710E-13
   5450000    4.3027943346E-01    5.5359650108E+06    2.3820118885E+06    9.4545179710E-13
   5460000    4.2972285476E-01    5.5359376643E+06    2.3789189369E+06    9.4545179710E-13
   5470000    4.2916698579E-01    5.5359103261E+06    2.3758299483E+06    9.4545179710E-13
   5480000    4.2861182315E-01    5.5358829969E+06    2.3727449041E+06    9.4545179710E-13
   5490000    4.2805736346E-01    5.5358556777E+06    2.3696637859E+06    9.4545179710E-13
   5500000    4.2750360341E-01    5.5358283691E+06    2.3665865756E+06    9.4545179710E-13
   5510000    4.2695053970E-01    5.5358010721E+06    2.3635132554E+06    9.4545179710E-13
   5520000    4.2639816911E-01    5.5357737876E+06    2.3604438077E+06    9.4545179710E-13
   5530000    4.2584648843E-01    5.5357465164E+06    2.3573782148E+06    9.4545179710E-13
   5540000    4.2529549450E-01    5.5357192594E+06    2.3543164598E+06    9.4545179710E-13
   5550000    4.2474518418E-01    5.5356920175E+06    2.3512585256E+06    9.4545179710E-13
   5560000    4.2419555447E-01    5.5356647904E+06    2.3482043951E+06    9.4545179710E-13
   5570000    4.2364660270E-01    5.5356375713E+06    2.3451540509E+06    9.4545179710E-13
   5580000    4.2309832629E-01    5.5356103519E+06    2.3421074749E+06    9.4545179710E-13
   5590000    4.2255072261E-01    5.5355831242E+06    2.3390646492E+06    9.4545179710E-13
   5600000    4.2200378900E-01    5.5355558814E+06    2.3360255562E+06    9.4545179710E-13
   5610000    4.2145752252E-01    5.5355286205E+06    2.3329901782E+06    9.4545179710E-13
   5620000    4.2091192022E-01    5.5355013393E+06    2.3299584981E+06    9.4545179710E-13
   5630000    4.2036697928E-01    5.5354740359E+06    2.3269304994E+06    9.4545179710E-13
   5640000    4.1982269709E-01    5.5354467093E+06    2.3239061671E+06    9.4545179710E-13
   5650000    4.1927907107E-01    5.5354193587E+06    2.3208854867E+06    9.4545179710E-13
   5660000    4.1873609865E-01    5.5353919830E+06    2.3178684435E+06    9.4545179710E-13
   5670000    4.1819377718E-01    5.5353645820E+06    2.3148550226E+06    9.4545179710E-13
   5680000    4.1765210401E-01    5.5353371552E+06    2.3118452092E+06    9.4545179710E-13
   5690000    4.1711107651E-01    5.5353097023E+06    2.3088389887E+06    9.4545179710E-13
   5700000    4.1657069207E-01    5.5352822231E+06    2.3058363465E+06    9.4545179710E-13
   5710000    4.1603094812E-01    5.5352547172E+06    2.3028372680E+06    9.4545179710E-13
   5720000    4.1549184205E-01    5.5352271849E+06    2.2998417392E+06    9.4545179710E-13
   5730000    4.1495337124E-01    5.5351996280E+06    2.2968497461E+06    9.4545179710E-13
   5740000    4.1441553308E-01    5.5351720482E+06    2.2938612750E+06    9.4545179710E-13
   5750000    4.1387832497E-01    5.5351444475E+06    2.2908763124E+06    9.4545179710E-13
   5760000    4.1334174435E-01    5.5351168278E+06    2.2878948448E+06    9.4545179710E-13
   5770000    4.1280578858E-01    5.5350891910E+06    2.2849168583E+06    9.4545179710E-13
   5780000    4.1227045501E-01    5.5350615386E+06    2.2819423390E+06    9.4545179710E-13
   5790000    4.1173574100E-01    5.5350338723E+06    2.2789712728E+06    9.4545179710E-13
   5800000    4.1120164400E-01    5.5350061937E+06    2.2760036464E+06    9.4545179710E-13
   5810000    4.1066816151E-01    5.5349785043E+06    2.2730394463E+06    9.4545179710E-13
   5820000    4.1013529106E-01    5.5349508056E+06    2.2700786597E+06    9.4545179710E-13
   5830000    4.0960303021E-01    5.5349230993E+06    2.2671212734E+06    9.4545179710E-13
   5840000    4.0907137657E-01    5.5348953867E+06    2.2641672750E+06    9.4545179710E-13
   5850000    4.0854032786E-01    5.5348676689E+06    2.2612166521E+06    9.4545179710E-13
   5860000    4.0800988183E-01    5.5348399471E+06    2.2582693927E+06    9.4545179710E-13
   5870000    4.0748003625E-01    5.5348122223E+06    2.2553254850E+06    9.4545179710E-13
   5880000    4.0695078893E-01    5.5347844956E+06    2.2523849170E+06    9.4545179710E-13
   5890000    4.0642213767E-01    5.5347567681E+06    2.2494476772E+06    9.4545179710E-13
   5900000    4.0589408032E-01    5.5347290411E+06    2.2465137540E+06    9.4545179710E-13
   5910000    4.0536661473E-01    5.5347013156E+06    2.2435831358E+06    9.4545179710E-13
   5920000    4.0483973878E-01    5.5346735928E+06    2.2406558115E+06    9.4545179710E-13
   5930000    4.0431345036E-01    5.5346458738E+06    2.2377317698E+06    9.4545179710E-13
   5940000    4.0378774742E-01    5.5346181598E+06    2.2348109996E+06    9.4545179710E-13
   5950000    4.0326262809E-01    5.5345904499E+06    2.2318934903E+06    9.4545179710E-13
   5960000    4.0273809073E-01    5.5345627390E+06    2.2289792305E+06    9.4545179710E-13
   5970000    4.0221413376E-01    5.5345350201E+06    2.2260682089E+06    9.4545179710E-13
   5980000    4.0169075561E-01    5.5345072863E+06    2.2231604137E+06    9.4545179710E-13
   5990000    4.0116795464E-01    5.5344795318E+06    2.2202558338E+06    9.4545179710E-13
   6000000    4.0064572900E-01    5.5344517542E+06    2.2173544577E+06    9.4545179710E-13
   6010000    4.0012407682E-01    5.5344239514E+06    2.2144562742E+06    9.4545179710E-13
   6020000    3.9960299623E-01    5.5343961215E+06    2.2115612725E+06    9.4545179710E-13
   6030000    3.9908248539E-01    5.5343682628E+06    2.2086694414E+06    9.4545179710E-13
   6040000    3.9856254257E-01    5.5343403739E+06    2.2057807709E+06    9.4545179710E-13
   6050000    3.9804316619E-01    5.5343124538E+06    2.2028952518E+06    9.4545179710E-13
   6060000    3.9752435466E-01    5.5342845019E+06    2.2000128751E+06    9.4545179710E-13
   6070000    3.9700610644E-01    5.5342565173E+06    2.1971336320E+06    9.4545179710E-13
   6080000    3.9648841997E-01    5.5342284993E+06    2.1942575134E+06    9.4545179710E-13
   6090000    3.9597129371E-01    5.5342004472E+06    2.1913845107E+06    9.4545179710E-13
   6100000    3.9545472612E-01    5.5341723605E+06    2.1885146151E+06    9.4545179710E-13
   6110000    3.9493871556E-01    5.5341442400E+06    2.1856478179E+06    9.4545179710E-13
   6120000    3.9442326036E-01    5.5341160873E+06    2.1827841104E+06    9.4545179710E-13
   6130000    3.9390835891E-01    5.5340879038E+06    2.1799234842E+06    9.4545179710E-13
   6140000    3.9339400959E-01    5.5340596908E+06    2.1770659311E+06    9.4545179710E-13
   6150000    3.9288021080E-01    5.5340314499E+06    2.1742114426E+06    9.4545179710E-13
   6160000    3.9236696096E-01    5.5340031824E+06    2.1713600106E+06    9.4545179710E-13
   6170000    3.9185425849E-01    5.5339748899E+06    2.1685116270E+06    9.4545179710E-13
   6180000    3.9134210184E-01    5.5339465738E+06    2.1656662836E+06    9.4545179710E-13
   6190000    3.9083048944E-01    5.5339182355E+06    2.1628239725E+06    9.4545179710E-13
   6200000    3.9031941975E-01    5.5338898767E+06    2.1599846856E+06    9.4545179710E-13
   6210000    3.8980889115E-01    5.5338614984E+06    2.1571484145E+06    9.4545179710E-13
   6220000    3.8929890200E-01    5.5338331021E+06    2.1543151505E+06    9.4545179710E-13
   6230000    3.8878945070E-01    5.5338046890E+06    2.1514848853E+06    9.4545179710E-13
   6240000    3.8828053573E-01    5.5337762600E+06    2.1486576108E+06    9.4545179710E-13
   6250000    3.8777215563E-01    5.5337478160E+06    2.1458333193E+06    9.4545179710E-13
   6260000    3.8726430894E-01    5.5337193577E+06    2.1430120029E+06    9.4545179710E-13
   6270000    3.8675699424E-01    5.5336908861E+06    2.1401936542E+06    9.4545179710E-13
   6280000    3.8625021010E-01    5.5336624020E+06    2.1373782654E+06    9.4545179710E-13
   6290000    3.8574395511E-01    5.5336339062E+06    2.1345658291E+06    9.4545179710E-13
   6300000    3.8523822787E-01    5.5336053996E+06    2.1317563379E+06    9.4545179710E-13
   6310000    3.8473302699E-01    5.5335768831E+06    2.1289497843E+06    9.4545179710E-13
   6320000    3.8422835104E-01    5.5335483577E+06    2.1261461609E+06    9.4545179710E-13
   6330000    3.8372419855E-01    5.5335198246E+06    2.1233454598E+06    9.4545179710E-13
   6340000    3.8322056817E-01    5.5334912841E+06    2.1205476739E+06    9.4545179710E-13
   6350000    3.8271745868E-01    5.5334627359E+06    2.1177527960E+06    9.4545179710E-13
   6360000    3.8221486886E-01    5.5334341792E+06    2.1149608192E+06    9.4545179710E-13
   6370000    3.8171279764E-01    5.5334056102E+06    2.1121717359E+06    9.4545179710E-13
   6380000    3.8121124405E-01    5.5333770231E+06    2.1093855388E+06    9.4545179710E-13
   6390000    3.8071020714E-01    5.5333484122E+06    2.1066022202E+06    9.4545179710E-13
   6400000    3.8020968586E-01    5.5333197727E+06    2.1038217726E+06    9.4545179710E-13
   6410000    3.7970967900E-01    5.5332911029E+06    2.1010441885E+06    9.4545179710E-13
   6420000    3.7921018533E-01    5.5332624010E+06    2.0982694606E+06    9.4545179710E-13
   6430000    3.7871120362E-01    5.5332336656E+06    2.0954975814E+06    9.4545179710E-13
   6440000    3.7821273264E-01    5.5332048952E+06    2.0927285436E+06    9.4545179710E-13
   6450000    3.7771477117E-01    5.5331760882E+06    2.0899623400E+06    9.4545179710E-13
   6460000    3.7721731802E-01    5.5331472431E+06    2.0871989633E+06    9.4545179710E-13
   6470000    3.7672037204E-01    5.5331183590E+06    2.0844384068E+06    9.4545179710E-13
   6480000    3.7622393224E-01    5.5330894352E+06    2.0816806647E+06    1.0000000000E-12
   6490000    3.7569940271E-01    5.5330587989E+06    2.0787668859E+06    1.0000000000E-12
   6500000    3.7517543427E-01    5.5330281171E+06    2.0758562267E+06    1.0000000000E-12
   6510000    3.7465202853E-01    5.5329973910E+06    2.0729486964E+06    1.0000000000E-12
   6520000    3.7412918425E-01    5.5329666219E+06    2.0700442887E+06    1.0000000000E-12
   6530000    3.7360690019E-01    5.5329358111E+06    2.0671429973E+06    1.0000000000E-12
   6540000    3.7308517511E-01    5.5329049599E+06    2.0642448158E+06    1.0000000000E-12
   6550000    3.7256400779E-01    5.5328740698E+06    2.0613497380E+06    1.0000000000E-12
   6560000    3.7204339701E-01    5.5328431420E+06    2.0584577577E+06    1.0000000000E-12
   6570000    3.7152334147E-01    5.5328121783E+06    2.0555688682E+06    1.0000000000E-12
   6580000    3.7100383980E-01    5.5327811805E+06    2.0526830628E+06    1.0000000000E-12
   6590000    3.7048489064E-01    5.5327501508E+06    2.0498003346E+06    1.0000000000E-12
   6600000    3.6996649262E-01    5.5327190910E+06    2.0469206768E+06    1.0000000000E-12
   6610000    3.6944864439E-01    5.5326880033E+06    2.0440440827E+06    1.0000000000E-12
   6620000    3.6893134461E-01    5.5326568896E+06    2.0411705455E+06    1.0000000000E-12
   6630000    3.6841459193E-01    5.5326257519E+06    2.0383000587E+06    1.0000000000E-12
   6640000    3.6789838510E-01    5.5325945921E+06    2.0354326158E+06    1.0000000000E-12
   6650000    3.6738272291E-01    5.5325634116E+06    2.0325682108E+06    1.0000000000E-12
   6660000    3.6686760412E-01    5.5325322118E+06    2.0297068373E+06    1.0000000000E-12
   6670000    3.6635302744E-01    5.5325009940E+06    2.0268484885E+06    1.0000000000E-12
   6680000    3.6583899160E-01    5.5324697595E+06    2.0239931579E+06    1.0000000000E-12
   6690000    3.6532549532E-01    5.5324385098E+06    2.0211408389E+06    1.0000000000E-12
   6700000    3.6481253736E-01    5.5324072461E+06    2.0182915252E+06    1.0000000000E-12
   6710000    3.6430011647E-01    5.5323759698E+06    2.0154452101E+06    1.0000000000E-12
   6720000    3.6378823140E-01    5.5323446822E+06    2.0126018875E+06    1.0000000000E-12
   6730000    3.6327688106E-01    5.5323133839E+06    2.0097615511E+06    1.0000000000E-12
   6740000    3.6276606445E-01    5.5322820746E+06    2.0069241956E+06    1.0000000000E-12
   6750000    3.6225578060E-01    5.5322507539E+06    2.0040898153E+06    1.0000000000E-12
   6760000    3.6174602855E-01    5.5322194215E+06    2.0012584048E+06    1.0000000000E-12
   6770000    3.6123680734E-01    5.5321880769E+06    1.9984299585E+06    1.0000000000E-12
   6780000    3.6072811606E-01    5.5321567182E+06    1.9956044707E+06    1.0000000000E-12
   6790000    3.6021995392E-01    5.5321253400E+06    1.9927819350E+06    1.0000000000E-12
   6800000    3.5971232010E-01    5.5320939370E+06    1.9899623451E+06    1.0000000000E-12
   6810000    3.5920521376E-01    5.5320625047E+06    1.9871456945E+06    1.0000000000E-12
   6820000    3.5869863383E-01    5.5320310415E+06    1.9843319769E+06    1.0000000000E-12
   6830000    3.5819257925E-01    5.5319995460E+06    1.9815211858E+06    1.0000000000E-12
   6840000    3.5768704895E-01    5.5319680169E+06    1.9787133149E+06    1.0000000000E-12
   6850000    3.5718204186E-01    5.5319364530E+06    1.9759083577E+06    1.0000000000E-12
   6860000    3.5667755692E-01    5.5319048530E+06    1.9731063081E+06    1.0000000000E-12
   6870000    3.5617359308E-01    5.5318732158E+06    1.9703071598E+06    1.0000000000E-12
   6880000    3.5567014929E-01    5.5318415403E+06    1.9675109065E+06    1.0000000000E-12
   6890000    3.5516722448E-01    5.5318098255E+06    1.9647175421E+06    1.0000000000E-12
   6900000    3.5466481765E-01    5.5317780718E+06    1.9619270611E+06    1.0000000000E-12
   6910000    3.5416292785E-01    5.5317462806E+06    1.9591394588E+06    1.0000000000E-12
   6920000    3.5366155417E-01    5.5317144532E+06    1.9563547307E+06    1.0000000000E-12
   6930000    3.5316069570E-01    5.5316825912E+06    1.9535728723E+06    1.0000000000E-12
   6940000    3.5266035162E-01    5.5316506957E+06    1.9507938794E+06    1.0000000000E-12
   6950000    3.5216052116E-01    5.5316187678E+06    1.9480177481E+06    1.0000000000E-12
   6960000    3.5166120353E-01    5.5315868088E+06    1.9452444746E+06    1.0000000000E-12
   6970000    3.5116239802E-01    5.5315548196E+06    1.9424740552E+06    1.0000000000E-12
   6980000    3.5066410397E-01    5.5315228010E+06    1.9397064866E+06    1.0000000000E-12
   6990000    3.5016632072E-01    5.5314907539E+06    1.9369417654E+06    1.0000000000E-12
   7000000    3.4966904759E-01    5.5314586793E+06    1.9341798882E+06    1.0000000000E-12
   7010000    3.4917228394E-01    5.5314265779E+06    1.9314208517E+06    1.0000000000E-12
   7020000    3.4867602912E-01    5.5313944508E+06    1.9286646526E+06    1.0000000000E-12
   7030000    3.4818028242E-01    5.5313622989E+06    1.9259112874E+06    1.0000000000E-12
   7040000    3.4768504311E-01    5.5313301235E+06    1.9231607524E+06    1.0000000000E-12
   7050000    3.4719031048E-01    5.5312979257E+06    1.9204130442E+06    1.0000000000E-12
   7060000    3.4669608389E-01    5.5312657063E+06    1.9176681594E+06    1.0000000000E-12
   7070000    3.4620236267E-01    5.5312334664E+06    1.9149260946E+06    1.0000000000E-12
   7080000    3.4570914616E-01    5.5312012070E+06    1.9121868465E+06    1.0000000000E-12
   7090000    3.4521643369E-01    5.5311689291E+06    1.9094504119E+06    1.0000000000E-12
   7100000    3.4472422463E-01    5.5311366337E+06    1.9067167874E+06    1.0000000000E-12
   7110000    3.4423251831E-01    5.5311043217E+06    1.9039859697E+06    1.0000000000E-12
   7120000    3.4374131404E-01    5.5310719941E+06    1.9012579553E+06    1.0000000000E-12
   7130000    3.4325061122E-01    5.5310396507E+06    1.8985327408E+06    1.0000000000E-12
   7140000    3.4276040929E-01    5.5310072910E+06    1.8958103229E+06    1.0000000000E-12
   7150000    3.4227070760E-01    5.5309749148E+06    1.8930906978E+06    1.0000000000E-12
   7160000    3.4178150552E-01    5.5309425217E+06    1.8903738620E+06    1.0000000000E-12
   7170000    3.4129280239E-01    5.5309101115E+06    1.8876598117E+06    1.0000000000E-12
   7180000    3.4080459758E-01    5.5308776840E+06    1.8849485434E+06    1.0000000000E-12
   7190000    3.4031689045E-01    5.5308452388E+06    1.8822400532E+06    1.0000000000E-12
   7200000    3.3982968035E-01    5.5308127757E+06    1.8795343377E+06    1.0000000000E-12
   7210000    3.3934296673E-01    5.5307802921E+06    1.8768313926E+06    1.0000000000E-12
   7220000    3.3885674907E-01    5.5307477835E+06    1.8741312138E+06    1.0000000000E-12
   7230000    3.3837102685E-01    5.5307152457E+06    1.8714337969E+06    1.0000000000E-12
   7240000    3.3788579939E-01    5.5306826765E+06    1.8687391373E+06    1.0000000000E-12
   7250000    3.3740106595E-01    5.5306500747E+06    1.8660472306E+06    1.0000000000E-12
   7260000    3.3691682578E-01    5.5306174395E+06    1.8633580723E+06    1.0000000000E-12
   7270000    3.3643307811E-01    5.5305847699E+06    1.8606716579E+06    1.0000000000E-12
   7280000    3.3594982221E-01    5.5305520648E+06    1.8579879829E+06    1.0000000000E-12
   7290000    3.3546705733E-01    5.5305193234E+06    1.8553070429E+06    1.0000000000E-12
   7300000    3.3498478270E-01    5.5304865450E+06    1.8526288335E+06    1.0000000000E-12
   7310000    3.3450299753E-01    5.5304537298E+06    1.8499533504E+06    1.0000000000E-12
   7320000    3.3402170103E-01    5.5304208785E+06    1.8472805893E+06    1.0000000000E-12
   7330000    3.3354089239E-01    5.5303879916E+06    1.8446105460E+06    1.0000000000E-12
   7340000    3.3306057082E-01    5.5303550698E+06    1.8419432164E+06    1.0000000000E-12
   7350000    3.3258073556E-01    5.5303221138E+06    1.8392785965E+06    1.0000000000E-12
   7360000    3.3210138598E-01    5.5302891250E+06    1.8366166833E+06    1.0000000000E-12
   7370000    3.3162252144E-01    5.5302561047E+06    1.8339574737E+06    1.0000000000E-12
   7380000    3.3114414131E-01    5.5302230541E+06    1.8313009645E+06    1.0000000000E-12
   7390000    3.3066624497E-01    5.5301899746E+06    1.8286471529E+06    1.0000000000E-12
   7400000    3.3018883178E-01    5.5301568674E+06    1.8259960356E+06    1.0000000000E-12
   7410000    3.2971190112E-01    5.5301237341E+06    1.8233476098E+06    1.0000000000E-12
   7420000    3.2923545236E-01    5.5300905758E+06    1.8207018723E+06    1.0000000000E-12
   7430000    3.2875948489E-01    5.5300573940E+06    1.8180588203E+06    1.0000000000E-12
   7440000    3.2828399807E-01    5.5300241900E+06    1.8154184505E+06    1.0000000000E-12
   7450000    3.2780899130E-01    5.5299909652E+06    1.8127807602E+06    1.0000000000E-12
   7460000    3.2733446397E-01    5.5299577209E+06    1.8101457464E+06    1.0000000000E-12
   7470000    3.2686041558E-01    5.5299244581E+06    1.8075134065E+06    1.0000000000E-12
   7480000    3.2638684562E-01    5.5298911778E+06    1.8048837382E+06    1.0000000000E-12
   7490000    3.2591375361E-01    5.5298578809E+06    1.8022567389E+06    1.0000000000E-12
   7500000    3.2544113904E-01    5.5298245683E+06    1.7996324062E+06    1.0000000000E-12
   7510000    3.2496900142E-01    5.5297912412E+06    1.7970107377E+06    1.0000000000E-12
   7520000    3.2449734026E-01    5.5297579004E+06    1.7943917310E+06    1.0000000000E-12
   7530000    3.2402615494E-01    5.5297245475E+06    1.7917753830E+06    1.0000000000E-12
   7540000    3.2355544484E-01    5.5296911836E+06    1.7891616908E+06    1.0000000000E-12
   7550000    3.2308520950E-01    5.5296578094E+06    1.7865506518E+06    1.0000000000E-12
   7560000    3.2261544847E-01    5.5296244249E+06    1.7839422637E+06    1.0000000000E-12
   7570000    3.2214616133E-01    5.5295910304E+06    1.7813365242E+06    1.0000000000E-12
   7580000    3.2167734764E-01    5.5295576261E+06    1.7787334308E+06    1.0000000000E-12
   7590000    3.2120900698E-01    5.5295242120E+06    1.7761329812E+06    1.0000000000E-12
   7600000    3.2074113890E-01    5.5294907885E+06    1.7735351731E+06    1.0000000000E-12
   7610000    3.2027374291E-01    5.5294573557E+06    1.7709400035E+06    1.0000000000E-12
   7620000    3.1980681851E-01    5.5294239134E+06    1.7683474699E+06    1.0000000000E-12
   7630000    3.1934036527E-01    5.5293904618E+06    1.7657575698E+06    1.0000000000E-12
   7640000    3.1887438279E-01    5.5293570004E+06    1.7631703007E+06    1.0000000000E-12
   7650000    3.1840887065E-01    5.5293235291E+06    1.7605856604E+06    1.0000000000E-12
   7660000    3.1794382852E-01    5.5292900452E+06    1.7580036460E+06    1.0000000000E-12
   7670000    3.1747925610E-01    5.5292565450E+06    1.7554242547E+06    1.0000000000E-12
   7680000    3.1701515303E-01    5.5292230257E+06    1.7528474836E+06    1.0000000000E-12
   7690000    3.1655151882E-01    5.5291894860E+06    1.7502733296E+06    1.0000000000E-12
   7700000    3.1608835297E-01    5.5291559252E+06    1.7477017897E+06    1.0000000000E-12
   7710000    3.1562565498E-01    5.5291223424E+06    1.7451328608E+06    1.0000000000E-12
   7720000    3.1516342433E-01    5.5290887368E+06    1.7425665397E+06    1.0000000000E-12
   7730000    3.1470166052E-01    5.5290551079E+06    1.7400028236E+06    1.0000000000E-12
   7740000    3.1424036300E-01    5.5290214560E+06    1.7374417094E+06    1.0000000000E-12
   7750000    3.1377953120E-01    5.5289877816E+06    1.7348831941E+06    1.0000000000E-12
   7760000    3.1331916459E-01    5.5289540850E+06    1.7323272750E+06    1.0000000000E-12
   7770000    3.1285926260E-01    5.5289203669E+06    1.7297739490E+06    1.0000000000E-12
   7780000    3.1239982469E-01    5.5288866277E+06    1.7272232132E+06    1.0000000000E-12
   7790000    3.1194085031E-01    5.5288528680E+06    1.7246750649E+06    1.0000000000E-12
   7800000    3.1148233893E-01    5.5288190884E+06    1.7221295012E+06    1.0000000000E-12
   7810000    3.1102428999E-01    5.5287852893E+06    1.7195865191E+06    1.0000000000E-12
   7820000    3.1056670297E-01    5.5287514713E+06    1.7170461160E+06    1.0000000000E-12
   7830000    3.1010957742E-01    5.5287176355E+06    1.7145082896E+06    1.0000000000E-12
   7840000    3.0965291293E-01    5.5286837829E+06    1.7119730380E+06    1.0000000000E-12
   7850000    3.0919670909E-01    5.5286499146E+06    1.7094403593E+06    1.0000000000E-12
   7860000    3.0874096550E-01    5.5286160318E+06    1.7069102515E+06    1.0000000000E-12
   7870000    3.0828568175E-01    5.5285821356E+06    1.7043827127E+06    1.0000000000E-12
   7880000    3.0783085743E-01    5.5285482271E+06    1.7018577411E+06    1.0000000000E-12
   7890000    3.0737649222E-01    5.5285143072E+06    1.6993353349E+06    1.0000000000E-12
   7900000    3.0692258581E-01    5.5284803769E+06    1.6968154929E+06    1.0000000000E-12
   7910000    3.0646913797E-01    5.5284464367E+06    1.6942982138E+06    1.0000000000E-12
   7920000    3.0601614849E-01    5.5284124872E+06    1.6917834966E+06    1.0000000000E-12
   7930000    3.0556361720E-01    5.5283785287E+06    1.6892713405E+06    1.0000000000E-12
   7940000    3.0511154390E-01    5.5283445619E+06    1.6867617445E+06    1.0000000000E-12
   7950000    3.0465992840E-01    5.5283105871E+06    1.6842547077E+06    1.0000000000E-12
   7960000    3.0420877053E-01    5.5282766048E+06    1.6817502291E+06    1.0000000000E-12
   7970000    3.0375807009E-01    5.5282426156E+06    1.6792483079E+06    1.0000000000E-12
   7980000    3.0330782692E-01    5.5282086196E+06    1.6767489432E+06    1.0000000000E-12
   7990000    3.0285804100E-01    5.5281746166E+06    1.6742521347E+06    1.0000000000E-12
   8000000    3.0240871231E-01    5.5281406056E+06    1.6717578820E+06    1.0000000000E-12
   8010000    3.0195984085E-01    5.5281065861E+06    1.6692661850E+06    1.0000000000E-12
   8020000    3.0151142661E-01    5.5280725573E+06    1.6667770432E+06    1.0000000000E-12
   8030000    3.0106346958E-01    5.5280385185E+06    1.6642904564E+06    1.0000000000E-12
   8040000    3.0061596974E-01    5.5280044692E+06    1.6618064242E+06    1.0000000000E-12
   8050000    3.0016892708E-01    5.5279704085E+06    1.6593249465E+06    1.0000000000E-12
   8060000    2.9972234154E-01    5.5279363361E+06    1.6568460225E+06    1.0000000000E-12
   8070000    2.9927621296E-01    5.5279022517E+06    1.6543696515E+06    1.0000000000E-12
   8080000    2.9883054120E-01    5.5278681550E+06    1.6518958324E+06    1.0000000000E-12
   8090000    2.9838532608E-01    5.5278340461E+06    1.6494245644E+06    1.0000000000E-12
   8100000    2.9794056744E-01    5.5277999246E+06    1.6469558462E+06    1.0000000000E-12
   8110000    2.9749626503E-01    5.5277657907E+06    1.6444896767E+06    1.0000000000E-12
   8120000    2.9705241852E-01    5.5277316444E+06    1.6420260539E+06    1.0000000000E-12
   8130000    2.9660902762E-01    5.5276974842E+06    1.6395649758E+06    1.0000000000E-12
   8140000    2.9616609205E-01    5.5276633074E+06    1.6371064399E+06    1.0000000000E-12
   8150000    2.9572361149E-01    5.5276291120E+06    1.6346504440E+06    1.0000000000E-12
   8160000    2.9528158551E-01    5.5275948975E+06    1.6321969854E+06    1.0000000000E-12
   8170000    2.9484001366E-01    5.5275606635E+06    1.6297460615E+06    1.0000000000E-12
   8180000    2.9439889549E-01    5.5275264097E+06    1.6272976698E+06    1.0000000000E-12
   8190000    2.9395823052E-01    5.5274921367E+06    1.6248518077E+06    1.0000000000E-12
   8200000    2.9351801826E-01    5.5274578450E+06    1.6224084727E+06    1.0000000000E-12
   8210000    2.9307825822E-01    5.5274235353E+06    1.6199676621E+06    1.0000000000E-12
   8220000    2.9263894990E-01    5.5273892084E+06    1.6175293736E+06    1.0000000000E-12
   8230000    2.9220009284E-01    5.5273548648E+06    1.6150936047E+06    1.0000000000E-12
   8240000    2.9176168654E-01    5.5273205055E+06    1.6126603527E+06    1.0000000000E-12
   8250000    2.9132373051E-01    5.5272861310E+06    1.6102296153E+06    1.0000000000E-12
   8260000    2.9088622429E-01    5.5272517422E+06    1.6078013900E+06    1.0000000000E-12
   8270000    2.9044916739E-01    5.5272173397E+06    1.6053756743E+06    1.0000000000E-12
   8280000    2.9001255932E-01    5.5271829244E+06    1.6029524657E+06    1.0000000000E-12
   8290000    2.8957639961E-01    5.5271484970E+06    1.6005317619E+06    1.0000000000E-12
   8300000    2.8914068779E-01    5.5271140583E+06    1.5981135603E+06    1.0000000000E-12
   8310000    2.8870542338E-01    5.5270796091E+06    1.5956978586E+06    1.0000000000E-12
   8320000    2.8827060591E-01    5.5270451502E+06    1.5932846543E+06    1.0000000000E-12
   8330000    2.8783623497E-01    5.5270106827E+06    1.5908739456E+06    1.0000000000E-12
   8340000    2.8740231021E-01    5.5269762079E+06    1.5884657306E+06    1.0000000000E-12
   8350000    2.8696883126E-01    5.5269417270E+06    1.5860600078E+06    1.0000000000E-12
   8360000    2.8653579774E-01    5.5269072412E+06    1.5836567754E+06    1.0000000000E-12
   8370000    2.8610320931E-01    5.5268727518E+06    1.5812560318E+06    1.0000000000E-12
   8380000    2.8567106568E-01    5.5268382597E+06    1.5788577755E+06    1.0000000000E-12
   8390000    2.8523936663E-01    5.5268037658E+06    1.5764620057E+06    1.0000000000E-12
   8400000    2.8480811199E-01    5.5267692707E+06    1.5740687214E+06    1.0000000000E-12
   8410000    2.8437730154E-01    5.5267347750E+06    1.5716779216E+06    1.0000000000E-12
   8420000    2.8394693510E-01    5.5267002795E+06    1.5692896056E+06    1.0000000000E-12
   8430000    2.8351701247E-01    5.5266657849E+06    1.5669037722E+06    1.0000000000E-12
   8440000    2.8308753346E-01    5.5266312919E+06    1.5645204207E+06    1.0000000000E-12
   8450000    2.8265849794E-01    5.5265968006E+06    1.5621395504E+06    1.0000000000E-12
   8460000    2.8222990588E-01    5.5265623109E+06    1.5597611609E+06    1.0000000000E-12
   8470000    2.8180175724E-01    5.5265278224E+06    1.5573852518E+06    1.0000000000E-12
   8480000    2.8137405196E-01    5.5264933347E+06    1.5550118227E+06    1.0000000000E-12
   8490000    2.8094679001E-01    5.5264588476E+06    1.5526408734E+06    1.0000000000E-12
   8500000    2.8051997134E-01    5.5264243609E+06    1.5502724033E+06    1.0000000000E-12
   8510000    2.8009359591E-01    5.5263898741E+06    1.5479064122E+06    1.0000000000E-12
   8520000    2.7966766365E-01    5.5263553871E+06    1.5455428996E+06    1.0000000000E-12
   8530000    2.7924217453E-01    5.5263208995E+06    1.5431818651E+06    1.0000000000E-12
   8540000    2.7881712849E-01    5.5262864112E+06    1.5408233084E+06    1.0000000000E-12
   8550000    2.7839252547E-01    5.5262519217E+06    1.5384672289E+06    1.0000000000E-12
   8560000    2.7796836542E-01    5.5262174310E+06    1.5361136262E+06    1.0000000000E-12
   8570000    2.7754464828E-01    5.5261829387E+06    1.5337625000E+06    1.0000000000E-12
   8580000    2.7712137398E-01    5.5261484447E+06    1.5314138498E+06    1.0000000000E-12
   8590000    2.7669854247E-01    5.5261139486E+06    1.5290676751E+06    1.0000000000E-12
   8600000    2.7627615369E-01    5.5260794504E+06    1.5267239755E+06    1.0000000000E-12
   8610000    2.7585420756E-01    5.5260449497E+06    1.5243827505E+06    1.0000000000E-12
   8620000    2.7543270402E-01    5.5260104460E+06    1.5220439996E+06    1.0000000000E-12
   8630000    2.7501164308E-01    5.5259759374E+06    1.5197077222E+06    1.0000000000E-12
   8640000    2.7459102472E-01    5.5259414216E+06    1.5173739175E+06    1.0000000000E-12
   8650000    2.7417084879E-01    5.5259068976E+06    1.5150425845E+06    1.0000000000E-12
   8660000    2.7375111500E-01    5.5258723657E+06    1.5127137215E+06    1.0000000000E-12
   8670000    2.7333182301E-01    5.5258378262E+06    1.5103873267E+06    1.0000000000E-12
   8680000    2.7291297249E-01    5.5258032797E+06    1.5080633985E+06    1.0000000000E-12
   8690000    2.7249456308E-01    5.5257687265E+06    1.5057419348E+06    1.0000000000E-12
   8700000    2.7207659445E-01    5.5257341673E+06    1.5034229341E+06    1.0000000000E-12
   8710000    2.7165906626E-01    5.5256996024E+06    1.5011063944E+06    1.0000000000E-12
   8720000    2.7124197815E-01    5.5256650323E+06    1.4987923140E+06    1.0000000000E-12
   8730000    2.7082532979E-01    5.5256304577E+06    1.4964806910E+06    1.0000000000E-12
   8740000    2.7040912084E-01    5.5255958790E+06    1.4941715237E+06    1.0000000000E-12
   8750000    2.6999335095E-01    5.5255612968E+06    1.4918648104E+06    1.0000000000E-12
   8760000    2.6957801979E-01    5.5255267115E+06    1.4895605492E+06    1.0000000000E-12
   8770000    2.6916312701E-01    5.5254921238E+06    1.4872587383E+06    1.0000000000E-12
   8780000    2.6874867227E-01    5.5254575342E+06    1.4849593760E+06    1.0000000000E-12
   8790000    2.6833465523E-01    5.5254229432E+06    1.4826624605E+06    1.0000000000E-12
   8800000    2.6792107556E-01    5.5253883515E+06    1.4803679900E+06    1.0000000000E-12
   8810000    2.6750793291E-01    5.5253537596E+06    1.4780759628E+06    1.0000000000E-12
   8820000    2.6709522694E-01    5.5253191681E+06    1.4757863771E+06    1.0000000000E-12
   8830000    2.6668295732E-01    5.5252845777E+06    1.4734992312E+06    1.0000000000E-12
   8840000    2.6627112370E-01    5.5252499888E+06    1.4712145233E+06    1.0000000000E-12
   8850000    2.6585972576E-01    5.5252154023E+06    1.4689322516E+06    1.0000000000E-12
   8860000    2.6544876322E-01    5.5251808188E+06    1.4666524149E+06    1.0000000000E-12
   8870000    2.6503823583E-01    5.5251462395E+06    1.4643750120E+06    1.0000000000E-12
   8880000    2.6462814334E-01    5.5251116653E+06    1.4621000418E+06    1.0000000000E-12
   8890000    2.6421848553E-01    5.5250770970E+06    1.4598275030E+06    1.0000000000E-12
   8900000    2.6380926220E-01    5.5250425354E+06    1.4575573949E+06    1.0000000000E-12
   8910000    2.6340047320E-01    5.5250079812E+06    1.4552897167E+06    1.0000000000E-12
   8920000    2.6299211834E-01    5.5249734350E+06    1.4530244674E+06    1.0000000000E-12
   8930000    2.6258419745E-01    5.5249388976E+06    1.4507616464E+06    1.0000000000E-12
   8940000    2.6217671037E-01    5.5249043697E+06    1.4485012527E+06    1.0000000000E-12
   8950000    2.6176965703E-01    5.5248698513E+06    1.4462432861E+06    1.0000000000E-12
   8960000    2.6136303738E-01    5.5248353422E+06    1.4439877461E+06    1.0000000000E-12
   8970000    2.6095685138E-01    5.5248008425E+06    1.4417346324E+06    1.0000000000E-12
   8980000    2.6055109899E-01    5.5247663519E+06    1.4394839447E+06    1.0000000000E-12
   8990000    2.6014578016E-01    5.5247318704E+06    1.4372356826E+06    1.0000000000E-12
   9000000    2.5974089483E-01    5.5246973978E+06    1.4349898458E+06    1.0000000000E-12
   9010000    2.5933644296E-01    5.5246629341E+06    1.4327464339E+06    1.0000000000E-12
   9020000    2.5893242449E-01    5.5246284791E+06    1.4305054465E+06    1.0000000000E-12
   9030000    2.5852883937E-01    5.5245940328E+06    1.4282668833E+06    1.0000000000E-12
   9040000    2.5812568753E-01    5.5245595951E+06    1.4260307438E+06    1.0000000000E-12
   9050000    2.5772296891E-01    5.5245251659E+06    1.4237970276E+06    1.0000000000E-12
   9060000    2.5732068346E-01    5.5244907453E+06    1.4215657343E+06    1.0000000000E-12
   9070000    2.5691883111E-01    5.5244563330E+06    1.4193368636E+06    1.0000000000E-12
   9080000    2.5651741179E-01    5.5244219290E+06    1.4171104149E+06    1.0000000000E-12
   9090000    2.5611642546E-01    5.5243875333E+06    1.4148863879E+06    1.0000000000E-12
   9100000    2.5571587214E-01    5.5243531456E+06    1.4126647826E+06    1.0000000000E-12
   9110000    2.5531575182E-01    5.5243187656E+06    1.4104455989E+06    1.0000000000E-12
   9120000    2.5491606452E-01    5.5242843930E+06    1.4082288367E+06    1.0000000000E-12
   9130000    2.5451681025E-01    5.5242500276E+06    1.4060144960E+06    1.0000000000E-12
   9140000    2.5411798901E-01    5.5242156692E+06    1.4038025767E+06    1.0000000000E-12
   9150000    2.5371960085E-01    5.5241813168E+06    1.4015930787E+06    1.0000000000E-12
   9160000    2.5332164581E-01    5.5241469685E+06    1.3993860018E+06    1.0000000000E-12
   9170000    2.5292412385E-01    5.5241126240E+06    1.3971813455E+06    1.0000000000E-12
   9180000    2.5252703490E-01    5.5240782833E+06    1.3949791094E+06    1.0000000000E-12
   9190000    2.5213037886E-01    5.5240439463E+06    1.3927792930E+06    1.0000000000E-12
   9200000    2.5173415565E-01    5.5240096132E+06    1.3905818958E+06    1.0000000000E-12
   9210000    2.5133836518E-01    5.5239752839E+06    1.3883869172E+06    1.0000000000E-12
   9220000    2.5094300738E-01    5.5239409587E+06    1.3861943567E+06    1.0000000000E-12
   9230000    2.5054808213E-01    5.5239066374E+06    1.3840042139E+06    1.0000000000E-12
   9240000    2.5015358935E-01    5.5238723203E+06    1.3818164880E+06    1.0000000000E-12
   9250000    2.4975952889E-01    5.5238380072E+06    1.3796311783E+06    1.0000000000E-12
   9260000    2.4936590062E-01    5.5238036983E+06    1.3774482841E+06    1.0000000000E-12
   9270000    2.4897270443E-01    5.5237693935E+06    1.3752678045E+06    1.0000000000E-12
   9280000    2.4857994023E-01    5.5237350926E+06    1.3730897392E+06    1.0000000000E-12
   9290000    2.4818760796E-01    5.5237007956E+06    1.3709140875E+06    1.0000000000E-12
   9300000    2.4779570753E-01    5.5236665023E+06    1.3687408491E+06    1.0000000000E-12
   9310000    2.4740423887E-01    5.5236322127E+06    1.3665700234E+06    1.0000000000E-12
   9320000    2.4701320184E-01    5.5235979268E+06    1.3644016096E+06    1.0000000000E-12
   9330000    2.4662259626E-01    5.5235636448E+06    1.3622356067E+06    1.0000000000E-12
   9340000    2.4623242194E-01    5.5235293669E+06    1.3600720137E+06    1.0000000000E-12
   9350000    2.4584267865E-01    5.5234950936E+06    1.3579108294E+06    1.0000000000E-12
   9360000    2.4545336612E-01    5.5234608254E+06    1.3557520522E+06    1.0000000000E-12
   9370000    2.4506448406E-01    5.5234265627E+06    1.3535956808E+06    1.0000000000E-12
   9380000    2.4467603220E-01    5.5233923061E+06    1.3514417138E+06    1.0000000000E-12
   9390000    2.4428801027E-01    5.5233580561E+06    1.3492901495E+06    1.0000000000E-12
   9400000    2.4390041799E-01    5.5233238132E+06    1.3471409867E+06    1.0000000000E-12
   9410000    2.4351325508E-01    5.5232895779E+06    1.3449942239E+06    1.0000000000E-12
   9420000    2.4312652131E-01    5.5232553510E+06    1.3428498598E+06    1.0000000000E-12
   9430000    2.4274021646E-01    5.5232211333E+06    1.3407078935E+06    1.0000000000E-12
   9440000    2.4235434034E-01    5.5231869256E+06    1.3385683239E+06    1.0000000000E-12
   9450000    2.4196889278E-01    5.5231527285E+06    1.3364311504E+06    1.0000000000E-12
   9460000    2.4158387365E-01    5.5231185425E+06    1.3342963721E+06    1.0000000000E-12
   9470000    2.4119928279E-01    5.5230843682E+06    1.3321639884E+06    1.0000000000E-12
   9480000    2.4081512011E-01    5.5230502060E+06    1.3300339987E+06    1.0000000000E-12
   9490000    2.4043138557E-01    5.5230160557E+06    1.3279064028E+06    1.0000000000E-12
   9500000    2.4004807912E-01    5.5229819173E+06    1.3257812002E+06    1.0000000000E-12
   9510000    2.3966520073E-01    5.5229477905E+06    1.3236583908E+06    1.0000000000E-12
   9520000    2.3928275036E-01    5.5229136753E+06    1.3215379742E+06    1.0000000000E-12
   9530000    2.3890072796E-01    5.5228795717E+06    1.3194199501E+06    1.0000000000E-12
   9540000    2.3851913349E-01    5.5228454794E+06    1.3173043181E+06    1.0000000000E-12
   9550000    2.3813796690E-01    5.5228113985E+06    1.3151910780E+06    1.0000000000E-12
   9560000    2.3775722814E-01    5.5227773288E+06    1.3130802293E+06    1.0000000000E-12
   9570000    2.3737691716E-01    5.5227432702E+06    1.3109717717E+06    1.0000000000E-12
   9580000    2.3699703391E-01    5.5227092227E+06    1.3088657049E+06    1.0000000000E-12
   9590000    2.3661757833E-01    5.5226751863E+06    1.3067620285E+06    1.0000000000E-12
   9600000    2.3623855037E-01    5.5226411607E+06    1.3046607420E+06    1.0000000000E-12
   9610000    2.3585994998E-01    5.5226071461E+06    1.3025618452E+06    1.0000000000E-12
   9620000    2.3548177708E-01    5.5225731422E+06    1.3004653376E+06    1.0000000000E-12
   9630000    2.3510403162E-01    5.5225391491E+06    1.2983712187E+06    1.0000000000E-12
   9640000    2.3472671354E-01    5.5225051667E+06    1.2962794883E+06    1.0000000000E-12
   9650000    2.3434982276E-01    5.5224711949E+06    1.2941901458E+06    1.0000000000E-12
   9660000    2.3397335923E-01    5.5224372338E+06    1.2921031908E+06    1.0000000000E-12
   9670000    2.3359732288E-01    5.5224032833E+06    1.2900186228E+06    1.0000000000E-12
   9680000    2.3322171362E-01    5.5223693433E+06    1.2879364415E+06    1.0000000000E-12
   9690000    2.3284653140E-01    5.5223354139E+06    1.2858566464E+06    1.0000000000E-12
   9700000    2.3247177613E-01    5.5223014952E+06    1.2837792369E+06    1.0000000000E-12
   9710000    2.3209744774E-01    5.5222675872E+06    1.2817042127E+06    1.0000000000E-12
   9720000    2.3172354614E-01    5.5222336892E+06    1.2796315731E+06    1.0000000000E-12
   9730000    2.3135007121E-01    5.5221998013E+06    1.2775613173E+06    1.0000000000E-12
   9740000    2.3097702280E-01    5.5221659239E+06    1.2754934445E+06    1.0000000000E-12
   9750000    2.3060440076E-01    5.5221320572E+06    1.2734279540E+06    1.0000000000E-12
   9760000    2.3023220494E-01    5.5220982012E+06    1.2713648448E+06    1.0000000000E-12
   9770000    2.2986043520E-01    5.5220643564E+06    1.2693041162E+06    1.0000000000E-12
   9780000    2.2948909139E-01    5.5220305229E+06    1.2672457673E+06    1.0000000000E-12
   9790000    2.2911817334E-01    5.5219967010E+06    1.2651897973E+06    1.0000000000E-12
   9800000    2.2874768092E-01    5.5219628910E+06    1.2631362054E+06    1.0000000000E-12
   9810000    2.2837761397E-01    5.5219290930E+06    1.2610849908E+06    1.0000000000E-12
   9820000    2.2800797234E-01    5.5218953073E+06    1.2590361525E+06    1.0000000000E-12
   9830000    2.2763875586E-01    5.5218615342E+06    1.2569896897E+06    1.0000000000E-12
   9840000    2.2726996439E-01    5.5218277740E+06    1.2549456016E+06    1.0000000000E-12
   9850000    2.2690159776E-01    5.5217940269E+06    1.2529038872E+06    1.0000000000E-12
   9860000    2.2653365580E-01    5.5217602931E+06    1.2508645457E+06    1.0000000000E-12
   9870000    2.2616613831E-01    5.5217265729E+06    1.2488275758E+06    1.0000000000E-12
   9880000    2.2579904511E-01    5.5216928665E+06    1.2467929766E+06    1.0000000000E-12
   9890000    2.2543237600E-01    5.5216591741E+06    1.2447607471E+06    1.0000000000E-12
   9900000    2.2506613080E-01    5.5216254958E+06    1.2427308861E+06    1.0000000000E-12
   9910000    2.2470030932E-01    5.5215918321E+06    1.2407033926E+06    1.0000000000E-12
   9920000    2.2433491137E-01    5.5215581831E+06    1.2386782656E+06    1.0000000000E-12
   9930000    2.2396993675E-01    5.5215245490E+06    1.2366555040E+06    1.0000000000E-12
   9940000    2.2360538527E-01    5.5214909301E+06    1.2346351067E+06    1.0000000000E-12
   9950000    2.2324125674E-01    5.5214573266E+06    1.2326170726E+06    1.0000000000E-12
   9960000    2.2287755097E-01    5.5214237388E+06    1.2306014008E+06    1.0000000000E-12
   9970000    2.2251426776E-01    5.5213901670E+06    1.2285880900E+06    1.0000000000E-12
   9980000    2.2215140692E-01    5.5213566115E+06    1.2265771393E+06    1.0000000000E-12
   9990000    2.2178896825E-01    5.5213230724E+06    1.2245685476E+06    1.0000000000E-12
  10000000    2.2142695157E-01    5.5212895500E+06    1.2225623138E+06    1.0000000000E-12
  10010000    2.2106535667E-01    5.5212560447E+06    1.2205584368E+06    1.0000000000E-12
  10020000    2.2070418340E-01    5.5212225569E+06    1.2185569158E+06    1.0000000000E-12
  10030000    2.2034343162E-01    5.5211890871E+06    1.2165577501E+06    1.0000000000E-12
  10040000    2.1998310119E-01    5.5211556357E+06    1.2145609389E+06    1.0000000000E-12
  10050000    2.1962319198E-01    5.5211222032E+06    1.2125664816E+06    1.0000000000E-12
  10060000    2.1926370392E-01    5.5210887897E+06    1.2105743777E+06    1.0000000000E-12
  10070000    2.1890463701E-01    5.5210553951E+06    1.2085846272E+06    1.0000000000E-12
  10080000    2.1854599123E-01    5.5210220190E+06    1.2065972298E+06    1.0000000000E-12
  10090000    2.1818776653E-01    5.5209886615E+06    1.2046121851E+06    1.0000000000E-12
  10100000    2.1782996281E-01    5.5209553225E+06    1.2026294926E+06    1.0000000000E-12
  10110000    2.1747258000E-01    5.5209220021E+06    1.2006491518E+06    1.0000000000E-12
  10120000    2.1711561802E-01    5.5208887001E+06    1.1986711621E+06    1.0000000000E-12
  10130000    2.1675907676E-01    5.5208554167E+06    1.1966955231E+06    1.0000000000E-12
  10140000    2.1640295616E-01    5.5208221518E+06    1.1947222341E+06    1.0000000000E-12
  10150000    2.1604725610E-01    5.5207889055E+06    1.1927512945E+06    1.0000000000E-12
  10160000    2.1569197650E-01    5.5207556777E+06    1.1907827039E+06    1.0000000000E-12
  10170000    2.1533711727E-01    5.5207224685E+06    1.1888164616E+06    1.0000000000E-12
  10180000    2.1498267830E-01    5.5206892779E+06    1.1868525670E+06    1.0000000000E-12
  10190000    2.1462865950E-01    5.5206561059E+06    1.1848910196E+06    1.0000000000E-12
  10200000    2.1427506077E-01    5.5206229526E+06    1.1829318187E+06    1.0000000000E-12
  10210000    2.1392188201E-01    5.5205898180E+06    1.1809749636E+06    1.0000000000E-12
  10220000    2.1356912310E-01    5.5205567021E+06    1.1790204539E+06    1.0000000000E-12
  10230000    2.1321678394E-01    5.5205236050E+06    1.1770682887E+06    1.0000000000E-12
  10240000    2.1286486443E-01    5.5204905267E+06    1.1751184676E+06    1.0000000000E-12
  10250000    2.1251336446E-01    5.5204574672E+06    1.1731709897E+06    1.0000000000E-12
  10260000    2.1216228391E-01    5.5204244267E+06    1.1712258545E+06    1.0000000000E-12
  10270000    2.1181162268E-01    5.5203914051E+06    1.1692830613E+06    1.0000000000E-12
  10280000    2.1146138063E-01    5.5203584027E+06    1.1673426094E+06    1.0000000000E-12
  10290000    2.1111155765E-01    5.5203254197E+06    1.1654044981E+06    1.0000000000E-12
  10300000    2.1076215357E-01    5.5202924568E+06    1.1634687265E+06    1.0000000000E-12
  10310000    2.1041316828E-01    5.5202595141E+06    1.1615352941E+06    1.0000000000E-12
  10320000    2.1006460163E-01    5.5202265914E+06    1.1596041998E+06    1.0000000000E-12
  10330000    2.0971645346E-01    5.5201936889E+06    1.1576754428E+06    1.0000000000E-12
  10340000    2.0936872358E-01    5.5201608068E+06    1.1557490221E+06    1.0000000000E-12
  10350000    2.0902141182E-01    5.5201279454E+06    1.1538249366E+06    1.0000000000E-12
  10360000    2.0867451800E-01    5.5200951049E+06    1.1519031854E+06    1.0000000000E-12
  10370000    2.0832804195E-01    5.5200622856E+06    1.1499837674E+06    1.0000000000E-12
  10380000    2.0798198347E-01    5.5200294877E+06    1.1480666816E+06    1.0000000000E-12
  10390000    2.0763634239E-01    5.5199967114E+06    1.1461519271E+06    1.0000000000E-12
  10400000    2.0729111852E-01    5.5199639571E+06    1.1442395029E+06    1.0000000000E-12
  10410000    2.0694631172E-01    5.5199312248E+06    1.1423294079E+06    1.0000000000E-12
  10420000    2.0660192183E-01    5.5198985147E+06    1.1404216415E+06    1.0000000000E-12
  10430000    2.0625794872E-01    5.5198658270E+06    1.1385162027E+06    1.0000000000E-12
  10440000    2.0591439224E-01    5.5198331618E+06    1.1366130908E+06    1.0000000000E-12
  10450000    2.0557125225E-01    5.5198005192E+06    1.1347123049E+06    1.0000000000E-12
  10460000    2.0522852859E-01    5.5197678994E+06    1.1328138442E+06    1.0000000000E-12
  10470000    2.0488622114E-01    5.5197353025E+06    1.1309177078E+06    1.0000000000E-12
  10480000    2.0454432973E-01    5.5197027287E+06    1.1290238950E+06    1.0000000000E-12
  10490000    2.0420285422E-01    5.5196701781E+06    1.1271324047E+06    1.0000000000E-12
  10500000    2.0386179447E-01    5.5196376508E+06    1.1252432363E+06    1.0000000000E-12
  10510000    2.0352115032E-01    5.5196051471E+06    1.1233563888E+06    1.0000000000E-12
  10520000    2.0318092160E-01    5.5195726670E+06    1.1214718613E+06    1.0000000000E-12
  10530000    2.0284110814E-01    5.5195402107E+06    1.1195896528E+06    1.0000000000E-12
  10540000    2.0250170978E-01    5.5195077784E+06    1.1177097622E+06    1.0000000000E-12
  10550000    2.0216272632E-01    5.5194753700E+06    1.1158321887E+06    1.0000000000E-12
  10560000    2.0182415761E-01    5.5194429859E+06    1.1139569311E+06    1.0000000000E-12
  10570000    2.0148600345E-01    5.5194106261E+06    1.1120839884E+06    1.0000000000E-12
  10580000    2.0114826368E-01    5.5193782907E+06    1.1102133598E+06    1.0000000000E-12
  10590000    2.0081093811E-01    5.5193459800E+06    1.1083450440E+06    1.0000000000E-12
  10600000    2.0047402658E-01    5.5193136940E+06    1.1064790402E+06    1.0000000000E-12
  10610000    2.0013752888E-01    5.5192814330E+06    1.1046153472E+06    1.0000000000E-12
  10620000    1.9980144486E-01    5.5192491970E+06    1.1027539641E+06    1.0000000000E-12
  10630000    1.9946577431E-01    5.5192169863E+06    1.1008948898E+06    1.0000000000E-12
  10640000    1.9913051707E-01    5.5191848010E+06    1.0990381232E+06    1.0000000000E-12
  10650000    1.9879567295E-01    5.5191526412E+06    1.0971836634E+06    1.0000000000E-12
  10660000    1.9846124177E-01    5.5191205072E+06    1.0953315093E+06    1.0000000000E-12
  10670000    1.9812722339E-01    5.5190883994E+06    1.0934816602E+06    1.0000000000E-12
  10680000    1.9779361768E-01    5.5190563179E+06    1.0916341153E+06    1.0000000000E-12
  10690000    1.9746042447E-01    5.5190242632E+06    1.0897888737E+06    1.0000000000E-12
  10700000    1.9712764365E-01    5.5189922356E+06    1.0879459347E+06    1.0000000000E-12
  10710000    1.9679527512E-01    5.5189602349E+06    1.0861052978E+06    1.0000000000E-12
  10720000    1.9646331880E-01    5.5189282612E+06    1.0842669624E+06    1.0000000000E-12
  10730000    1.9613177464E-01    5.5188963142E+06    1.0824309281E+06    1.0000000000E-12
  10740000    1.9580064257E-01    5.5188643939E+06    1.0805971946E+06    1.0000000000E-12
  10750000    1.9546992257E-01    5.5188324998E+06    1.0787657614E+06    1.0000000000E-12
  10760000    1.9513961459E-01    5.5188006320E+06    1.0769366283E+06    1.0000000000E-12
  10770000    1.9480971858E-01    5.5187687900E+06    1.0751097949E+06    1.0000000000E-12
  10780000    1.9448023450E-01    5.5187369737E+06    1.0732852608E+06    1.0000000000E-12
  10790000    1.9415116230E-01    5.5187051829E+06    1.0714630256E+06    1.0000000000E-12
  10800000    1.9382250192E-01    5.5186734174E+06    1.0696430891E+06    1.0000000000E-12
  10810000    1.9349425335E-01    5.5186416769E+06    1.0678254508E+06    1.0000000000E-12
  10820000    1.9316641658E-01    5.5186099610E+06    1.0660101107E+06    1.0000000000E-12
  10830000    1.9283899160E-01    5.5185782695E+06    1.0641970685E+06    1.0000000000E-12
  10840000    1.9251197838E-01    5.5185466020E+06    1.0623863241E+06    1.0000000000E-12
  10850000    1.9218537693E-01    5.5185149582E+06    1.0605778773E+06    1.0000000000E-12
  10860000    1.9185918722E-01    5.5184833377E+06    1.0587717279E+06    1.0000000000E-12
  10870000    1.9153340924E-01    5.5184517404E+06    1.0569678756E+06    1.0000000000E-12
  10880000    1.9120804297E-01    5.5184201657E+06    1.0551663202E+06    1.0000000000E-12
  10890000    1.9088308838E-01    5.5183886135E+06    1.0533670614E+06    1.0000000000E-12
  10900000    1.9055854544E-01    5.5183570835E+06    1.0515700991E+06    1.0000000000E-12
  10910000    1.9023441414E-01    5.5183255754E+06    1.0497754329E+06    1.0000000000E-12
  10920000    1.8991069442E-01    5.5182940890E+06    1.0479830624E+06    1.0000000000E-12
  10930000    1.8958738623E-01    5.5182626244E+06    1.0461929875E+06    1.0000000000E-12
  10940000    1.8926448951E-01    5.5182311817E+06    1.0444052076E+06    1.0000000000E-12
  10950000    1.8894200421E-01    5.5181997609E+06    1.0426197225E+06    1.0000000000E-12
  10960000    1.8861993028E-01    5.5181683618E+06    1.0408365317E+06    1.0000000000E-12
  10970000    1.8829826763E-01    5.5181369843E+06    1.0390556347E+06    1.0000000000E-12
  10980000    1.8797701618E-01    5.5181056280E+06    1.0372770309E+06    1.0000000000E-12
  10990000    1.8765617585E-01    5.5180742930E+06    1.0355007199E+06    1.0000000000E-12
  11000000    1.8733574653E-01    5.5180429789E+06    1.0337267009E+06    1.0000000000E-12
  11010000    1.8701572811E-01    5.5180116860E+06    1.0319549732E+06    1.0000000000E-12
  11020000    1.8669612042E-01    5.5179804140E+06    1.0301855358E+06    1.0000000000E-12
  11030000    1.8637692332E-01    5.5179491632E+06    1.0284183881E+06    1.0000000000E-12
  11040000    1.8605813666E-01    5.5179179335E+06    1.0266535289E+06    1.0000000000E-12
  11050000    1.8573976028E-01    5.5178867250E+06    1.0248909576E+06    1.0000000000E-12
  11060000    1.8542179403E-01    5.5178555376E+06    1.0231306730E+06    1.0000000000E-12
  11070000    1.8510423776E-01    5.5178243716E+06    1.0213726744E+06    1.0000000000E-12
  11080000    1.8478709130E-01    5.5177932268E+06    1.0196169608E+06    1.0000000000E-12
  11090000    1.8447035450E-01    5.5177621034E+06    1.0178635312E+06    1.0000000000E-12
  11100000    1.8415402719E-01    5.5177310014E+06    1.0161123849E+06    1.0000000000E-12
  11110000    1.8383810922E-01    5.5176999208E+06    1.0143635207E+06    1.0000000000E-12
  11120000    1.8352260042E-01    5.5176688618E+06    1.0126169378E+06    1.0000000000E-12
  11130000    1.8320750063E-01    5.5176378243E+06    1.0108726352E+06    1.0000000000E-12
  11140000    1.8289280966E-01    5.5176068085E+06    1.0091306118E+06    1.0000000000E-12
  11150000    1.8257852730E-01    5.5175758146E+06    1.0073908665E+06    1.0000000000E-12
  11160000    1.8226465331E-01    5.5175448428E+06    1.0056533979E+06    1.0000000000E-12
  11170000    1.8195118750E-01    5.5175138934E+06    1.0039182049E+06    1.0000000000E-12
  11180000    1.8163812961E-01    5.5174829664E+06    1.0021852862E+06    1.0000000000E-12
  11190000    1.8132547944E-01    5.5174520622E+06    1.0004546405E+06    1.0000000000E-12
  11200000    1.8101323675E-01    5.5174211809E+06    9.9872626649E+05    1.0000000000E-12
  11210000    1.8070140132E-01    5.5173903229E+06    9.9700016298E+05    1.0000000000E-12
  11220000    1.8038997292E-01    5.5173594882E+06    9.9527632866E+05    1.0000000000E-12
  11230000    1.8007895131E-01    5.5173286772E+06    9.9355476223E+05    1.0000000000E-12
  11240000    1.7976833626E-01    5.5172978899E+06    9.9183546233E+05    1.0000000000E-12
  11250000    1.7945812752E-01    5.5172671267E+06    9.9011842757E+05    1.0000000000E-12
  11260000    1.7914832483E-01    5.5172363877E+06    9.8840365656E+05    1.0000000000E-12
  11270000    1.7883892796E-01    5.5172056730E+06    9.8669114792E+05    1.0000000000E-12
  11280000    1.7852993666E-01    5.5171749830E+06    9.8498090026E+05    1.0000000000E-12
  11290000    1.7822135068E-01    5.5171443176E+06    9.8327291219E+05    1.0000000000E-12
  11300000    1.7791316977E-01    5.5171136773E+06    9.8156718231E+05    1.0000000000E-12
  11310000    1.7760539369E-01    5.5170830621E+06    9.7986370924E+05    1.0000000000E-12
  11320000    1.7729802218E-01    5.5170524722E+06    9.7816249158E+05    1.0000000000E-12
  11330000    1.7699105500E-01    5.5170219078E+06    9.7646352794E+05    1.0000000000E-12
  11340000    1.7668449190E-01    5.5169913692E+06    9.7476681691E+05    1.0000000000E-12
  11350000    1.7637833264E-01    5.5169608565E+06    9.7307235709E+05    1.0000000000E-12
  11360000    1.7607257696E-01    5.5169303699E+06    9.7138014712E+05    1.0000000000E-12
  11370000    1.7576722464E-01    5.5168999097E+06    9.6969018576E+05    1.0000000000E-12
  11380000    1.7546227547E-01    5.5168694763E+06    9.6800247181E+05    1.0000000000E-12
  11390000    1.7515772923E-01    5.5168390699E+06    9.6631700404E+05    1.0000000000E-12
  11400000    1.7485358570E-01    5.5168086909E+06    9.6463378125E+05    1.0000000000E-12
  11410000    1.7454984466E-01    5.5167783396E+06    9.6295280220E+05    1.0000000000E-12
  11420000    1.7424650589E-01    5.5167480161E+06    9.6127406569E+05    1.0000000000E-12
  11430000    1.7394356920E-01    5.5167177208E+06    9.5959757063E+05    1.0000000000E-12
  11440000    1.7364103443E-01    5.5166874536E+06    9.5792331606E+05    1.0000000000E-12
  11450000    1.7333890140E-01    5.5166572145E+06    9.5625130098E+05    1.0000000000E-12
  11460000    1.7303716996E-01    5.5166270034E+06    9.5458152441E+05    1.0000000000E-12
  11470000    1.7273583993E-01    5.5165968205E+06    9.5291398534E+05    1.0000000000E-12
  11480000    1.7243491114E-01    5.5165666657E+06    9.5124868278E+05    1.0000000000E-12
  11490000    1.7213438341E-01    5.5165365390E+06    9.4958561571E+05    1.0000000000E-12
  11500000    1.7183425658E-01    5.5165064404E+06    9.4792478310E+05    1.0000000000E-12
  11510000    1.7153453047E-01    5.5164763700E+06    9.4626618396E+05    1.0000000000E-12
  11520000    1.7123520492E-01    5.5164463277E+06    9.4460981734E+05    1.0000000000E-12
  11530000    1.7093627979E-01    5.5164163133E+06    9.4295568236E+05    1.0000000000E-12
  11540000    1.7063775492E-01    5.5163863269E+06    9.4130377812E+05    1.0000000000E-12
  11550000    1.7033963018E-01    5.5163563683E+06    9.3965410370E+05    1.0000000000E-12
  11560000    1.7004190539E-01    5.5163264375E+06    9.3800665818E+05    1.0000000000E-12
  11570000    1.6974458041E-01    5.5162965344E+06    9.3636144064E+05    1.0000000000E-12
  11580000    1.6944765508E-01    5.5162666589E+06    9.3471845014E+05    1.0000000000E-12
  11590000    1.6915112924E-01    5.5162368109E+06    9.3307768574E+05    1.0000000000E-12
  11600000    1.6885500274E-01    5.5162069904E+06    9.3143914649E+05    1.0000000000E-12
  11610000    1.6855927541E-01    5.5161771973E+06    9.2980283142E+05    1.0000000000E-12
  11620000    1.6826394709E-01    5.5161474316E+06    9.2816873955E+05    1.0000000000E-12
  11630000    1.6796901758E-01    5.5161176936E+06    9.2653686986E+05    1.0000000000E-12
  11640000    1.6767448673E-01    5.5160879833E+06    9.2490722133E+05    1.0000000000E-12
  11650000    1.6738035433E-01    5.5160583009E+06    9.2327979292E+05    1.0000000000E-12
  11660000    1.6708662021E-01    5.5160286467E+06    9.2165458358E+05    1.0000000000E-12
  11670000    1.6679328419E-01    5.5159990208E+06    9.2003159226E+05    1.0000000000E-12
  11680000    1.6650034607E-01    5.5159694232E+06    9.1841081784E+05    1.0000000000E-12
  11690000    1.6620780564E-01    5.5159398538E+06    9.1679225914E+05    1.0000000000E-12
  11700000    1.6591566270E-01    5.5159103128E+06    9.1517591497E+05    1.0000000000E-12
  11710000    1.6562391706E-01    5.5158808002E+06    9.1356178415E+05    1.0000000000E-12
  11720000    1.6533256849E-01    5.5158513160E+06    9.1194986549E+05    1.0000000000E-12
  11730000    1.6504161680E-01    5.5158218602E+06    9.1034015779E+05    1.0000000000E-12
  11740000    1.6475106177E-01    5.5157924329E+06    9.0873265984E+05    1.0000000000E-12
  11750000    1.6446090320E-01    5.5157630340E+06    9.0712737044E+05    1.0000000000E-12
  11760000    1.6417114088E-01    5.5157336637E+06    9.0552428838E+05    1.0000000000E-12
  11770000    1.6388177459E-01    5.5157043220E+06    9.0392341242E+05    1.0000000000E-12
  11780000    1.6359280413E-01    5.5156750089E+06    9.0232474136E+05    1.0000000000E-12
  11790000    1.6330422927E-01    5.5156457245E+06    9.0072827396E+05    1.0000000000E-12
  11800000    1.6301604981E-01    5.5156164687E+06    8.9913400898E+05    1.0000000000E-12
  11810000    1.6272826552E-01    5.5155872417E+06    8.9754194518E+05    1.0000000000E-12
  11820000    1.6244087620E-01    5.5155580434E+06    8.9595208132E+05    1.0000000000E-12
  11830000    1.6215388163E-01    5.5155288740E+06    8.9436441614E+05    1.0000000000E-12
  11840000    1.6186728158E-01    5.5154997335E+06    8.9277894839E+05    1.0000000000E-12
  11850000    1.6158107583E-01    5.5154706218E+06    8.9119567680E+05    1.0000000000E-12
  11860000    1.6129526418E-01    5.5154415391E+06    8.8961460011E+05    1.0000000000E-12
  11870000    1.6100984639E-01    5.5154124855E+06    8.8803571705E+05    1.0000000000E-12
  11880000    1.6072482224E-01    5.5153834609E+06    8.8645902632E+05    1.0000000000E-12
  11890000    1.6044019151E-01    5.5153544654E+06    8.8488452667E+05    1.0000000000E-12
  11900000    1.6015595397E-01    5.5153254991E+06    8.8331221678E+05    1.0000000000E-12
  11910000    1.5987210941E-01    5.5152965620E+06    8.8174209538E+05    1.0000000000E-12
  11920000    1.5958865759E-01    5.5152676541E+06    8.8017416116E+05    1.0000000000E-12
  11930000    1.5930559828E-01    5.5152387756E+06    8.7860841281E+05    1.0000000000E-12
  11940000    1.5902293126E-01    5.5152099265E+06    8.7704484904E+05    1.0000000000E-12
  11950000    1.5874065630E-01    5.5151811068E+06    8.7548346852E+05    1.0000000000E-12
  11960000    1.5845877317E-01    5.5151523166E+06    8.7392426993E+05    1.0000000000E-12
  11970000    1.5817728163E-01    5.5151235560E+06    8.7236725197E+05    1.0000000000E-12
  11980000    1.5789618148E-01    5.5150948250E+06    8.7081241337E+05    1.0000000000E-12
  11990000    1.5761547250E-01    5.5150661235E+06    8.6925975291E+05    1.0000000000E-12
  12000000    1.5733515447E-01    5.5150374516E+06    8.6770926936E+05    1.0000000000E-12
  12010000    1.5705522719E-01    5.5150088093E+06    8.6616096150E+05    1.0000000000E-12
  12020000    1.5677569044E-01    5.5149801966E+06    8.6461482808E+05    1.0000000000E-12
  12030000    1.5649654399E-01    5.5149516134E+06    8.6307086780E+05    1.0000000000E-12
  12040000    1.5621778763E-01    5.5149230598E+06    8.6152907933E+05    1.0000000000E-12
  12050000    1.5593942111E-01    5.5148945357E+06    8.5998946136E+05    1.0000000000E-12
  12060000    1.5566144420E-01    5.5148660411E+06    8.5845201255E+05    1.0000000000E-12
  12070000    1.5538385669E-01    5.5148375760E+06    8.5691673157E+05    1.0000000000E-12
  12080000    1.5510665833E-01    5.5148091404E+06    8.5538361708E+05    1.0000000000E-12
  12090000    1.5482984889E-01    5.5147807343E+06    8.5385266774E+05    1.0000000000E-12
  12100000    1.5455342814E-01    5.5147523576E+06    8.5232388220E+05    1.0000000000E-12
  12110000    1.5427739584E-01    5.5147240105E+06    8.5079725911E+05    1.0000000000E-12
  12120000    1.5400175176E-01    5.5146956927E+06    8.4927279710E+05    1.0000000000E-12
  12130000    1.5372649566E-01    5.5146674044E+06    8.4775049482E+05    1.0000000000E-12
  12140000    1.5345162732E-01    5.5146391457E+06    8.4623035097E+05    1.0000000000E-12
  12150000    1.5317714651E-01    5.5146109164E+06    8.4471236429E+05    1.0000000000E-12
  12160000    1.5290305302E-01    5.5145827169E+06    8.4319653356E+05    1.0000000000E-12
  12170000    1.5262934662E-01    5.5145545471E+06    8.4168285745E+05    1.0000000000E-12
  12180000    1.5235602706E-01    5.5145264073E+06    8.4017133453E+05    1.0000000000E-12
  12190000    1.5208309408E-01    5.5144982976E+06    8.3866196339E+05    1.0000000000E-12
  12200000    1.5181054743E-01    5.5144702182E+06    8.3715474260E+05    1.0000000000E-12
  12210000    1.5153838685E-01    5.5144421693E+06    8.3564967073E+05    1.0000000000E-12
  12220000    1.5126661210E-01    5.5144141510E+06    8.3414674634E+05    1.0000000000E-12
  12230000    1.5099522291E-01    5.5143861636E+06    8.3264596799E+05    1.0000000000E-12
  12240000    1.5072421903E-01    5.5143582073E+06    8.3114733422E+05    1.0000000000E-12
  12250000    1.5045360019E-01    5.5143302821E+06    8.2965084359E+05    1.0000000000E-12
  12260000    1.5018336616E-01    5.5143023883E+06    8.2815649469E+05    1.0000000000E-12
  12270000    1.4991351670E-01    5.5142745257E+06    8.2666428622E+05    1.0000000000E-12
  12280000    1.4964405161E-01    5.5142466944E+06    8.2517421691E+05    1.0000000000E-12
  12290000    1.4937497064E-01    5.5142188944E+06    8.2368628545E+05    1.0000000000E-12
  12300000    1.4910627359E-01    5.5141911255E+06    8.2220049056E+05    1.0000000000E-12
  12310000    1.4883796021E-01    5.5141633878E+06    8.2071683093E+05    1.0000000000E-12
  12320000    1.4857003030E-01    5.5141356813E+06    8.1923530524E+05    1.0000000000E-12
  12330000    1.4830248361E-01    5.5141080058E+06    8.1775591218E+05    1.0000000000E-12
  12340000    1.4803531993E-01    5.5140803615E+06    8.1627865043E+05    1.0000000000E-12
  12350000    1.4776853901E-01    5.5140527482E+06    8.1480351865E+05    1.0000000000E-12
  12360000    1.4750214064E-01    5.5140251659E+06    8.1333051551E+05    1.0000000000E-12
  12370000    1.4723612457E-01    5.5139976147E+06    8.1185963966E+05    1.0000000000E-12
  12380000    1.4697049057E-01    5.5139700944E+06    8.1039088977E+05    1.0000000000E-12
  12390000    1.4670523841E-01    5.5139426051E+06    8.0892426446E+05    1.0000000000E-12
  12400000    1.4644036785E-01    5.5139151468E+06    8.0745976240E+05    1.0000000000E-12
  12410000    1.4617587865E-01    5.5138877194E+06    8.0599738219E+05    1.0000000000E-12
  12420000    1.4591177057E-01    5.5138603231E+06    8.0453712243E+05    1.0000000000E-12
  12430000    1.4564804335E-01    5.5138329581E+06    8.0307898171E+05    1.0000000000E-12
  12440000    1.4538469675E-01    5.5138056244E+06    8.0162295864E+05    1.0000000000E-12
  12450000    1.4512173054E-01    5.5137783221E+06    8.0016905190E+05    1.0000000000E-12
  12460000    1.4485914448E-01    5.5137510514E+06    7.9871726016E+05    1.0000000000E-12
  12470000    1.4459693833E-01    5.5137238122E+06    7.9726758205E+05    1.0000000000E-12
  12480000    1.4433511185E-01    5.5136966047E+06    7.9582001614E+05    1.0000000000E-12
  12490000    1.4407366479E-01    5.5136694288E+06    7.9437456103E+05    1.0000000000E-12
  12500000    1.4381259689E-01    5.5136422845E+06    7.9293121528E+05    1.0000000000E-12
  12510000    1.4355190793E-01    5.5136151717E+06    7.9148997746E+05    1.0000000000E-12
  12520000    1.4329159763E-01    5.5135880904E+06    7.9005084614E+05    1.0000000000E-12
  12530000    1.4303166575E-01    5.5135610407E+06    7.8861381989E+05    1.0000000000E-12
  12540000    1.4277211205E-01    5.5135340226E+06    7.8717889725E+05    1.0000000000E-12
  12550000    1.4251293626E-01    5.5135070359E+06    7.8574607677E+05    1.0000000000E-12
  12560000    1.4225413814E-01    5.5134800807E+06    7.8431535701E+05    1.0000000000E-12
  12570000    1.4199571742E-01    5.5134531571E+06    7.8288673651E+05    1.0000000000E-12
  12580000    1.4173767386E-01    5.5134262649E+06    7.8146021379E+05    1.0000000000E-12
  12590000    1.4148000720E-01    5.5133994042E+06    7.8003578740E+05    1.0000000000E-12
  12600000    1.4122271718E-01    5.5133725749E+06    7.7861345586E+05    1.0000000000E-12
  12610000    1.4096580354E-01    5.5133457771E+06    7.7719321768E+05    1.0000000000E-12
  12620000    1.4070926603E-01    5.5133190108E+06    7.7577507140E+05    1.0000000000E-12
  12630000    1.4045310438E-01    5.5132922759E+06    7.7435901552E+05    1.0000000000E-12
  12640000    1.4019731834E-01    5.5132655725E+06    7.7294504854E+05    1.0000000000E-12
  12650000    1.3994190763E-01    5.5132389005E+06    7.7153316898E+05    1.0000000000E-12
  12660000    1.3968687201E-01    5.5132122600E+06    7.7012337534E+05    1.0000000000E-12
  12670000    1.3943221121E-01    5.5131856509E+06    7.6871566610E+05    1.0000000000E-12
  12680000    1.3917792495E-01    5.5131590732E+06    7.6731003976E+05    1.0000000000E-12
  12690000    1.3892401299E-01    5.5131325270E+06    7.6590649480E+05    1.0000000000E-12
  12700000    1.3867047505E-01    5.5131060122E+06    7.6450502970E+05    1.0000000000E-12
  12710000    1.3841731086E-01    5.5130795288E+06    7.6310564295E+05    1.0000000000E-12
  12720000    1.3816452016E-01    5.5130530769E+06    7.6170833301E+05    1.0000000000E-12
  12730000    1.3791210269E-01    5.5130266564E+06    7.6031309835E+05    1.0000000000E-12
  12740000    1.3766005816E-01    5.5130002674E+06    7.5891993743E+05    1.0000000000E-12
  12750000    1.3740838631E-01    5.5129739098E+06    7.5752884872E+05    1.0000000000E-12
  12760000    1.3715708687E-01    5.5129475837E+06    7.5613983066E+05    1.0000000000E-12
  12770000    1.3690615957E-01    5.5129212890E+06    7.5475288171E+05    1.0000000000E-12
  12780000    1.3665560414E-01    5.5128950258E+06    7.5336800032E+05    1.0000000000E-12
  12790000    1.3640542030E-01    5.5128687940E+06    7.5198518491E+05    1.0000000000E-12
  12800000    1.3615560778E-01    5.5128425938E+06    7.5060443394E+05    1.0000000000E-12
  12810000    1.3590616630E-01    5.5128164250E+06    7.4922574583E+05    1.0000000000E-12
  12820000    1.3565709559E-01    5.5127902877E+06    7.4784911902E+05    1.0000000000E-12
  12830000    1.3540839537E-01    5.5127641819E+06    7.4647455192E+05    1.0000000000E-12
  12840000    1.3516006536E-01    5.5127381077E+06    7.4510204296E+05    1.0000000000E-12
  12850000    1.3491210529E-01    5.5127120649E+06    7.4373159056E+05    1.0000000000E-12
  12860000    1.3466451488E-01    5.5126860537E+06    7.4236319311E+05    1.0000000000E-12
  12870000    1.3441729385E-01    5.5126600741E+06    7.4099684905E+05    1.0000000000E-12
  12880000    1.3417044191E-01    5.5126341260E+06    7.3963255675E+05    1.0000000000E-12
  12890000    1.3392395878E-01    5.5126082094E+06    7.3827031464E+05    1.0000000000E-12
  12900000    1.3367784420E-01    5.5125823245E+06    7.3691012109E+05    1.0000000000E-12
  12910000    1.3343209786E-01    5.5125564712E+06    7.3555197449E+05    1.0000000000E-12
  12920000    1.3318671947E-01    5.5125306494E+06    7.3419587318E+05    1.0000000000E-12
  12930000    1.3294170875E-01    5.5125048593E+06    7.3284181549E+05    1.0000000000E-12
  12940000    1.3269706540E-01    5.5124791007E+06    7.3148979975E+05    1.0000000000E-12
  12950000    1.3245278913E-01    5.5124533738E+06    7.3013982429E+05    1.0000000000E-12
  12960000    1.3220887964E-01    5.5124276784E+06    7.2879188744E+05    1.0000000000E-12
  12970000    1.3196533663E-01    5.5124020147E+06    7.2744598751E+05    1.0000000000E-12
  12980000    1.3172215982E-01    5.5123763826E+06    7.2610212283E+05    1.0000000000E-12
  12990000    1.3147934890E-01    5.5123507821E+06    7.2476029171E+05    1.0000000000E-12
  13000000    1.3123690357E-01    5.5123252132E+06    7.2342049246E+05    1.0000000000E-12
  13010000    1.3099482355E-01    5.5122996759E+06    7.2208272340E+05    1.0000000000E-12
  13020000    1.3075310855E-01    5.5122741704E+06    7.2074698294E+05    1.0000000000E-12
  13030000    1.3051175828E-01    5.5122486965E+06    7.1941326946E+05    1.0000000000E-12
  13040000    1.3027077246E-01    5.5122232545E+06    7.1808158135E+05    1.0000000000E-12
  13050000    1.3003015081E-01    5.5121978444E+06    7.1675191699E+05    1.0000000000E-12
  13060000    1.2978989303E-01    5.5121724662E+06    7.1542427478E+05    1.0000000000E-12
  13070000    1.2954999885E-01    5.5121471200E+06    7.1409865307E+05    1.0000000000E-12
  13080000    1.2931046798E-01    5.5121218059E+06    7.1277505026E+05    1.0000000000E-12
  13090000    1.2907130012E-01    5.5120965238E+06    7.1145346471E+05    1.0000000000E-12
  13100000    1.2883249499E-01    5.5120712739E+06    7.1013389477E+05    1.0000000000E-12
  13110000    1.2859405230E-01    5.5120460563E+06    7.0881633882E+05    1.0000000000E-12
  13120000    1.2835597175E-01    5.5120208709E+06    7.0750079521E+05    1.0000000000E-12
  13130000    1.2811825307E-01    5.5119957179E+06    7.0618726229E+05    1.0000000000E-12
  13140000    1.2788089595E-01    5.5119705973E+06    7.0487573842E+05    1.0000000000E-12
  13150000    1.2764390010E-01    5.5119455092E+06    7.0356622193E+05    1.0000000000E-12
  13160000    1.2740726523E-01    5.5119204536E+06    7.0225871117E+05    1.0000000000E-12
  13170000    1.2717099105E-01    5.5118954305E+06    7.0095320447E+05    1.0000000000E-12
  13180000    1.2693507726E-01    5.5118704402E+06    6.9964970018E+05    1.0000000000E-12
  13190000    1.2669952357E-01    5.5118454825E+06    6.9834819661E+05    1.0000000000E-12
  13200000    1.2646432968E-01    5.5118205576E+06    6.9704869210E+05    1.0000000000E-12
  13210000    1.2622949529E-01    5.5117956654E+06    6.9575118496E+05    1.0000000000E-12
  13220000    1.2599502010E-01    5.5117708062E+06    6.9445567352E+05    1.0000000000E-12
  13230000    1.2576090383E-01    5.5117459799E+06    6.9316215609E+05    1.0000000000E-12
  13240000    1.2552714616E-01    5.5117211866E+06    6.9187063099E+05    1.0000000000E-12
  13250000    1.2529374681E-01    5.5116964264E+06    6.9058109651E+05    1.0000000000E-12
  13260000    1.2506070548E-01    5.5116716992E+06    6.8929355106E+05    1.0000000000E-12
  13270000    1.2482802190E-01    5.5116470049E+06    6.8800799304E+05    1.0000000000E-12
  13280000    1.2459569580E-01    5.5116223435E+06    6.8672442088E+05    1.0000000000E-12
  13290000    1.2436372690E-01    5.5115977149E+06    6.8544283299E+05    1.0000000000E-12
  13300000    1.2413211492E-01    5.5115731190E+06    6.8416322777E+05    1.0000000000E-12
  13310000    1.2390085957E-01    5.5115485558E+06    6.8288560363E+05    1.0000000000E-12
  13320000    1.2366996058E-01    5.5115240252E+06    6.8160995896E+05    1.0000000000E-12
  13330000    1.2343941767E-01    5.5114995271E+06    6.8033629214E+05    1.0000000000E-12
  13340000    1.2320923055E-01    5.5114750616E+06    6.7906460155E+05    1.0000000000E-12
  13350000    1.2297939892E-01    5.5114506288E+06    6.7779488553E+05    1.0000000000E-12
  13360000    1.2274992250E-01    5.5114262286E+06    6.7652714243E+05    1.0000000000E-12
  13370000    1.2252080099E-01    5.5114018611E+06    6.7526137059E+05    1.0000000000E-12
  13380000    1.2229203409E-01    5.5113775263E+06    6.7399756831E+05    1.0000000000E-12
  13390000    1.2206362149E-01    5.5113532243E+06    6.7273573386E+05    1.0000000000E-12
  13400000    1.2183556290E-01    5.5113289549E+06    6.7147586555E+05    1.0000000000E-12
  13410000    1.2160785801E-01    5.5113047183E+06    6.7021796166E+05    1.0000000000E-12
  13420000    1.2138050653E-01    5.5112805143E+06    6.6896202045E+05    1.0000000000E-12
  13430000    1.2115350814E-01    5.5112563429E+06    6.6770804022E+05    1.0000000000E-12
  13440000    1.2092686255E-01    5.5112322041E+06    6.6645601922E+05    1.0000000000E-12
  13450000    1.2070056944E-01    5.5112080979E+06    6.6520595574E+05    1.0000000000E-12
  13460000    1.2047462852E-01    5.5111840242E+06    6.6395784802E+05    1.0000000000E-12
  13470000    1.2024903947E-01    5.5111599831E+06    6.6271169435E+05    1.0000000000E-12
  13480000    1.2002380200E-01    5.5111359744E+06    6.6146749297E+05    1.0000000000E-12
  13490000    1.1979891578E-01    5.5111119983E+06    6.6022524215E+05    1.0000000000E-12
  13500000    1.1957438052E-01    5.5110880545E+06    6.5898494013E+05    1.0000000000E-12
  13510000    1.1935019591E-01    5.5110641433E+06    6.5774658516E+05    1.0000000000E-12
  13520000    1.1912636163E-01    5.5110402644E+06    6.5651017550E+05    1.0000000000E-12
  13530000    1.1890287738E-01    5.5110164179E+06    6.5527570938E+05    1.0000000000E-12
  13540000    1.1867974284E-01    5.5109926038E+06    6.5404318503E+05    1.0000000000E-12
  13550000    1.1845695771E-01    5.5109688221E+06    6.5281260071E+05    1.0000000000E-12
  13560000    1.1823452167E-01    5.5109450727E+06    6.5158395464E+05    1.0000000000E-12
  13570000    1.1801243442E-01    5.5109213556E+06    6.5035724505E+05    1.0000000000E-12
  13580000    1.1779069563E-01    5.5108976708E+06    6.4913247019E+05    1.0000000000E-12
  13590000    1.1756930501E-01    5.5108740182E+06    6.4790962832E+05    1.0000000000E-12
  13600000    1.1734826225E-01    5.5108503978E+06    6.4668871772E+05    1.0000000000E-12
  13610000    1.1712756706E-01    5.5108268095E+06    6.4546973668E+05    1.0000000000E-12
  13620000    1.1690721912E-01    5.5108032533E+06    6.4425268347E+05    1.0000000000E-12
  13630000    1.1668721814E-01    5.5107797292E+06    6.4303755635E+05    1.0000000000E-12
  13640000    1.1646756380E-01    5.5107562370E+06    6.4182435361E+05    1.0000000000E-12
  13650000    1.1624825580E-01    5.5107327767E+06    6.4061307350E+05    1.0000000000E-12
  13660000    1.1602929385E-01    5.5107093484E+06    6.3940371428E+05    1.0000000000E-12
  13670000    1.1581067762E-01    5.5106859518E+06    6.3819627422E+05    1.0000000000E-12
  13680000    1.1559240681E-01    5.5106625871E+06    6.3699075158E+05    1.0000000000E-12
  13690000    1.1537448112E-01    5.5106392541E+06    6.3578714459E+05    1.0000000000E-12
  13700000    1.1515690024E-01    5.5106159528E+06    6.3458545151E+05    1.0000000000E-12
  13710000    1.1493966384E-01    5.5105926832E+06    6.3338567059E+05    1.0000000000E-12
  13720000    1.1472277164E-01    5.5105694451E+06    6.3218780006E+05    1.0000000000E-12
  13730000    1.1450622331E-01    5.5105462386E+06    6.3099183817E+05    1.0000000000E-12
  13740000    1.1429001855E-01    5.5105230637E+06    6.2979778315E+05    1.0000000000E-12
  13750000    1.1407415703E-01    5.5104999202E+06    6.2860563322E+05    1.0000000000E-12
  13760000    1.1385863845E-01    5.5104768082E+06    6.2741538659E+05    1.0000000000E-12
  13770000    1.1364346247E-01    5.5104537277E+06    6.2622704140E+05    1.0000000000E-12
  13780000    1.1342862877E-01    5.5104306786E+06    6.2504059579E+05    1.0000000000E-12
  13790000    1.1321413701E-01    5.5104076609E+06    6.2385604791E+05    1.0000000000E-12
  13800000    1.1299998687E-01    5.5103846748E+06    6.2267339590E+05    1.0000000000E-12
  13810000    1.1278617802E-01    5.5103617201E+06    6.2149263790E+05    1.0000000000E-12
  13820000    1.1257271012E-01    5.5103387969E+06    6.2031377203E+05    1.0000000000E-12
  13830000    1.1235958284E-01    5.5103159052E+06    6.1913679644E+05    1.0000000000E-12
  13840000    1.1214679586E-01    5.5102930449E+06    6.1796170925E+05    1.0000000000E-12
  13850000    1.1193434884E-01    5.5102702162E+06    6.1678850860E+05    1.0000000000E-12
  13860000    1.1172224145E-01    5.5102474189E+06    6.1561719260E+05    1.0000000000E-12
  13870000    1.1151047336E-01    5.5102246531E+06    6.1444775938E+05    1.0000000000E-12
  13880000    1.1129904423E-01    5.5102019189E+06    6.1328020707E+05    1.0000000000E-12
  13890000    1.1108795372E-01    5.5101792161E+06    6.1211453378E+05    1.0000000000E-12
  13900000    1.1087720153E-01    5.5101565448E+06    6.1095073766E+05    1.0000000000E-12
  13910000    1.1066678731E-01    5.5101339050E+06    6.0978881690E+05    1.0000000000E-12
  13920000    1.1045671075E-01    5.5101112967E+06    6.0862876967E+05    1.0000000000E-12
  13930000    1.1024697152E-01    5.5100887197E+06    6.0747059413E+05    1.0000000000E-12
  13940000    1.1003756929E-01    5.5100661741E+06    6.0631428842E+05    1.0000000000E-12
  13950000    1.0982850373E-01    5.5100436599E+06    6.0515985067E+05    1.0000000000E-12
  13960000    1.0961977452E-01    5.5100211769E+06    6.0400727903E+05    1.0000000000E-12
  13970000    1.0941138132E-01    5.5099987253E+06    6.0285657162E+05    1.0000000000E-12
  13980000    1.0920332380E-01    5.5099763049E+06    6.0170772656E+05    1.0000000000E-12
  13990000    1.0899560163E-01    5.5099539157E+06    6.0056074198E+05    1.0000000000E-12
  14000000    1.0878821447E-01    5.5099315576E+06    5.9941561600E+05    1.0000000000E-12
  14010000    1.0858116199E-01    5.5099092308E+06    5.9827234674E+05    1.0000000000E-12
  14020000    1.0837444386E-01    5.5098869351E+06    5.9713093232E+05    1.0000000000E-12
  14030000    1.0816805975E-01    5.5098646705E+06    5.9599137090E+05    1.0000000000E-12
  14040000    1.0796200934E-01    5.5098424370E+06    5.9485366065E+05    1.0000000000E-12
  14050000    1.0775629230E-01    5.5098202347E+06    5.9371779973E+05    1.0000000000E-12
  14060000    1.0755090830E-01    5.5097980636E+06    5.9258378629E+05    1.0000000000E-12
  14070000    1.0734585702E-01    5.5097759235E+06    5.9145161850E+05    1.0000000000E-12
  14080000    1.0714113813E-01    5.5097538147E+06    5.9032129450E+05    1.0000000000E-12
  14090000    1.0693675129E-01    5.5097317370E+06    5.8919281245E+05    1.0000000000E-12
  14100000    1.0673269619E-01    5.5097096905E+06    5.8806617049E+05    1.0000000000E-12
  14110000    1.0652897249E-01    5.5096876751E+06    5.8694136678E+05    1.0000000000E-12
  14120000    1.0632557986E-01    5.5096656909E+06    5.8581839944E+05    1.0000000000E-12
  14130000    1.0612251798E-01    5.5096437379E+06    5.8469726663E+05    1.0000000000E-12
  14140000    1.0591978650E-01    5.5096218161E+06    5.8357796647E+05    1.0000000000E-12
  14150000    1.0571738511E-01    5.5095999255E+06    5.8246049710E+05    1.0000000000E-12
  14160000    1.0551531346E-01    5.5095780661E+06    5.8134485666E+05    1.0000000000E-12
  14170000    1.0531357122E-01    5.5095562379E+06    5.8023104327E+05    1.0000000000E-12
  14180000    1.0511215807E-01    5.5095344409E+06    5.7911905506E+05    1.0000000000E-12
  14190000    1.0491107367E-01    5.5095126752E+06    5.7800889015E+05    1.0000000000E-12
  14200000    1.0471031768E-01    5.5094909406E+06    5.7690054666E+05    1.0000000000E-12
  14210000    1.0450988978E-01    5.5094692373E+06    5.7579402272E+05    1.0000000000E-12
  14220000    1.0430978962E-01    5.5094475652E+06    5.7468931644E+05    1.0000000000E-12
  14230000    1.0411001687E-01    5.5094259243E+06    5.7358642593E+05    1.0000000000E-12
  14240000    1.0391057120E-01    5.5094043147E+06    5.7248534931E+05    1.0000000000E-12
  14250000    1.0371145227E-01    5.5093827364E+06    5.7138608469E+05    1.0000000000E-12
  14260000    1.0351265974E-01    5.5093611892E+06    5.7028863018E+05    1.0000000000E-12
  14270000    1.0331419328E-01    5.5093396734E+06    5.6919298387E+05    1.0000000000E-12
  14280000    1.0311605255E-01    5.5093181888E+06    5.6809914388E+05    1.0000000000E-12
  14290000    1.0291823722E-01    5.5092967355E+06    5.6700710831E+05    1.0000000000E-12
  14300000    1.0272074693E-01    5.5092753134E+06    5.6591687525E+05    1.0000000000E-12
  14310000    1.0252358137E-01    5.5092539227E+06    5.6482844281E+05    1.0000000000E-12
  14320000    1.0232674018E-01    5.5092325632E+06    5.6374180906E+05    1.0000000000E-12
  14330000    1.0213022303E-01    5.5092112350E+06    5.6265697212E+05    1.0000000000E-12
  14340000    1.0193402957E-01    5.5091899381E+06    5.6157393007E+05    1.0000000000E-12
  14350000    1.0173815948E-01    5.5091686725E+06    5.6049268100E+05    1.0000000000E-12
  14360000    1.0154261240E-01    5.5091474382E+06    5.5941322299E+05    1.0000000000E-12
  14370000    1.0134738800E-01    5.5091262352E+06    5.5833555413E+05    1.0000000000E-12
  14380000    1.0115248594E-01    5.5091050635E+06    5.5725967250E+05    1.0000000000E-12
  14390000    1.0095790588E-01    5.5090839231E+06    5.5618557618E+05    1.0000000000E-12
  14400000    1.0076364746E-01    5.5090628141E+06    5.5511326325E+05    1.0000000000E-12
  14410000    1.0056971036E-01    5.5090417363E+06    5.5404273180E+05    1.0000000000E-12
  14420000    1.0037609423E-01    5.5090206899E+06    5.5297397988E+05    1.0000000000E-12
  14430000    1.0018279872E-01    5.5089996749E+06    5.5190700558E+05    1.0000000000E-12
  14440000    9.9989823492E-02    5.5089786912E+06    5.5084180695E+05    1.0000000000E-12
  14450000    9.9797168193E-02    5.5089577389E+06    5.4977838204E+05    1.0000000000E-12
  14460000    9.9604832469E-02    5.5089368180E+06    5.4871672884E+05    1.0000000000E-12
  14470000    9.9412815967E-02    5.5089159287E+06    5.4765684540E+05    1.0000000000E-12
  14480000    9.9221118335E-02    5.5088950708E+06    5.4659872972E+05    1.0000000000E-12
  14490000    9.9029739219E-02    5.5088742445E+06    5.4554237982E+05    1.0000000000E-12
  14500000    9.8838678258E-02    5.5088534497E+06    5.4448779369E+05    1.0000000000E-12
  14510000    9.8647935100E-02    5.5088326865E+06    5.4343496934E+05    1.0000000000E-12
  14520000    9.8457509394E-02    5.5088119548E+06    5.4238390479E+05    1.0000000000E-12
  14530000    9.8267400788E-02    5.5087912547E+06    5.4133459808E+05    1.0000000000E-12
  14540000    9.8077608930E-02    5.5087705860E+06    5.4028704722E+05    1.0000000000E-12
  14550000    9.7888133472E-02    5.5087499488E+06    5.3924125025E+05    1.0000000000E-12
  14560000    9.7698974068E-02    5.5087293431E+06    5.3819720524E+05    1.0000000000E-12
  14570000    9.7510130372E-02    5.5087087687E+06    5.3715491022E+05    1.0000000000E-12
  14580000    9.7321602038E-02    5.5086882257E+06    5.3611436326E+05    1.0000000000E-12
  14590000    9.7133388719E-02    5.5086677141E+06    5.3507556240E+05    1.0000000000E-12
  14600000    9.6945490070E-02    5.5086472338E+06    5.3403850570E+05    1.0000000000E-12
  14610000    9.6757905744E-02    5.5086267847E+06    5.3300319122E+05    1.0000000000E-12
  14620000    9.6570635395E-02    5.5086063669E+06    5.3196961699E+05    1.0000000000E-12
  14630000    9.6383678675E-02    5.5085859802E+06    5.3093778107E+05    1.0000000000E-12
  14640000    9.6197035237E-02    5.5085656247E+06    5.2990768151E+05    1.0000000000E-12
  14650000    9.6010704734E-02    5.5085453004E+06    5.2887931635E+05    1.0000000000E-12
  14660000    9.5824686818E-02    5.5085250071E+06    5.2785268363E+05    1.0000000000E-12
  14670000    9.5638981141E-02    5.5085047449E+06    5.2682778141E+05    1.0000000000E-12
  14680000    9.5453587355E-02    5.5084845137E+06    5.2580460772E+05    1.0000000000E-12
  14690000    9.5268505112E-02    5.5084643134E+06    5.2478316060E+05    1.0000000000E-12
  14700000    9.5083734061E-02    5.5084441442E+06    5.2376343810E+05    1.0000000000E-12
  14710000    9.4899273855E-02    5.5084240058E+06    5.2274543824E+05    1.0000000000E-12
  14720000    9.4715124144E-02    5.5084038983E+06    5.2172915907E+05    1.0000000000E-12
  14730000    9.4531284578E-02    5.5083838217E+06    5.2071459862E+05    1.0000000000E-12
  14740000    9.4347754807E-02    5.5083637759E+06    5.1970175492E+05    1.0000000000E-12
  14750000    9.4164534482E-02    5.5083437609E+06    5.1869062601E+05    1.0000000000E-12
  14760000    9.3981623250E-02    5.5083237766E+06    5.1768120991E+05    1.0000000000E-12
  14770000    9.3799020763E-02    5.5083038230E+06    5.1667350466E+05    1.0000000000E-12
  14780000    9.3616726668E-02    5.5082839002E+06    5.1566750829E+05    1.0000000000E-12
  14790000    9.3434740614E-02    5.5082640080E+06    5.1466321882E+05    1.0000000000E-12
  14800000    9.3253062250E-02    5.5082441464E+06    5.1366063427E+05    1.0000000000E-12
  14810000    9.3071691225E-02    5.5082243154E+06    5.1265975268E+05    1.0000000000E-12
  14820000    9.2890627185E-02    5.5082045149E+06    5.1166057205E+05    1.0000000000E-12
  14830000    9.2709869779E-02    5.5081847450E+06    5.1066309043E+05    1.0000000000E-12
  14840000    9.2529418654E-02    5.5081650056E+06    5.0966730582E+05    1.0000000000E-12
  14850000    9.2349273458E-02    5.5081452966E+06    5.0867321625E+05    1.0000000000E-12
  14860000    9.2169433837E-02    5.5081256181E+06    5.0768081973E+05    1.0000000000E-12
  14870000    9.1989899438E-02    5.5081059700E+06    5.0669011428E+05    1.0000000000E-12
  14880000    9.1810669908E-02    5.5080863523E+06    5.0570109791E+05    1.0000000000E-12
  14890000    9.1631744893E-02    5.5080667649E+06    5.0471376865E+05    1.0000000000E-12
  14900000    9.1453124039E-02    5.5080472078E+06    5.0372812451E+05    1.0000000000E-12
  14910000    9.1274806992E-02    5.5080276810E+06    5.0274416349E+05    1.0000000000E-12
  14920000    9.1096793397E-02    5.5080081845E+06    5.0176188361E+05    1.0000000000E-12
  14930000    9.0919082901E-02    5.5079887182E+06    5.0078128288E+05    1.0000000000E-12
  14940000    9.0741675147E-02    5.5079692821E+06    4.9980235931E+05    1.0000000000E-12
  14950000    9.0564569781E-02    5.5079498761E+06    4.9882511091E+05    1.0000000000E-12
  14960000    9.0387766449E-02    5.5079305003E+06    4.9784953568E+05    1.0000000000E-12
  14970000    9.0211264794E-02    5.5079111546E+06    4.9687563163E+05    1.0000000000E-12
  14980000    9.0035064461E-02    5.5078918390E+06    4.9590339677E+05    1.0000000000E-12
  14990000    8.9859165094E-02    5.5078725535E+06    4.9493282910E+05    1.0000000000E-12
  15000000    8.9683566337E-02    5.5078532980E+06    4.9396392663E+05    1.0000000000E-12
  15010000    8.9508267834E-02    5.5078340725E+06    4.9299668735E+05    1.0000000000E-12
  15020000    8.9333269229E-02    5.5078148769E+06    4.9203110927E+05    1.0000000000E-12
  15030000    8.9158570166E-02    5.5077957114E+06    4.9106719039E+05    1.0000000000E-12
  15040000    8.8984170288E-02    5.5077765757E+06    4.9010492872E+05    1.0000000000E-12
  15050000    8.8810069239E-02    5.5077574699E+06    4.8914432226E+05    1.0000000000E-12
  15060000    8.8636266661E-02    5.5077383940E+06    4.8818536899E+05    1.0000000000E-12
  15070000    8.8462762199E-02    5.5077193480E+06    4.8722806694E+05    1.0000000000E-12
  15080000    8.8289555494E-02    5.5077003318E+06    4.8627241409E+05    1.0000000000E-12
  15090000    8.8116646190E-02    5.5076813453E+06    4.8531840843E+05    1.0000000000E-12
  15100000    8.7944033931E-02    5.5076623887E+06    4.8436604799E+05    1.0000000000E-12
  15110000    8.7771718365E-02    5.5076434617E+06    4.8341533078E+05    1.0000000000E-12
  15120000    8.7599699139E-02    5.5076245645E+06    4.8246625482E+05    1.0000000000E-12
  15130000    8.7427975901E-02    5.5076056968E+06    4.8151881813E+05    1.0000000000E-12
  15140000    8.7256548297E-02    5.5075868588E+06    4.8057301874E+05    1.0000000000E-12
  15150000    8.7085415973E-02    5.5075680504E+06    4.7962885466E+05    1.0000000000E-12
  15160000    8.6914578573E-02    5.5075492714E+06    4.7868632389E+05    1.0000000000E-12
  15170000    8.6744035741E-02    5.5075305219E+06    4.7774542444E+05    1.0000000000E-12
  15180000    8.6573787119E-02    5.5075118019E+06    4.7680615429E+05    1.0000000000E-12
  15190000    8.6403832352E-02    5.5074931112E+06    4.7586851146E+05    1.0000000000E-12
  15200000    8.6234171081E-02    5.5074744498E+06    4.7493249393E+05    1.0000000000E-12
  15210000    8.6064802950E-02    5.5074558178E+06    4.7399809971E+05    1.0000000000E-12
  15220000    8.5895727601E-02    5.5074372150E+06    4.7306532680E+05    1.0000000000E-12
  15230000    8.5726944677E-02    5.5074186414E+06    4.7213417318E+05    1.0000000000E-12
  15240000    8.5558453821E-02    5.5074000970E+06    4.7120463688E+05    1.0000000000E-12
  15250000    8.5390254681E-02    5.5073815817E+06    4.7027671589E+05    1.0000000000E-12
  15260000    8.5222346904E-02    5.5073630956E+06    4.6935040826E+05    1.0000000000E-12
  15270000    8.5054730136E-02    5.5073446385E+06    4.6842571199E+05    1.0000000000E-12
  15280000    8.4887404024E-02    5.5073262105E+06    4.6750262512E+05    1.0000000000E-12
  15290000    8.4720368215E-02    5.5073078115E+06    4.6658114567E+05    1.0000000000E-12
  15300000    8.4553622355E-02    5.5072894416E+06    4.6566127164E+05    1.0000000000E-12
  15310000    8.4387166090E-02    5.5072711006E+06    4.6474300107E+05    1.0000000000E-12
  15320000    8.4220999067E-02    5.5072527886E+06    4.6382633197E+05    1.0000000000E-12
  15330000    8.4055120930E-02    5.5072345056E+06    4.6291126236E+05    1.0000000000E-12
  15340000    8.3889531327E-02    5.5072162515E+06    4.6199779025E+05    1.0000000000E-12
  15350000    8.3724229901E-02    5.5071980262E+06    4.6108591366E+05    1.0000000000E-12
  15360000    8.3559216300E-02    5.5071798298E+06    4.6017563060E+05    1.0000000000E-12
  15370000    8.3394490166E-02    5.5071616623E+06    4.5926693909E+05    1.0000000000E-12
  15380000    8.3230051147E-02    5.5071435236E+06    4.5835983714E+05    1.0000000000E-12
  15390000    8.3065898886E-02    5.5071254136E+06    4.5745432276E+05    1.0000000000E-12
  15400000    8.2902033027E-02    5.5071073325E+06    4.5655039396E+05    1.0000000000E-12
  15410000    8.2738453217E-02    5.5070892800E+06    4.5564804876E+05    1.0000000000E-12
  15420000    8.2575159099E-02    5.5070712563E+06    4.5474728516E+05    1.0000000000E-12
  15430000    8.2412150317E-02    5.5070532613E+06    4.5384810117E+05    1.0000000000E-12
  15440000    8.2249426515E-02    5.5070352949E+06    4.5295049480E+05    1.0000000000E-12
  15450000    8.2086987337E-02    5.5070173572E+06    4.5205446407E+05    1.0000000000E-12
  15460000    8.1924832428E-02    5.5069994481E+06    4.5116000697E+05    1.0000000000E-12
  15470000    8.1762961430E-02    5.5069815676E+06    4.5026712151E+05    1.0000000000E-12
  15480000    8.1601373987E-02    5.5069637157E+06    4.4937580570E+05    1.0000000000E-12
  15490000    8.1440069744E-02    5.5069458923E+06    4.4848605754E+05    1.0000000000E-12
  15500000    8.1279048342E-02    5.5069280975E+06    4.4759787505E+05    1.0000000000E-12
  15510000    8.1118309425E-02    5.5069103311E+06    4.4671125622E+05    1.0000000000E-12
  15520000    8.0957852637E-02    5.5068925932E+06    4.4582619905E+05    1.0000000000E-12
  15530000    8.0797677620E-02    5.5068748838E+06    4.4494270155E+05    1.0000000000E-12
  15540000    8.0637784018E-02    5.5068572027E+06    4.4406076173E+05    1.0000000000E-12
  15550000    8.0478171472E-02    5.5068395501E+06    4.4318037758E+05    1.0000000000E-12
  15560000    8.0318839625E-02    5.5068219259E+06    4.4230154711E+05    1.0000000000E-12
  15570000    8.0159788121E-02    5.5068043300E+06    4.4142426831E+05    1.0000000000E-12
  15580000    8.0001016601E-02    5.5067867624E+06    4.4054853920E+05    1.0000000000E-12
  15590000    7.9842524708E-02    5.5067692232E+06    4.3967435776E+05    1.0000000000E-12
  15600000    7.9684312084E-02    5.5067517122E+06    4.3880172200E+05    1.0000000000E-12
  15610000    7.9526378371E-02    5.5067342295E+06    4.3793062992E+05    1.0000000000E-12
  15620000    7.9368723212E-02    5.5067167750E+06    4.3706107952E+05    1.0000000000E-12
  15630000    7.9211346248E-02    5.5066993487E+06    4.3619306879E+05    1.0000000000E-12
  15640000    7.9054247121E-02    5.5066819506E+06    4.3532659574E+05    1.0000000000E-12
  15650000    7.8897425473E-02    5.5066645807E+06    4.3446165836E+05    1.0000000000E-12
  15660000    7.8740880947E-02    5.5066472389E+06    4.3359825465E+05    1.0000000000E-12
  15670000    7.8584613183E-02    5.5066299252E+06    4.3273638261E+05    1.0000000000E-12
  15680000    7.8428621823E-02    5.5066126396E+06    4.3187604023E+05    1.0000000000E-12
  15690000    7.8272906509E-02    5.5065953820E+06    4.3101722552E+05    1.0000000000E-12
  15700000    7.8117466882E-02    5.5065781525E+06    4.3015993647E+05    1.0000000000E-12
  15710000    7.7962302584E-02    5.5065609511E+06    4.2930417107E+05    1.0000000000E-12
  15720000    7.7807413257E-02    5.5065437776E+06    4.2844992732E+05    1.0000000000E-12
  15730000    7.7652798540E-02    5.5065266321E+06    4.2759720322E+05    1.0000000000E-12
  15740000    7.7498458077E-02    5.5065095145E+06    4.2674599676E+05    1.0000000000E-12
  15750000    7.7344391508E-02    5.5064924249E+06    4.2589630594E+05    1.0000000000E-12
  15760000    7.7190598474E-02    5.5064753631E+06    4.2504812876E+05    1.0000000000E-12
  15770000    7.7037078617E-02    5.5064583292E+06    4.2420146321E+05    1.0000000000E-12
  15780000    7.6883831577E-02    5.5064413232E+06    4.2335630728E+05    1.0000000000E-12
  15790000    7.6730856994E-02    5.5064243449E+06    4.2251265896E+05    1.0000000000E-12
  15800000    7.6578154507E-02    5.5064073943E+06    4.2167051622E+05    1.0000000000E-12
  15810000    7.6425723756E-02    5.5063904715E+06    4.2082987707E+05    1.0000000000E-12
  15820000    7.6273564379E-02    5.5063735763E+06    4.1999073947E+05    1.0000000000E-12
  15830000    7.6121676015E-02    5.5063567087E+06    4.1915310141E+05    1.0000000000E-12
  15840000    7.5970058305E-02    5.5063398687E+06    4.1831696087E+05    1.0000000000E-12
  15850000    7.5818710886E-02    5.5063230563E+06    4.1748231585E+05    1.0000000000E-12
  15860000    7.5667633395E-02    5.5063062713E+06    4.1664916430E+05    1.0000000000E-12
  15870000    7.5516825470E-02    5.5062895139E+06    4.1581750421E+05    1.0000000000E-12
  15880000    7.5366286747E-02    5.5062727839E+06    4.1498733354E+05    1.0000000000E-12
  15890000    7.5216016864E-02    5.5062560815E+06    4.1415865028E+05    1.0000000000E-12
  15900000    7.5066015457E-02    5.5062394065E+06    4.1333145240E+05    1.0000000000E-12
  15910000    7.4916282163E-02    5.5062227589E+06    4.1250573786E+05    1.0000000000E-12
  15920000    7.4766816619E-02    5.5062061388E+06    4.1168150465E+05    1.0000000000E-12
  15930000    7.4617618463E-02    5.5061895461E+06    4.1085875074E+05    1.0000000000E-12
  15940000    7.4468687331E-02    5.5061729808E+06    4.1003747410E+05    1.0000000000E-12
  15950000    7.4320022861E-02    5.5061564429E+06    4.0921767271E+05    1.0000000000E-12
  15960000    7.4171624690E-02    5.5061399324E+06    4.0839934456E+05    1.0000000000E-12
  15970000    7.4023492455E-02    5.5061234493E+06    4.0758248760E+05    1.0000000000E-12
  15980000    7.3875625794E-02    5.5061069935E+06    4.0676709983E+05    1.0000000000E-12
  15990000    7.3728024345E-02    5.5060905650E+06    4.0595317922E+05    1.0000000000E-12
  16000000    7.3580687744E-02    5.5060741638E+06    4.0514072375E+05    1.0000000000E-12
  16010000    7.3433615630E-02    5.5060577900E+06    4.0432973139E+05    1.0000000000E-12
  16020000    7.3286807640E-02    5.5060414434E+06    4.0352020012E+05    1.0000000000E-12
  16030000    7.3140263411E-02    5.5060251241E+06    4.0271212793E+05    1.0000000000E-12
  16040000    7.2993982582E-02    5.5060088321E+06    4.0190551279E+05    1.0000000000E-12
  16050000    7.2847964791E-02    5.5059925673E+06    4.0110035268E+05    1.0000000000E-12
  16060000    7.2702209674E-02    5.5059763297E+06    4.0029664558E+05    1.0000000000E-12
  16070000    7.2556716872E-02    5.5059601193E+06    3.9949438948E+05    1.0000000000E-12
  16080000    7.2411486020E-02    5.5059439362E+06    3.9869358236E+05    1.0000000000E-12
  16090000    7.2266516759E-02    5.5059277802E+06    3.9789422220E+05    1.0000000000E-12
  16100000    7.2121808725E-02    5.5059116513E+06    3.9709630697E+05    1.0000000000E-12
  16110000    7.1977361557E-02    5.5058955496E+06    3.9629983467E+05    1.0000000000E-12
  16120000    7.1833174895E-02    5.5058794751E+06    3.9550480328E+05    1.0000000000E-12
  16130000    7.1689248376E-02    5.5058634276E+06    3.9471121078E+05    1.0000000000E-12
  16140000    7.1545581638E-02    5.5058474073E+06    3.9391905516E+05    1.0000000000E-12
  16150000    7.1402174322E-02    5.5058314140E+06    3.9312833441E+05    1.0000000000E-12
  16160000    7.1259026065E-02    5.5058154477E+06    3.9233904650E+05    1.0000000000E-12
  16170000    7.1116136507E-02    5.5057995086E+06    3.9155118943E+05    1.0000000000E-12
  16180000    7.0973505286E-02    5.5057835964E+06    3.9076476118E+05    1.0000000000E-12
  16190000    7.0831132042E-02    5.5057677113E+06    3.8997975975E+05    1.0000000000E-12
  16200000    7.0689016416E-02    5.5057518531E+06    3.8919618312E+05    1.0000000000E-12
  16210000    7.0547158053E-02    5.5057360219E+06    3.8841402933E+05    1.0000000000E-12
  16220000    7.0405556598E-02    5.5057202175E+06    3.8763329639E+05    1.0000000000E-12
  16230000    7.0264211695E-02    5.5057044401E+06    3.8685398231E+05    1.0000000000E-12
  16240000    7.0123122990E-02    5.5056886894E+06    3.8607608511E+05    1.0000000000E-12
  16250000    6.9982290127E-02    5.5056729655E+06    3.8529960282E+05    1.0000000000E-12
  16260000    6.9841712752E-02    5.5056572683E+06    3.8452453344E+05    1.0000000000E-12
  16270000    6.9701390509E-02    5.5056415978E+06    3.8375087501E+05    1.0000000000E-12
  16280000    6.9561323044E-02    5.5056259539E+06    3.8297862554E+05    1.0000000000E-12
  16290000    6.9421510002E-02    5.5056103366E+06    3.8220778305E+05    1.0000000000E-12
  16300000    6.9281951027E-02    5.5055947459E+06    3.8143834556E+05    1.0000000000E-12
  16310000    6.9142645762E-02    5.5055791817E+06    3.8067031107E+05    1.0000000000E-12
  16320000    6.9003593848E-02    5.5055636440E+06    3.7990367760E+05    1.0000000000E-12
  16330000    6.8864794928E-02    5.5055481327E+06    3.7913844312E+05    1.0000000000E-12
  16340000    6.8726248642E-02    5.5055326479E+06    3.7837460567E+05    1.0000000000E-12
  16350000    6.8587954634E-02    5.5055171894E+06    3.7761216322E+05    1.0000000000E-12
  16360000    6.8449912544E-02    5.5055017573E+06    3.7685111380E+05    1.0000000000E-12
  16370000    6.8312122015E-02    5.5054863516E+06    3.7609145540E+05    1.0000000000E-12
  16380000    6.8174582689E-02    5.5054709721E+06    3.7533318603E+05    1.0000000000E-12
  16390000    6.8037294209E-02    5.5054556190E+06    3.7457630370E+05    1.0000000000E-12
  16400000    6.7900256217E-02    5.5054402920E+06    3.7382080642E+05    1.0000000000E-12
  16410000    6.7763468356E-02    5.5054249913E+06    3.7306669218E+05    1.0000000000E-12
  16420000    6.7626930268E-02    5.5054097168E+06    3.7231395901E+05    1.0000000000E-12
  16430000    6.7490641596E-02    5.5053944684E+06    3.7156260491E+05    1.0000000000E-12
  16440000    6.7354601984E-02    5.5053792461E+06    3.7081262789E+05    1.0000000000E-12
  16450000    6.7218811075E-02    5.5053640499E+06    3.7006402597E+05    1.0000000000E-12
  16460000    6.7083268511E-02    5.5053488797E+06    3.6931679715E+05    1.0000000000E-12
  16470000    6.6947973936E-02    5.5053337356E+06    3.6857093944E+05    1.0000000000E-12
  16480000    6.6812926994E-02    5.5053186175E+06    3.6782645087E+05    1.0000000000E-12
  16490000    6.6678127329E-02    5.5053035253E+06    3.6708332945E+05    1.0000000000E-12
  16500000    6.6543574584E-02    5.5052884591E+06    3.6634157319E+05    1.0000000000E-12
  16510000    6.6409268404E-02    5.5052734188E+06    3.6560118010E+05    1.0000000000E-12
  16520000    6.6275208432E-02    5.5052584043E+06    3.6486214822E+05    1.0000000000E-12
  16530000    6.6141394312E-02    5.5052434157E+06    3.6412447554E+05    1.0000000000E-12
  16540000    6.6007825690E-02    5.5052284529E+06    3.6338816011E+05    1.0000000000E-12
  16550000    6.5874502210E-02    5.5052135159E+06    3.6265319992E+05    1.0000000000E-12
  16560000    6.5741423516E-02    5.5051986046E+06    3.6191959301E+05    1.0000000000E-12
  16570000    6.5608589254E-02    5.5051837190E+06    3.6118733739E+05    1.0000000000E-12
  16580000    6.5475999068E-02    5.5051688592E+06    3.6045643109E+05    1.0000000000E-12
  16590000    6.5343652604E-02    5.5051540250E+06    3.5972687214E+05    1.0000000000E-12
  16600000    6.5211549506E-02    5.5051392164E+06    3.5899865855E+05    1.0000000000E-12
  16610000    6.5079689421E-02    5.5051244334E+06    3.5827178835E+05    1.0000000000E-12
  16620000    6.4948071994E-02    5.5051096760E+06    3.5754625957E+05    1.0000000000E-12
  16630000    6.4816696871E-02    5.5050949441E+06    3.5682207024E+05    1.0000000000E-12
  16640000    6.4685563698E-02    5.5050802377E+06    3.5609921838E+05    1.0000000000E-12
  16650000    6.4554672121E-02    5.5050655568E+06    3.5537770202E+05    1.0000000000E-12
  16660000    6.4424021786E-02    5.5050509013E+06    3.5465751920E+05    1.0000000000E-12
  16670000    6.4293612340E-02    5.5050362713E+06    3.5393866794E+05    1.0000000000E-12
  16680000    6.4163443430E-02    5.5050216666E+06    3.5322114628E+05    1.0000000000E-12
  16690000    6.4033514701E-02    5.5050070873E+06    3.5250495225E+05    1.0000000000E-12
  16700000    6.3903825801E-02    5.5049925333E+06    3.5179008388E+05    1.0000000000E-12
  16710000    6.3774376376E-02    5.5049780046E+06    3.5107653921E+05    1.0000000000E-12
  16720000    6.3645166072E-02    5.5049635012E+06    3.5036431625E+05    1.0000000000E-12
  16730000    6.3516194534E-02    5.5049490229E+06    3.4965341304E+05    1.0000000000E-12
  16740000    6.3387461411E-02    5.5049345699E+06    3.4894382762E+05    1.0000000000E-12
  16750000    6.3258966347E-02    5.5049201421E+06    3.4823555801E+05    1.0000000000E-12
  16760000    6.3130708990E-02    5.5049057393E+06    3.4752860225E+05    1.0000000000E-12
  16770000    6.3002688986E-02    5.5048913617E+06    3.4682295836E+05    1.0000000000E-12
  16780000    6.2874905984E-02    5.5048770092E+06    3.4611862440E+05    1.0000000000E-12
  16790000    6.2747359629E-02    5.5048626816E+06    3.4541559840E+05    1.0000000000E-12
  16800000    6.2620049571E-02    5.5048483791E+06    3.4471387838E+05    1.0000000000E-12
  16810000    6.2492975459E-02    5.5048341016E+06    3.4401346242E+05    1.0000000000E-12
  16820000    6.2366136943E-02    5.5048198490E+06    3.4331434855E+05    1.0000000000E-12
  16830000    6.2239533674E-02    5.5048056213E+06    3.4261653483E+05    1.0000000000E-12
  16840000    6.2113165301E-02    5.5047914186E+06    3.4192001933E+05    1.0000000000E-12
  16850000    6.1987031476E-02    5.5047772407E+06    3.4122480009E+05    1.0000000000E-12
  16860000    6.1861131849E-02    5.5047630877E+06    3.4053087517E+05    1.0000000000E-12
  16870000    6.1735466072E-02    5.5047489595E+06    3.3983824263E+05    1.0000000000E-12
  16880000    6.1610033796E-02    5.5047348561E+06    3.3914690052E+05    1.0000000000E-12
  16890000    6.1484834672E-02    5.5047207775E+06    3.3845684692E+05    1.0000000000E-12
  16900000    6.1359868352E-02    5.5047067237E+06    3.3776807988E+05    1.0000000000E-12
  16910000    6.1235134488E-02    5.5046926946E+06    3.3708059747E+05    1.0000000000E-12
  16920000    6.1110632731E-02    5.5046786902E+06    3.3639439774E+05    1.0000000000E-12
  16930000    6.0986362734E-02    5.5046647105E+06    3.3570947876E+05    1.0000000000E-12
  16940000    6.0862324148E-02    5.5046507555E+06    3.3502583861E+05    1.0000000000E-12
  16950000    6.0738516628E-02    5.5046368251E+06    3.3434347533E+05    1.0000000000E-12
  16960000    6.0614939825E-02    5.5046229193E+06    3.3366238701E+05    1.0000000000E-12
  16970000    6.0491593392E-02    5.5046090381E+06    3.3298257171E+05    1.0000000000E-12
  16980000    6.0368476982E-02    5.5045951814E+06    3.3230402751E+05    1.0000000000E-12
  16990000    6.0245590249E-02    5.5045813493E+06    3.3162675246E+05    1.0000000000E-12
  17000000    6.0122932846E-02    5.5045675417E+06    3.3095074466E+05    1.0000000000E-12
  17010000    6.0000504427E-02    5.5045537586E+06    3.3027600216E+05    1.0000000000E-12
  17020000    5.9878304645E-02    5.5045400000E+06    3.2960252305E+05    1.0000000000E-12
  17030000    5.9756333155E-02    5.5045262657E+06    3.2893030540E+05    1.0000000000E-12
  17040000    5.9634589611E-02    5.5045125559E+06    3.2825934728E+05    1.0000000000E-12
  17050000    5.9513073667E-02    5.5044988705E+06    3.2758964678E+05    1.0000000000E-12
  17060000    5.9391784979E-02    5.5044852094E+06    3.2692120198E+05    1.0000000000E-12
  17070000    5.9270723201E-02    5.5044715727E+06    3.2625401095E+05    1.0000000000E-12
  17080000    5.9149887987E-02    5.5044579603E+06    3.2558807178E+05    1.0000000000E-12
  17090000    5.9029278994E-02    5.5044443722E+06    3.2492338255E+05    1.0000000000E-12
  17100000    5.8908895877E-02    5.5044308083E+06    3.2425994135E+05    1.0000000000E-12
  17110000    5.8788738292E-02    5.5044172686E+06    3.2359774625E+05    1.0000000000E-12
  17120000    5.8668805894E-02    5.5044037532E+06    3.2293679536E+05    1.0000000000E-12
  17130000    5.8549098340E-02    5.5043902619E+06    3.2227708674E+05    1.0000000000E-12
  17140000    5.8429615285E-02    5.5043767948E+06    3.2161861851E+05    1.0000000000E-12
  17150000    5.8310356388E-02    5.5043633518E+06    3.2096138873E+05    1.0000000000E-12
  17160000    5.8191321304E-02    5.5043499330E+06    3.2030539552E+05    1.0000000000E-12
  17170000    5.8072509690E-02    5.5043365382E+06    3.1965063695E+05    1.0000000000E-12
  17180000    5.7953921204E-02    5.5043231674E+06    3.1899711112E+05    1.0000000000E-12
  17190000    5.7835555502E-02    5.5043098207E+06    3.1834481614E+05    1.0000000000E-12
  17200000    5.7717412244E-02    5.5042964980E+06    3.1769375009E+05    1.0000000000E-12
  17210000    5.7599491086E-02    5.5042831993E+06    3.1704391107E+05    1.0000000000E-12
  17220000    5.7481791687E-02    5.5042699245E+06    3.1639529719E+05    1.0000000000E-12
  17230000    5.7364313705E-02    5.5042566736E+06    3.1574790654E+05    1.0000000000E-12
  17240000    5.7247056799E-02    5.5042434466E+06    3.1510173722E+05    1.0000000000E-12
  17250000    5.7130020627E-02    5.5042302435E+06    3.1445678735E+05    1.0000000000E-12
  17260000    5.7013204848E-02    5.5042170643E+06    3.1381305501E+05    1.0000000000E-12
  17270000    5.6896609122E-02    5.5042039088E+06    3.1317053833E+05    1.0000000000E-12
  17280000    5.6780233108E-02    5.5041907772E+06    3.1252923540E+05    1.0000000000E-12
  17290000    5.6664076466E-02    5.5041776693E+06    3.1188914434E+05    1.0000000000E-12
  17300000    5.6548138856E-02    5.5041645852E+06    3.1125026325E+05    1.0000000000E-12
  17310000    5.6432419937E-02    5.5041515247E+06    3.1061259024E+05    1.0000000000E-12
  17320000    5.6316919372E-02    5.5041384880E+06    3.0997612344E+05    1.0000000000E-12
  17330000    5.6201636819E-02    5.5041254749E+06    3.0934086095E+05    1.0000000000E-12
  17340000    5.6086571940E-02    5.5041124855E+06    3.0870680088E+05    1.0000000000E-12
  17350000    5.5971724396E-02    5.5040995196E+06    3.0807394136E+05    1.0000000000E-12
  17360000    5.5857093848E-02    5.5040865774E+06    3.0744228050E+05    1.0000000000E-12
  17370000    5.5742679959E-02    5.5040736587E+06    3.0681181642E+05    1.0000000000E-12
  17380000    5.5628482389E-02    5.5040607635E+06    3.0618254725E+05    1.0000000000E-12
  17390000    5.5514500802E-02    5.5040478918E+06    3.0555447111E+05    1.0000000000E-12
  17400000    5.5400734863E-02    5.5040350436E+06    3.0492758612E+05    1.0000000000E-12
  17410000    5.5287184233E-02    5.5040222188E+06    3.0430189043E+05    1.0000000000E-12
  17420000    5.5173848579E-02    5.5040094174E+06    3.0367738217E+05    1.0000000000E-12
  17430000    5.5060727564E-02    5.5039966394E+06    3.0305405947E+05    1.0000000000E-12
  17440000    5.4947820852E-02    5.5039838848E+06    3.0243192047E+05    1.0000000000E-12
  17450000    5.4835128110E-02    5.5039711534E+06    3.0181096331E+05    1.0000000000E-12
  17460000    5.4722649002E-02    5.5039584454E+06    3.0119118612E+05    1.0000000000E-12
  17470000    5.4610383193E-02    5.5039457605E+06    3.0057258705E+05    1.0000000000E-12
  17480000    5.4498330349E-02    5.5039330989E+06    2.9995516424E+05    1.0000000000E-12
  17490000    5.4386490135E-02    5.5039204605E+06    2.9933891583E+05    1.0000000000E-12
  17500000    5.4274862219E-02    5.5039078453E+06    2.9872383997E+05    1.0000000000E-12
  17510000    5.4163446266E-02    5.5038952531E+06    2.9810993480E+05    1.0000000000E-12
  17520000    5.4052241943E-02    5.5038826841E+06    2.9749719846E+05    1.0000000000E-12
  17530000    5.3941248916E-02    5.5038701381E+06    2.9688562912E+05    1.0000000000E-12
  17540000    5.3830466853E-02    5.5038576152E+06    2.9627522492E+05    1.0000000000E-12
  17550000    5.3719895421E-02    5.5038451152E+06    2.9566598400E+05    1.0000000000E-12
  17560000    5.3609534290E-02    5.5038326382E+06    2.9505790455E+05    1.0000000000E-12
  17570000    5.3499383129E-02    5.5038201841E+06    2.9445098470E+05    1.0000000000E-12
  17580000    5.3389441604E-02    5.5038077528E+06    2.9384522262E+05    1.0000000000E-12
  17590000    5.3279709383E-02    5.5037953444E+06    2.9324061645E+05    1.0000000000E-12
  17600000    5.3170186133E-02    5.5037829587E+06    2.9263716435E+05    1.0000000000E-12
  17610000    5.3060871524E-02    5.5037705958E+06    2.9203486448E+05    1.0000000000E-12
  17620000    5.2951765224E-02    5.5037582556E+06    2.9143371500E+05    1.0000000000E-12
  17630000    5.2842866900E-02    5.5037459380E+06    2.9083371406E+05    1.0000000000E-12
  17640000    5.2734176223E-02    5.5037336431E+06    2.9023485982E+05    1.0000000000E-12
  17650000    5.2625692861E-02    5.5037213708E+06    2.8963715045E+05    1.0000000000E-12
  17660000    5.2517416484E-02    5.5037091210E+06    2.8904058411E+05    1.0000000000E-12
  17670000    5.2409346761E-02    5.5036968938E+06    2.8844515897E+05    1.0000000000E-12
  17680000    5.2301483362E-02    5.5036846890E+06    2.8785087319E+05    1.0000000000E-12
  17690000    5.2193825958E-02    5.5036725067E+06    2.8725772494E+05    1.0000000000E-12
  17700000    5.2086374219E-02    5.5036603468E+06    2.8666571240E+05    1.0000000000E-12
  17710000    5.1979127816E-02    5.5036482093E+06    2.8607483372E+05    1.0000000000E-12
  17720000    5.1872086420E-02    5.5036360941E+06    2.8548508710E+05    1.0000000000E-12
  17730000    5.1765249702E-02    5.5036240012E+06    2.8489647069E+05    1.0000000000E-12
  17740000    5.1658617334E-02    5.5036119306E+06    2.8430898268E+05    1.0000000000E-12
  17750000    5.1552188988E-02    5.5035998823E+06    2.8372262125E+05    1.0000000000E-12
  17760000    5.1445964336E-02    5.5035878561E+06    2.8313738456E+05    1.0000000000E-12
  17770000    5.1339943050E-02    5.5035758521E+06    2.8255327081E+05    1.0000000000E-12
  17780000    5.1234124802E-02    5.5035638702E+06    2.8197027818E+05    1.0000000000E-12
  17790000    5.1128509267E-02    5.5035519104E+06    2.8138840485E+05    1.0000000000E-12
  17800000    5.1023096116E-02    5.5035399727E+06    2.8080764901E+05    1.0000000000E-12
  17810000    5.0917885024E-02    5.5035280570E+06    2.8022800883E+05    1.0000000000E-12
  17820000    5.0812875665E-02    5.5035161632E+06    2.7964948252E+05    1.0000000000E-12
  17830000    5.0708067712E-02    5.5035042914E+06    2.7907206826E+05    1.0000000000E-12
  17840000    5.0603460839E-02    5.5034924416E+06    2.7849576425E+05    1.0000000000E-12
  17850000    5.0499054721E-02    5.5034806136E+06    2.7792056867E+05    1.0000000000E-12
  17860000    5.0394849032E-02    5.5034688075E+06    2.7734647971E+05    1.0000000000E-12
  17870000    5.0290843446E-02    5.5034570232E+06    2.7677349556E+05    1.0000000000E-12
  17880000    5.0187037637E-02    5.5034452608E+06    2.7620161443E+05    1.0000000000E-12
  17890000    5.0083431281E-02    5.5034335201E+06    2.7563083451E+05    1.0000000000E-12
  17900000    4.9980024053E-02    5.5034218012E+06    2.7506115399E+05    1.0000000000E-12
  17910000    4.9876815628E-02    5.5034101040E+06    2.7449257108E+05    1.0000000000E-12
  17920000    4.9773805683E-02    5.5033984285E+06    2.7392508397E+05    1.0000000000E-12
  17930000    4.9670993893E-02    5.5033867746E+06    2.7335869087E+05    1.0000000000E-12
  17940000    4.9568379936E-02    5.5033751425E+06    2.7279338999E+05    1.0000000000E-12
  17950000    4.9465963487E-02    5.5033635319E+06    2.7222917953E+05    1.0000000000E-12
  17960000    4.9363744225E-02    5.5033519430E+06    2.7166605769E+05    1.0000000000E-12
  17970000    4.9261721826E-02    5.5033403756E+06    2.7110402269E+05    1.0000000000E-12
  17980000    4.9159895968E-02    5.5033288297E+06    2.7054307274E+05    1.0000000000E-12
  17990000    4.9058266329E-02    5.5033173054E+06    2.6998320606E+05    1.0000000000E-12
  18000000    4.8956832587E-02    5.5033058025E+06    2.6942442085E+05    1.0000000000E-12
  18010000    4.8855594422E-02    5.5032943211E+06    2.6886671534E+05    1.0000000000E-12
  18020000    4.8754551511E-02    5.5032828612E+06    2.6831008774E+05    1.0000000000E-12
  18030000    4.8653703535E-02    5.5032714226E+06    2.6775453627E+05    1.0000000000E-12
  18040000    4.8553050172E-02    5.5032600055E+06    2.6720005915E+05    1.0000000000E-12
  18050000    4.8452591103E-02    5.5032486096E+06    2.6664665462E+05    1.0000000000E-12
  18060000    4.8352326007E-02    5.5032372351E+06    2.6609432089E+05    1.0000000000E-12
  18070000    4.8252254566E-02    5.5032258819E+06    2.6554305619E+05    1.0000000000E-12
  18080000    4.8152376460E-02    5.5032145500E+06    2.6499285875E+05    1.0000000000E-12
  18090000    4.8052691369E-02    5.5032032393E+06    2.6444372680E+05    1.0000000000E-12
  18100000    4.7953198976E-02    5.5031919498E+06    2.6389565857E+05    1.0000000000E-12
  18110000    4.7853898963E-02    5.5031806815E+06    2.6334865231E+05    1.0000000000E-12
  18120000    4.7754791010E-02    5.5031694344E+06    2.6280270623E+05    1.0000000000E-12
  18130000    4.7655874801E-02    5.5031582084E+06    2.6225781859E+05    1.0000000000E-12
  18140000    4.7557150017E-02    5.5031470035E+06    2.6171398761E+05    1.0000000000E-12
  18150000    4.7458616343E-02    5.5031358197E+06    2.6117121155E+05    1.0000000000E-12
  18160000    4.7360273462E-02    5.5031246569E+06    2.6062948864E+05    1.0000000000E-12
  18170000    4.7262121056E-02    5.5031135151E+06    2.6008881714E+05    1.0000000000E-12
  18180000    4.7164158810E-02    5.5031023944E+06    2.5954919527E+05    1.0000000000E-12
  18190000    4.7066386408E-02    5.5030912946E+06    2.5901062131E+05    1.0000000000E-12
  18200000    4.6968803534E-02    5.5030802157E+06    2.5847309349E+05    1.0000000000E-12
  18210000    4.6871409874E-02    5.5030691578E+06    2.5793661006E+05    1.0000000000E-12
  18220000    4.6774205113E-02    5.5030581208E+06    2.5740116929E+05    1.0000000000E-12
  18230000    4.6677188936E-02    5.5030471046E+06    2.5686676942E+05    1.0000000000E-12
  18240000    4.6580361029E-02    5.5030361092E+06    2.5633340872E+05    1.0000000000E-12
  18250000    4.6483721077E-02    5.5030251346E+06    2.5580108544E+05    1.0000000000E-12
  18260000    4.6387268769E-02    5.5030141808E+06    2.5526979784E+05    1.0000000000E-12
  18270000    4.6291003789E-02    5.5030032478E+06    2.5473954419E+05    1.0000000000E-12
  18280000    4.6194925826E-02    5.5029923355E+06    2.5421032276E+05    1.0000000000E-12
  18290000    4.6099034567E-02    5.5029814438E+06    2.5368213180E+05    1.0000000000E-12
  18300000    4.6003329699E-02    5.5029705729E+06    2.5315496959E+05    1.0000000000E-12
  18310000    4.5907810911E-02    5.5029597225E+06    2.5262883439E+05    1.0000000000E-12
  18320000    4.5812477890E-02    5.5029488928E+06    2.5210372448E+05    1.0000000000E-12
  18330000    4.5717330327E-02    5.5029380836E+06    2.5157963814E+05    1.0000000000E-12
  18340000    4.5622367909E-02    5.5029272950E+06    2.5105657363E+05    1.0000000000E-12
  18350000    4.5527590326E-02    5.5029165270E+06    2.5053452924E+05    1.0000000000E-12
  18360000    4.5432997268E-02    5.5029057794E+06    2.5001350324E+05    1.0000000000E-12
  18370000    4.5338588425E-02    5.5028950523E+06    2.4949349392E+05    1.0000000000E-12
  18380000    4.5244363487E-02    5.5028843456E+06    2.4897449956E+05    1.0000000000E-12
  18390000    4.5150322144E-02    5.5028736593E+06    2.4845651844E+05    1.0000000000E-12
  18400000    4.5056464089E-02    5.5028629935E+06    2.4793954885E+05    1.0000000000E-12
  18410000    4.4962789011E-02    5.5028523479E+06    2.4742358908E+05    1.0000000000E-12
  18420000    4.4869296604E-02    5.5028417227E+06    2.4690863742E+05    1.0000000000E-12
  18430000    4.4775986558E-02    5.5028311179E+06    2.4639469216E+05    1.0000000000E-12
  18440000    4.4682858566E-02    5.5028205332E+06    2.4588175160E+05    1.0000000000E-12
  18450000    4.4589912320E-02    5.5028099689E+06    2.4536981403E+05    1.0000000000E-12
  18460000    4.4497147515E-02    5.5027994247E+06    2.4485887774E+05    1.0000000000E-12
  18470000    4.4404563842E-02    5.5027889007E+06    2.4434894105E+05    1.0000000000E-12
  18480000    4.4312160996E-02    5.5027783969E+06    2.4384000225E+05    1.0000000000E-12
  18490000    4.4219938670E-02    5.5027679133E+06    2.4333205964E+05    1.0000000000E-12
  18500000    4.4127896559E-02    5.5027574497E+06    2.4282511153E+05    1.0000000000E-12
  18510000    4.4036034358E-02    5.5027470062E+06    2.4231915623E+05    1.0000000000E-12
  18520000    4.3944351761E-02    5.5027365827E+06    2.4181419204E+05    1.0000000000E-12
  18530000    4.3852848463E-02    5.5027261793E+06    2.4131021728E+05    1.0000000000E-12
  18540000    4.3761524161E-02    5.5027157959E+06    2.4080723025E+05    1.0000000000E-12
  18550000    4.3670378550E-02    5.5027054324E+06    2.4030522928E+05    1.0000000000E-12
  18560000    4.3579411327E-02    5.5026950889E+06    2.3980421268E+05    1.0000000000E-12
  18570000    4.3488622188E-02    5.5026847652E+06    2.3930417877E+05    1.0000000000E-12
  18580000    4.3398010830E-02    5.5026744615E+06    2.3880512587E+05    1.0000000000E-12
  18590000    4.3307576951E-02    5.5026641776E+06    2.3830705230E+05    1.0000000000E-12
  18600000    4.3217320247E-02    5.5026539135E+06    2.3780995639E+05    1.0000000000E-12
  18610000    4.3127240418E-02    5.5026436692E+06    2.3731383646E+05    1.0000000000E-12
  18620000    4.3037337161E-02    5.5026334447E+06    2.3681869083E+05    1.0000000000E-12
  18630000    4.2947610175E-02    5.5026232399E+06    2.3632451785E+05    1.0000000000E-12
  18640000    4.2858059160E-02    5.5026130548E+06    2.3583131584E+05    1.0000000000E-12
  18650000    4.2768683813E-02    5.5026028894E+06    2.3533908313E+05    1.0000000000E-12
  18660000    4.2679483835E-02    5.5025927437E+06    2.3484781806E+05    1.0000000000E-12
  18670000    4.2590458927E-02    5.5025826176E+06    2.3435751896E+05    1.0000000000E-12
  18680000    4.2501608787E-02    5.5025725111E+06    2.3386818419E+05    1.0000000000E-12
  18690000    4.2412933118E-02    5.5025624241E+06    2.3337981207E+05    1.0000000000E-12
  18700000    4.2324431620E-02    5.5025523567E+06    2.3289240096E+05    1.0000000000E-12
  18710000    4.2236103994E-02    5.5025423088E+06    2.3240594918E+05    1.0000000000E-12
  18720000    4.2147949942E-02    5.5025322804E+06    2.3192045511E+05    1.0000000000E-12
  18730000    4.2059969166E-02    5.5025222714E+06    2.3143591707E+05    1.0000000000E-12
  18740000    4.1972161369E-02    5.5025122819E+06    2.3095233343E+05    1.0000000000E-12
  18750000    4.1884526252E-02    5.5025023117E+06    2.3046970253E+05    1.0000000000E-12
  18760000    4.1797063520E-02    5.5024923610E+06    2.2998802273E+05    1.0000000000E-12
  18770000    4.1709772876E-02    5.5024824295E+06    2.2950729239E+05    1.0000000000E-12
  18780000    4.1622654023E-02    5.5024725174E+06    2.2902750986E+05    1.0000000000E-12
  18790000    4.1535706666E-02    5.5024626246E+06    2.2854867351E+05    1.0000000000E-12
  18800000    4.1448930508E-02    5.5024527510E+06    2.2807078170E+05    1.0000000000E-12
  18810000    4.1362325255E-02    5.5024428967E+06    2.2759383279E+05    1.0000000000E-12
  18820000    4.1275890612E-02    5.5024330615E+06    2.2711782515E+05    1.0000000000E-12
  18830000    4.1189626284E-02    5.5024232455E+06    2.2664275714E+05    1.0000000000E-12
  18840000    4.1103531977E-02    5.5024134487E+06    2.2616862714E+05    1.0000000000E-12
  18850000    4.1017607397E-02    5.5024036710E+06    2.2569543352E+05    1.0000000000E-12
  18860000    4.0931852251E-02    5.5023939124E+06    2.2522317465E+05    1.0000000000E-12
  18870000    4.0846266245E-02    5.5023841728E+06    2.2475184890E+05    1.0000000000E-12
  18880000    4.0760849087E-02    5.5023744522E+06    2.2428145467E+05    1.0000000000E-12
  18890000    4.0675600484E-02    5.5023647507E+06    2.2381199031E+05    1.0000000000E-12
  18900000    4.0590520143E-02    5.5023550681E+06    2.2334345423E+05    1.0000000000E-12
  18910000    4.0505607774E-02    5.5023454045E+06    2.2287584479E+05    1.0000000000E-12
  18920000    4.0420863084E-02    5.5023357597E+06    2.2240916039E+05    1.0000000000E-12
  18930000    4.0336285785E-02    5.5023261339E+06    2.2194339942E+05    1.0000000000E-12
  18940000    4.0251875585E-02    5.5023165268E+06    2.2147856027E+05    1.0000000000E-12
  18950000    4.0167632196E-02    5.5023069386E+06    2.2101464134E+05    1.0000000000E-12
  18960000    4.0083555328E-02    5.5022973692E+06    2.2055164103E+05    1.0000000000E-12
  18970000    3.9999644691E-02    5.5022878185E+06    2.2008955773E+05    1.0000000000E-12
  18980000    3.9915899998E-02    5.5022782864E+06    2.1962838984E+05    1.0000000000E-12
  18990000    3.9832320959E-02    5.5022687731E+06    2.1916813577E+05    1.0000000000E-12
  19000000    3.9748907288E-02    5.5022592784E+06    2.1870879393E+05    1.0000000000E-12
  19010000    3.9665658695E-02    5.5022498023E+06    2.1825036271E+05    1.0000000000E-12
  19020000    3.9582574895E-02    5.5022403447E+06    2.1779284053E+05    1.0000000000E-12
  19030000    3.9499655599E-02    5.5022309057E+06    2.1733622580E+05    1.0000000000E-12
  19040000    3.9416900522E-02    5.5022214852E+06    2.1688051693E+05    1.0000000000E-12
  19050000    3.9334309378E-02    5.5022120832E+06    2.1642571234E+05    1.0000000000E-12
  19060000    3.9251881880E-02    5.5022026996E+06    2.1597181044E+05    1.0000000000E-12
  19070000    3.9169617745E-02    5.5021933344E+06    2.1551880966E+05    1.0000000000E-12
  19080000    3.9087516686E-02    5.5021839876E+06    2.1506670843E+05    1.0000000000E-12
  19090000    3.9005578421E-02    5.5021746591E+06    2.1461550515E+05    1.0000000000E-12
  19100000    3.8923802665E-02    5.5021653489E+06    2.1416519827E+05    1.0000000000E-12
  19110000    3.8842189134E-02    5.5021560570E+06    2.1371578621E+05    1.0000000000E-12
  19120000    3.8760737544E-02    5.5021467834E+06    2.1326726740E+05    1.0000000000E-12
  19130000    3.8679447613E-02    5.5021375279E+06    2.1281964027E+05    1.0000000000E-12
  19140000    3.8598319058E-02    5.5021282907E+06    2.1237290326E+05    1.0000000000E-12
  19150000    3.8517351597E-02    5.5021190716E+06    2.1192705481E+05    1.0000000000E-12
  19160000    3.8436544947E-02    5.5021098707E+06    2.1148209335E+05    1.0000000000E-12
  19170000    3.8355898827E-02    5.5021006878E+06    2.1103801732E+05    1.0000000000E-12
  19180000    3.8275412955E-02    5.5020915230E+06    2.1059482516E+05    1.0000000000E-12
  19190000    3.8195087051E-02    5.5020823762E+06    2.1015251532E+05    1.0000000000E-12
  19200000    3.8114920834E-02    5.5020732475E+06    2.0971108625E+05    1.0000000000E-12
  19210000    3.8034914022E-02    5.5020641366E+06    2.0927053638E+05    1.0000000000E-12
  19220000    3.7955066337E-02    5.5020550438E+06    2.0883086418E+05    1.0000000000E-12
  19230000    3.7875377498E-02    5.5020459688E+06    2.0839206808E+05    1.0000000000E-12
  19240000    3.7795847227E-02    5.5020369117E+06    2.0795414655E+05    1.0000000000E-12
  19250000    3.7716475243E-02    5.5020278725E+06    2.0751709804E+05    1.0000000000E-12
  19260000    3.7637261269E-02    5.5020188511E+06    2.0708092101E+05    1.0000000000E-12
  19270000    3.7558205027E-02    5.5020098475E+06    2.0664561391E+05    1.0000000000E-12
  19280000    3.7479306237E-02    5.5020008616E+06    2.0621117521E+05    1.0000000000E-12
  19290000    3.7400564622E-02    5.5019918934E+06    2.0577760336E+05    1.0000000000E-12
  19300000    3.7321979906E-02    5.5019829430E+06    2.0534489684E+05    1.0000000000E-12
  19310000    3.7243551810E-02    5.5019740102E+06    2.0491305411E+05    1.0000000000E-12
  19320000    3.7165280059E-02    5.5019650950E+06    2.0448207363E+05    1.0000000000E-12
  19330000    3.7087164376E-02    5.5019561974E+06    2.0405195388E+05    1.0000000000E-12
  19340000    3.7009204485E-02    5.5019473174E+06    2.0362269334E+05    1.0000000000E-12
  19350000    3.6931400111E-02    5.5019384550E+06    2.0319429046E+05    1.0000000000E-12
  19360000    3.6853750977E-02    5.5019296100E+06    2.0276674374E+05    1.0000000000E-12
  19370000    3.6776256810E-02    5.5019207825E+06    2.0234005165E+05    1.0000000000E-12
  19380000    3.6698917334E-02    5.5019119725E+06    2.0191421266E+05    1.0000000000E-12
  19390000    3.6621732275E-02    5.5019031799E+06    2.0148922526E+05    1.0000000000E-12
  19400000    3.6544701360E-02    5.5018944047E+06    2.0106508793E+05    1.0000000000E-12
  19410000    3.6467824314E-02    5.5018856469E+06    2.0064179917E+05    1.0000000000E-12
  19420000    3.6391100865E-02    5.5018769064E+06    2.0021935744E+05    1.0000000000E-12
  19430000    3.6314530739E-02    5.5018681831E+06    1.9979776126E+05    1.0000000000E-12
  19440000    3.6238113664E-02    5.5018594772E+06    1.9937700910E+05    1.0000000000E-12
  19450000    3.6161849368E-02    5.5018507885E+06    1.9895709946E+05    1.0000000000E-12
  19460000    3.6085737578E-02    5.5018421170E+06    1.9853803083E+05    1.0000000000E-12
  19470000    3.6009778024E-02    5.5018334627E+06    1.9811980172E+05    1.0000000000E-12
  19480000    3.5933970434E-02    5.5018248255E+06    1.9770241061E+05    1.0000000000E-12
  19490000    3.5858314538E-02    5.5018162054E+06    1.9728585602E+05    1.0000000000E-12
  19500000    3.5782810064E-02    5.5018076025E+06    1.9687013645E+05    1.0000000000E-12
  19510000    3.5707456743E-02    5.5017990166E+06    1.9645525039E+05    1.0000000000E-12
  19520000    3.5632254305E-02    5.5017904477E+06    1.9604119636E+05    1.0000000000E-12
  19530000    3.5557202480E-02    5.5017818959E+06    1.9562797287E+05    1.0000000000E-12
  19540000    3.5482300999E-02    5.5017733610E+06    1.9521557842E+05    1.0000000000E-12
  19550000    3.5407549593E-02    5.5017648430E+06    1.9480401153E+05    1.0000000000E-12
  19560000    3.5332947995E-02    5.5017563420E+06    1.9439327071E+05    1.0000000000E-12
  19570000    3.5258495936E-02    5.5017478578E+06    1.9398335449E+05    1.0000000000E-12
  19580000    3.5184193148E-02    5.5017393906E+06    1.9357426136E+05    1.0000000000E-12
  19590000    3.5110039363E-02    5.5017309401E+06    1.9316598987E+05    1.0000000000E-12
  19600000    3.5036034315E-02    5.5017225064E+06    1.9275853853E+05    1.0000000000E-12
  19610000    3.4962177737E-02    5.5017140895E+06    1.9235190586E+05    1.0000000000E-12
  19620000    3.4888469363E-02    5.5017056894E+06    1.9194609039E+05    1.0000000000E-12
  19630000    3.4814908926E-02    5.5016973059E+06    1.9154109064E+05    1.0000000000E-12
  19640000    3.4741496161E-02    5.5016889391E+06    1.9113690516E+05    1.0000000000E-12
  19650000    3.4668230803E-02    5.5016805890E+06    1.9073353246E+05    1.0000000000E-12
  19660000    3.4595112586E-02    5.5016722555E+06    1.9033097109E+05    1.0000000000E-12
  19670000    3.4522141246E-02    5.5016639386E+06    1.8992921957E+05    1.0000000000E-12
  19680000    3.4449316518E-02    5.5016556382E+06    1.8952827646E+05    1.0000000000E-12
  19690000    3.4376638139E-02    5.5016473544E+06    1.8912814027E+05    1.0000000000E-12
  19700000    3.4304105845E-02    5.5016390871E+06    1.8872880957E+05    1.0000000000E-12
  19710000    3.4231719373E-02    5.5016308363E+06    1.8833028288E+05    1.0000000000E-12
  19720000    3.4159478460E-02    5.5016226019E+06    1.8793255876E+05    1.0000000000E-12
  19730000    3.4087382842E-02    5.5016143840E+06    1.8753563576E+05    1.0000000000E-12
  19740000    3.4015432259E-02    5.5016061824E+06    1.8713951241E+05    1.0000000000E-12
  19750000    3.3943626448E-02    5.5015979972E+06    1.8674418728E+05    1.0000000000E-12
  19760000    3.3871965148E-02    5.5015898283E+06    1.8634965892E+05    1.0000000000E-12
  19770000    3.3800448096E-02    5.5015816757E+06    1.8595592588E+05    1.0000000000E-12
  19780000    3.3729075034E-02    5.5015735394E+06    1.8556298671E+05    1.0000000000E-12
  19790000    3.3657845699E-02    5.5015654194E+06    1.8517083999E+05    1.0000000000E-12
  19800000    3.3586759832E-02    5.5015573156E+06    1.8477948426E+05    1.0000000000E-12
  19810000    3.3515817174E-02    5.5015492279E+06    1.8438891809E+05    1.0000000000E-12
  19820000    3.3445017464E-02    5.5015411564E+06    1.8399914005E+05    1.0000000000E-12
  19830000    3.3374360443E-02    5.5015331011E+06    1.8361014871E+05    1.0000000000E-12
  19840000    3.3303845853E-02    5.5015250619E+06    1.8322194262E+05    1.0000000000E-12
  19850000    3.3233473436E-02    5.5015170387E+06    1.8283452036E+05    1.0000000000E-12
  19860000    3.3163242933E-02    5.5015090316E+06    1.8244788051E+05    1.0000000000E-12
  19870000    3.3093154086E-02    5.5015010405E+06    1.8206202164E+05    1.0000000000E-12
  19880000    3.3023206639E-02    5.5014930654E+06    1.8167694232E+05    1.0000000000E-12
  19890000    3.2953400333E-02    5.5014851063E+06    1.8129264113E+05    1.0000000000E-12
  19900000    3.2883734913E-02    5.5014771631E+06    1.8090911666E+05    1.0000000000E-12
  19910000    3.2814210123E-02    5.5014692358E+06    1.8052636749E+05    1.0000000000E-12
  19920000    3.2744825705E-02    5.5014613244E+06    1.8014439219E+05    1.0000000000E-12
  19930000    3.2675581405E-02    5.5014534288E+06    1.7976318936E+05    1.0000000000E-12
  19940000    3.2606476968E-02    5.5014455491E+06    1.7938275758E+05    1.0000000000E-12
  19950000    3.2537512137E-02    5.5014376851E+06    1.7900309545E+05    1.0000000000E-12
  19960000    3.2468686660E-02    5.5014298369E+06    1.7862420156E+05    1.0000000000E-12
  19970000    3.2400000281E-02    5.5014220045E+06    1.7824607449E+05    1.0000000000E-12
  19980000    3.2331452746E-02    5.5014141878E+06    1.7786871285E+05    1.0000000000E-12
  19990000    3.2263043803E-02    5.5014063867E+06    1.7749211523E+05    1.0000000000E-12
  20000000    3.2194773197E-02    5.5013986013E+06    1.7711628024E+05    1.0000000000E-12
  20010000    3.2126640677E-02    5.5013908316E+06    1.7674120647E+05    1.0000000000E-12
  20020000    3.2058645988E-02    5.5013830774E+06    1.7636689253E+05    1.0000000000E-12
  20030000    3.1990788881E-02    5.5013753388E+06    1.7599333702E+05    1.0000000000E-12
  20040000    3.1923069102E-02    5.5013676158E+06    1.7562053855E+05    1.0000000000E-12
  20050000    3.1855486400E-02    5.5013599083E+06    1.7524849574E+05    1.0000000000E-12
  20060000    3.1788040524E-02    5.5013522162E+06    1.7487720718E+05    1.0000000000E-12
  20070000    3.1720731223E-02    5.5013445397E+06    1.7450667151E+05    1.0000000000E-12
  20080000    3.1653558247E-02    5.5013368785E+06    1.7413688732E+05    1.0000000000E-12
  20090000    3.1586521346E-02    5.5013292328E+06    1.7376785324E+05    1.0000000000E-12
  20100000    3.1519620270E-02    5.5013216024E+06    1.7339956789E+05    1.0000000000E-12
  20110000    3.1452854770E-02    5.5013139874E+06    1.7303202989E+05    1.0000000000E-12
  20120000    3.1386224596E-02    5.5013063878E+06    1.7266523786E+05    1.0000000000E-12
  20130000    3.1319729501E-02    5.5012988034E+06    1.7229919042E+05    1.0000000000E-12
  20140000    3.1253369235E-02    5.5012912343E+06    1.7193388621E+05    1.0000000000E-12
  20150000    3.1187143551E-02    5.5012836804E+06    1.7156932385E+05    1.0000000000E-12
  20160000    3.1121052201E-02    5.5012761418E+06    1.7120550198E+05    1.0000000000E-12
  20170000    3.1055094938E-02    5.5012686183E+06    1.7084241922E+05    1.0000000000E-12
  20180000    3.0989271515E-02    5.5012611100E+06    1.7048007421E+05    1.0000000000E-12
  20190000    3.0923581685E-02    5.5012536168E+06    1.7011846559E+05    1.0000000000E-12
  20200000    3.0858025202E-02    5.5012461388E+06    1.6975759199E+05    1.0000000000E-12
  20210000    3.0792601821E-02    5.5012386758E+06    1.6939745207E+05    1.0000000000E-12
  20220000    3.0727311296E-02    5.5012312279E+06    1.6903804445E+05    1.0000000000E-12
  20230000    3.0662153381E-02    5.5012237950E+06    1.6867936778E+05    1.0000000000E-12
  20240000    3.0597127831E-02    5.5012163771E+06    1.6832142072E+05    1.0000000000E-12
  20250000    3.0532234403E-02    5.5012089741E+06    1.6796420190E+05    1.0000000000E-12
  20260000    3.0467472853E-02    5.5012015861E+06    1.6760770998E+05    1.0000000000E-12
  20270000    3.0402842935E-02    5.5011942131E+06    1.6725194362E+05    1.0000000000E-12
  20280000    3.0338344407E-02    5.5011868549E+06    1.6689690145E+05    1.0000000000E-12
  20290000    3.0273977027E-02    5.5011795116E+06    1.6654258215E+05    1.0000000000E-12
  20300000    3.0209740550E-02    5.5011721831E+06    1.6618898437E+05    1.0000000000E-12
  20310000    3.0145634735E-02    5.5011648694E+06    1.6583610677E+05    1.0000000000E-12
  20320000    3.0081659339E-02    5.5011575706E+06    1.6548394801E+05    1.0000000000E-12
  20330000    3.0017814122E-02    5.5011502864E+06    1.6513250676E+05    1.0000000000E-12
  20340000    2.9954098841E-02    5.5011430170E+06    1.6478178167E+05    1.0000000000E-12
  20350000    2.9890513256E-02    5.5011357624E+06    1.6443177143E+05    1.0000000000E-12
  20360000    2.9827057128E-02    5.5011285223E+06    1.6408247470E+05    1.0000000000E-12
  20370000    2.9763730215E-02    5.5011212969E+06    1.6373389016E+05    1.0000000000E-12
  20380000    2.9700532278E-02    5.5011140861E+06    1.6338601648E+05    1.0000000000E-12
  20390000    2.9637463079E-02    5.5011068899E+06    1.6303885234E+05    1.0000000000E-12
  20400000    2.9574522378E-02    5.5010997083E+06    1.6269239643E+05    1.0000000000E-12
  20410000    2.9511709936E-02    5.5010925411E+06    1.6234664740E+05    1.0000000000E-12
  20420000    2.9449025515E-02    5.5010853884E+06    1.6200160396E+05    1.0000000000E-12
  20430000    2.9386468876E-02    5.5010782502E+06    1.6165726478E+05    1.0000000000E-12
  20440000    2.9324039781E-02    5.5010711264E+06    1.6131362855E+05    1.0000000000E-12
  20450000    2.9261737993E-02    5.5010640170E+06    1.6097069395E+05    1.0000000000E-12
  20460000    2.9199563274E-02    5.5010569220E+06    1.6062845967E+05    1.0000000000E-12
  20470000    2.9137515387E-02    5.5010498414E+06    1.6028692440E+05    1.0000000000E-12
  20480000    2.9075594096E-02    5.5010427751E+06    1.5994608683E+05    1.0000000000E-12
  20490000    2.9013799164E-02    5.5010357230E+06    1.5960594566E+05    1.0000000000E-12
  20500000    2.8952130356E-02    5.5010286853E+06    1.5926649959E+05    1.0000000000E-12
  20510000    2.8890587436E-02    5.5010216618E+06    1.5892774731E+05    1.0000000000E-12
  20520000    2.8829170169E-02    5.5010146525E+06    1.5858968752E+05    1.0000000000E-12
  20530000    2.8767878319E-02    5.5010076574E+06    1.5825231892E+05    1.0000000000E-12
  20540000    2.8706711653E-02    5.5010006764E+06    1.5791564022E+05    1.0000000000E-12
  20550000    2.8645669937E-02    5.5009937096E+06    1.5757965013E+05    1.0000000000E-12
  20560000    2.8584752935E-02    5.5009867569E+06    1.5724434735E+05    1.0000000000E-12
  20570000    2.8523960416E-02    5.5009798183E+06    1.5690973059E+05    1.0000000000E-12
  20580000    2.8463292145E-02    5.5009728937E+06    1.5657579856E+05    1.0000000000E-12
  20590000    2.8402747891E-02    5.5009659832E+06    1.5624254998E+05    1.0000000000E-12
  20600000    2.8342327420E-02    5.5009590866E+06    1.5590998356E+05    1.0000000000E-12
  20610000    2.8282030501E-02    5.5009522041E+06    1.5557809802E+05    1.0000000000E-12
  20620000    2.8221856902E-02    5.5009453355E+06    1.5524689208E+05    1.0000000000E-12
  20630000    2.8161806391E-02    5.5009384808E+06    1.5491636446E+05    1.0000000000E-12
  20640000    2.8101878737E-02    5.5009316400E+06    1.5458651389E+05    1.0000000000E-12
  20650000    2.8042073710E-02    5.5009248131E+06    1.5425733908E+05    1.0000000000E-12
  20660000    2.7982391080E-02    5.5009180000E+06    1.5392883877E+05    1.0000000000E-12
  20670000    2.7922830616E-02    5.5009112008E+06    1.5360101169E+05    1.0000000000E-12
  20680000    2.7863392088E-02    5.5009044153E+06    1.5327385656E+05    1.0000000000E-12
  20690000    2.7804075268E-02    5.5008976437E+06    1.5294737213E+05    1.0000000000E-12
  20700000    2.7744879926E-02    5.5008908857E+06    1.5262155711E+05    1.0000000000E-12
  20710000    2.7685805835E-02    5.5008841415E+06    1.5229641026E+05    1.0000000000E-12
  20720000    2.7626852764E-02    5.5008774109E+06    1.5197193031E+05    1.0000000000E-12
  20730000    2.7568020488E-02    5.5008706941E+06    1.5164811599E+05    1.0000000000E-12
  20740000    2.7509308777E-02    5.5008639908E+06    1.5132496606E+05    1.0000000000E-12
  20750000    2.7450717405E-02    5.5008573012E+06    1.5100247926E+05    1.0000000000E-12
  20760000    2.7392246145E-02    5.5008506252E+06    1.5068065433E+05    1.0000000000E-12
  20770000    2.7333894770E-02    5.5008439627E+06    1.5035949003E+05    1.0000000000E-12
  20780000    2.7275663055E-02    5.5008373138E+06    1.5003898509E+05    1.0000000000E-12
  20790000    2.7217550773E-02    5.5008306783E+06    1.4971913828E+05    1.0000000000E-12
  20800000    2.7159557698E-02    5.5008240564E+06    1.4939994835E+05    1.0000000000E-12
  20810000    2.7101683607E-02    5.5008174479E+06    1.4908141405E+05    1.0000000000E-12
  20820000    2.7043928273E-02    5.5008108528E+06    1.4876353414E+05    1.0000000000E-12
  20830000    2.6986291472E-02    5.5008042712E+06    1.4844630739E+05    1.0000000000E-12
  20840000    2.6928772980E-02    5.5007977029E+06    1.4812973255E+05    1.0000000000E-12
  20850000    2.6871372574E-02    5.5007911480E+06    1.4781380839E+05    1.0000000000E-12
  20860000    2.6814090030E-02    5.5007846064E+06    1.4749853367E+05    1.0000000000E-12
  20870000    2.6756925124E-02    5.5007780781E+06    1.4718390716E+05    1.0000000000E-12
  20880000    2.6699877634E-02    5.5007715631E+06    1.4686992763E+05    1.0000000000E-12
  20890000    2.6642947339E-02    5.5007650614E+06    1.4655659385E+05    1.0000000000E-12
  20900000    2.6586134014E-02    5.5007585729E+06    1.4624390460E+05    1.0000000000E-12
  20910000    2.6529437439E-02    5.5007520976E+06    1.4593185864E+05    1.0000000000E-12
  20920000    2.6472857393E-02    5.5007456355E+06    1.4562045476E+05    1.0000000000E-12
  20930000    2.6416393654E-02    5.5007391865E+06    1.4530969174E+05    1.0000000000E-12
  20940000    2.6360046002E-02    5.5007327507E+06    1.4499956835E+05    1.0000000000E-12
  20950000    2.6303814216E-02    5.5007263280E+06    1.4469008338E+05    1.0000000000E-12
  20960000    2.6247698076E-02    5.5007199183E+06    1.4438123562E+05    1.0000000000E-12
  20970000    2.6191697363E-02    5.5007135217E+06    1.4407302384E+05    1.0000000000E-12
  20980000    2.6135811856E-02    5.5007071382E+06    1.4376544684E+05    1.0000000000E-12
  20990000    2.6080041338E-02    5.5007007676E+06    1.4345850341E+05    1.0000000000E-12
  21000000    2.6024385590E-02    5.5006944101E+06    1.4315219234E+05    1.0000000000E-12
  21010000    2.5968844393E-02    5.5006880655E+06    1.4284651242E+05    1.0000000000E-12
  21020000    2.5913417528E-02    5.5006817338E+06    1.4254146246E+05    1.0000000000E-12
  21030000    2.5858104780E-02    5.5006754150E+06    1.4223704124E+05    1.0000000000E-12
  21040000    2.5802905929E-02    5.5006691092E+06    1.4193324757E+05    1.0000000000E-12
  21050000    2.5747820760E-02    5.5006628161E+06    1.4163008025E+05    1.0000000000E-12
  21060000    2.5692849056E-02    5.5006565360E+06    1.4132753808E+05    1.0000000000E-12
  21070000    2.5637990599E-02    5.5006502686E+06    1.4102561988E+05    1.0000000000E-12
  21080000    2.5583245175E-02    5.5006440140E+06    1.4072432443E+05    1.0000000000E-12
  21090000    2.5528612568E-02    5.5006377722E+06    1.4042365056E+05    1.0000000000E-12
  21100000    2.5474092563E-02    5.5006315431E+06    1.4012359708E+05    1.0000000000E-12
  21110000    2.5419684944E-02    5.5006253267E+06    1.3982416280E+05    1.0000000000E-12
  21120000    2.5365389497E-02    5.5006191230E+06    1.3952534653E+05    1.0000000000E-12
  21130000    2.5311206007E-02    5.5006129320E+06    1.3922714709E+05    1.0000000000E-12
  21140000    2.5257134262E-02    5.5006067536E+06    1.3892956330E+05    1.0000000000E-12
  21150000    2.5203174047E-02    5.5006005879E+06    1.3863259398E+05    1.0000000000E-12
  21160000    2.5149325148E-02    5.5005944347E+06    1.3833623795E+05    1.0000000000E-12
  21170000    2.5095587354E-02    5.5005882941E+06    1.3804049403E+05    1.0000000000E-12
  21180000    2.5041960451E-02    5.5005821661E+06    1.3774536106E+05    1.0000000000E-12
  21190000    2.4988444227E-02    5.5005760506E+06    1.3745083786E+05    1.0000000000E-12
  21200000    2.4935038471E-02    5.5005699475E+06    1.3715692326E+05    1.0000000000E-12
  21210000    2.4881742971E-02    5.5005638570E+06    1.3686361608E+05    1.0000000000E-12
  21220000    2.4828557515E-02    5.5005577789E+06    1.3657091518E+05    1.0000000000E-12
  21230000    2.4775481892E-02    5.5005517132E+06    1.3627881937E+05    1.0000000000E-12
  21240000    2.4722515893E-02    5.5005456599E+06    1.3598732750E+05    1.0000000000E-12
  21250000    2.4669659307E-02    5.5005396190E+06    1.3569643840E+05    1.0000000000E-12
  21260000    2.4616911923E-02    5.5005335905E+06    1.3540615093E+05    1.0000000000E-12
  21270000    2.4564273533E-02    5.5005275743E+06    1.3511646391E+05    1.0000000000E-12
  21280000    2.4511743928E-02    5.5005215704E+06    1.3482737620E+05    1.0000000000E-12
  21290000    2.4459322897E-02    5.5005155788E+06    1.3453888664E+05    1.0000000000E-12
  21300000    2.4407010233E-02    5.5005095995E+06    1.3425099408E+05    1.0000000000E-12
  21310000    2.4354805728E-02    5.5005036323E+06    1.3396369737E+05    1.0000000000E-12
  21320000    2.4302709174E-02    5.5004976775E+06    1.3367699537E+05    1.0000000000E-12
  21330000    2.4250720363E-02    5.5004917348E+06    1.3339088692E+05    1.0000000000E-12
  21340000    2.4198839087E-02    5.5004858042E+06    1.3310537088E+05    1.0000000000E-12
  21350000    2.4147065141E-02    5.5004798858E+06    1.3282044611E+05    1.0000000000E-12
  21360000    2.4095398316E-02    5.5004739796E+06    1.3253611147E+05    1.0000000000E-12
  21370000    2.4043838408E-02    5.5004680854E+06    1.3225236582E+05    1.0000000000E-12
  21380000    2.3992385210E-02    5.5004622033E+06    1.3196920802E+05    1.0000000000E-12
  21390000    2.3941038516E-02    5.5004563333E+06    1.3168663693E+05    1.0000000000E-12
  21400000    2.3889798121E-02    5.5004504753E+06    1.3140465143E+05    1.0000000000E-12
  21410000    2.3838663821E-02    5.5004446294E+06    1.3112325038E+05    1.0000000000E-12
  21420000    2.3787635409E-02    5.5004387954E+06    1.3084243266E+05    1.0000000000E-12
  21430000    2.3736712683E-02    5.5004329734E+06    1.3056219712E+05    1.0000000000E-12
  21440000    2.3685895438E-02    5.5004271633E+06    1.3028254265E+05    1.0000000000E-12
  21450000    2.3635183470E-02    5.5004213652E+06    1.3000346813E+05    1.0000000000E-12
  21460000    2.3584576576E-02    5.5004155789E+06    1.2972497242E+05    1.0000000000E-12
  21470000    2.3534074554E-02    5.5004098046E+06    1.2944705442E+05    1.0000000000E-12
  21480000    2.3483677200E-02    5.5004040421E+06    1.2916971299E+05    1.0000000000E-12
  21490000    2.3433384312E-02    5.5003982914E+06    1.2889294703E+05    1.0000000000E-12
  21500000    2.3383195688E-02    5.5003925526E+06    1.2861675542E+05    1.0000000000E-12
  21510000    2.3333111126E-02    5.5003868255E+06    1.2834113704E+05    1.0000000000E-12
  21520000    2.3283130425E-02    5.5003811102E+06    1.2806609078E+05    1.0000000000E-12
  21530000    2.3233253385E-02    5.5003754067E+06    1.2779161554E+05    1.0000000000E-12
  21540000    2.3183479804E-02    5.5003697149E+06    1.2751771020E+05    1.0000000000E-12
  21550000    2.3133809482E-02    5.5003640348E+06    1.2724437366E+05    1.0000000000E-12
  21560000    2.3084242219E-02    5.5003583664E+06    1.2697160482E+05    1.0000000000E-12
  21570000    2.3034777815E-02    5.5003527097E+06    1.2669940257E+05    1.0000000000E-12
  21580000    2.2985416071E-02    5.5003470646E+06    1.2642776581E+05    1.0000000000E-12
  21590000    2.2936156788E-02    5.5003414311E+06    1.2615669345E+05    1.0000000000E-12
  21600000    2.2886999767E-02    5.5003358092E+06    1.2588618438E+05    1.0000000000E-12
  21610000    2.2837944809E-02    5.5003301989E+06    1.2561623752E+05    1.0000000000E-12
  21620000    2.2788991718E-02    5.5003246002E+06    1.2534685176E+05    1.0000000000E-12
  21630000    2.2740140294E-02    5.5003190129E+06    1.2507802602E+05    1.0000000000E-12
  21640000    2.2691390341E-02    5.5003134372E+06    1.2480975920E+05    1.0000000000E-12
  21650000    2.2642741661E-02    5.5003078730E+06    1.2454205022E+05    1.0000000000E-12
  21660000    2.2594194058E-02    5.5003023203E+06    1.2427489800E+05    1.0000000000E-12
  21670000    2.2545747335E-02    5.5002967790E+06    1.2400830145E+05    1.0000000000E-12
  21680000    2.2497401296E-02    5.5002912491E+06    1.2374225948E+05    1.0000000000E-12
  21690000    2.2449155746E-02    5.5002857307E+06    1.2347677101E+05    1.0000000000E-12
  21700000    2.2401010488E-02    5.5002802236E+06    1.2321183498E+05    1.0000000000E-12
  21710000    2.2352965328E-02    5.5002747279E+06    1.2294745029E+05    1.0000000000E-12
  21720000    2.2305020071E-02    5.5002692435E+06    1.2268361587E+05    1.0000000000E-12
  21730000    2.2257174522E-02    5.5002637705E+06    1.2242033066E+05    1.0000000000E-12
  21740000    2.2209428488E-02    5.5002583088E+06    1.2215759357E+05    1.0000000000E-12
  21750000    2.2161781774E-02    5.5002528583E+06    1.2189540355E+05    1.0000000000E-12
  21760000    2.2114234187E-02    5.5002474191E+06    1.2163375951E+05    1.0000000000E-12
  21770000    2.2066785533E-02    5.5002419911E+06    1.2137266040E+05    1.0000000000E-12
  21780000    2.2019435621E-02    5.5002365744E+06    1.2111210515E+05    1.0000000000E-12
  21790000    2.1972184256E-02    5.5002311688E+06    1.2085209269E+05    1.0000000000E-12
  21800000    2.1925031248E-02    5.5002257744E+06    1.2059262197E+05    1.0000000000E-12
  21810000    2.1877976404E-02    5.5002203912E+06    1.2033369193E+05    1.0000000000E-12
  21820000    2.1831019532E-02    5.5002150191E+06    1.2007530151E+05    1.0000000000E-12
  21830000    2.1784160441E-02    5.5002096581E+06    1.1981744965E+05    1.0000000000E-12
  21840000    2.1737398941E-02    5.5002043082E+06    1.1956013530E+05    1.0000000000E-12
  21850000    2.1690734840E-02    5.5001989693E+06    1.1930335741E+05    1.0000000000E-12
  21860000    2.1644167948E-02    5.5001936416E+06    1.1904711493E+05    1.0000000000E-12
  21870000    2.1597698076E-02    5.5001883248E+06    1.1879140680E+05    1.0000000000E-12
  21880000    2.1551325034E-02    5.5001830191E+06    1.1853623199E+05    1.0000000000E-12
  21890000    2.1505048632E-02    5.5001777243E+06    1.1828158944E+05    1.0000000000E-12
  21900000    2.1458868681E-02    5.5001724405E+06    1.1802747812E+05    1.0000000000E-12
  21910000    2.1412784992E-02    5.5001671676E+06    1.1777389698E+05    1.0000000000E-12
  21920000    2.1366797378E-02    5.5001619057E+06    1.1752084498E+05    1.0000000000E-12
  21930000    2.1320905649E-02    5.5001566547E+06    1.1726832109E+05    1.0000000000E-12
  21940000    2.1275109619E-02    5.5001514145E+06    1.1701632427E+05    1.0000000000E-12
  21950000    2.1229409100E-02    5.5001461853E+06    1.1676485348E+05    1.0000000000E-12
  21960000    2.1183803904E-02    5.5001409668E+06    1.1651390769E+05    1.0000000000E-12
  21970000    2.1138293845E-02    5.5001357592E+06    1.1626348587E+05    1.0000000000E-12
  21980000    2.1092878737E-02    5.5001305624E+06    1.1601358699E+05    1.0000000000E-12
  21990000    2.1047558393E-02    5.5001253764E+06    1.1576421003E+05    1.0000000000E-12
  22000000    2.1002332627E-02    5.5001202011E+06    1.1551535395E+05    1.0000000000E-12
  22010000    2.0957201253E-02    5.5001150366E+06    1.1526701774E+05    1.0000000000E-12
  22020000    2.0912164088E-02    5.5001098827E+06    1.1501920037E+05    1.0000000000E-12
  22030000    2.0867220944E-02    5.5001047396E+06    1.1477190082E+05    1.0000000000E-12
  22040000    2.0822371639E-02    5.5000996072E+06    1.1452511807E+05    1.0000000000E-12
  22050000    2.0777615987E-02    5.5000944854E+06    1.1427885111E+05    1.0000000000E-12
  22060000    2.0732953805E-02    5.5000893743E+06    1.1403309892E+05    1.0000000000E-12
  22070000    2.0688384909E-02    5.5000842737E+06    1.1378786049E+05    1.0000000000E-12
  22080000    2.0643909115E-02    5.5000791838E+06    1.1354313480E+05    1.0000000000E-12
  22090000    2.0599526241E-02    5.5000741045E+06    1.1329892084E+05    1.0000000000E-12
  22100000    2.0555236104E-02    5.5000690357E+06    1.1305521762E+05    1.0000000000E-12
  22110000    2.0511038521E-02    5.5000639774E+06    1.1281202411E+05    1.0000000000E-12
  22120000    2.0466933310E-02    5.5000589297E+06    1.1256933932E+05    1.0000000000E-12
  22130000    2.0422920290E-02    5.5000538925E+06    1.1232716224E+05    1.0000000000E-12
  22140000    2.0378999279E-02    5.5000488657E+06    1.1208549187E+05    1.0000000000E-12
  22150000    2.0335170095E-02    5.5000438494E+06    1.1184432721E+05    1.0000000000E-12
  22160000    2.0291432558E-02    5.5000388435E+06    1.1160366726E+05    1.0000000000E-12
  22170000    2.0247786488E-02    5.5000338481E+06    1.1136351103E+05    1.0000000000E-12
  22180000    2.0204231704E-02    5.5000288630E+06    1.1112385753E+05    1.0000000000E-12
  22190000    2.0160768026E-02    5.5000238884E+06    1.1088470575E+05    1.0000000000E-12
  22200000    2.0117395274E-02    5.5000189240E+06    1.1064605471E+05    1.0000000000E-12
  22210000    2.0074113269E-02    5.5000139701E+06    1.1040790342E+05    1.0000000000E-12
  22220000    2.0030921833E-02    5.5000090264E+06    1.1017025089E+05    1.0000000000E-12
  22230000    1.9987820786E-02    5.5000040931E+06    1.0993309613E+05    1.0000000000E-12
  22240000    1.9944809950E-02    5.4999991700E+06    1.0969643817E+05    1.0000000000E-12
  22250000    1.9901889146E-02    5.4999942571E+06    1.0946027601E+05    1.0000000000E-12
  22260000    1.9859058198E-02    5.4999893546E+06    1.0922460868E+05    1.0000000000E-12
  22270000    1.9816316928E-02    5.4999844622E+06    1.0898943520E+05    1.0000000000E-12
  22280000    1.9773665158E-02    5.4999795800E+06    1.0875475459E+05    1.0000000000E-12
  22290000    1.9731102712E-02    5.4999747081E+06    1.0852056588E+05    1.0000000000E-12
  22300000    1.9688629413E-02    5.4999698462E+06    1.0828686808E+05    1.0000000000E-12
  22310000    1.9646245085E-02    5.4999649946E+06    1.0805366024E+05    1.0000000000E-12
  22320000    1.9603949552E-02    5.4999601530E+06    1.0782094138E+05    1.0000000000E-12
  22330000    1.9561742639E-02    5.4999553215E+06    1.0758871053E+05    1.0000000000E-12
  22340000    1.9519624171E-02    5.4999505002E+06    1.0735696672E+05    1.0000000000E-12
  22350000    1.9477593972E-02    5.4999456888E+06    1.0712570899E+05    1.0000000000E-12
  22360000    1.9435651868E-02    5.4999408876E+06    1.0689493638E+05    1.0000000000E-12
  22370000    1.9393797684E-02    5.4999360963E+06    1.0666464793E+05    1.0000000000E-12
  22380000    1.9352031247E-02    5.4999313151E+06    1.0643484267E+05    1.0000000000E-12
  22390000    1.9310352383E-02    5.4999265438E+06    1.0620551964E+05    1.0000000000E-12
  22400000    1.9268760918E-02    5.4999217825E+06    1.0597667790E+05    1.0000000000E-12
  22410000    1.9227256680E-02    5.4999170311E+06    1.0574831647E+05    1.0000000000E-12
  22420000    1.9185839495E-02    5.4999122897E+06    1.0552043442E+05    1.0000000000E-12
  22430000    1.9144509190E-02    5.4999075582E+06    1.0529303079E+05    1.0000000000E-12
  22440000    1.9103265595E-02    5.4999028365E+06    1.0506610463E+05    1.0000000000E-12
  22450000    1.9062108536E-02    5.4998981247E+06    1.0483965499E+05    1.0000000000E-12
  22460000    1.9021037842E-02    5.4998934228E+06    1.0461368092E+05    1.0000000000E-12
  22470000    1.8980053341E-02    5.4998887307E+06    1.0438818148E+05    1.0000000000E-12
  22480000    1.8939154864E-02    5.4998840484E+06    1.0416315573E+05    1.0000000000E-12
  22490000    1.8898342238E-02    5.4998793759E+06    1.0393860271E+05    1.0000000000E-12
  22500000    1.8857615294E-02    5.4998747132E+06    1.0371452150E+05    1.0000000000E-12
  22510000    1.8816973861E-02    5.4998700602E+06    1.0349091116E+05    1.0000000000E-12
  22520000    1.8776417769E-02    5.4998654169E+06    1.0326777074E+05    1.0000000000E-12
  22530000    1.8735946850E-02    5.4998607834E+06    1.0304509932E+05    1.0000000000E-12
  22540000    1.8695560932E-02    5.4998561595E+06    1.0282289595E+05    1.0000000000E-12
  22550000    1.8655259849E-02    5.4998515453E+06    1.0260115971E+05    1.0000000000E-12
  22560000    1.8615043430E-02    5.4998469408E+06    1.0237988966E+05    1.0000000000E-12
  22570000    1.8574911508E-02    5.4998423459E+06    1.0215908489E+05    1.0000000000E-12
  22580000    1.8534863915E-02    5.4998377606E+06    1.0193874445E+05    1.0000000000E-12
  22590000    1.8494900482E-02    5.4998331850E+06    1.0171886742E+05    1.0000000000E-12
  22600000    1.8455021042E-02    5.4998286189E+06    1.0149945289E+05    1.0000000000E-12
  22610000    1.8415225428E-02    5.4998240623E+06    1.0128049992E+05    1.0000000000E-12
  22620000    1.8375513474E-02    5.4998195153E+06    1.0106200761E+05    1.0000000000E-12
  22630000    1.8335885011E-02    5.4998149779E+06    1.0084397502E+05    1.0000000000E-12
  22640000    1.8296339875E-02    5.4998104499E+06    1.0062640124E+05    1.0000000000E-12
  22650000    1.8256877899E-02    5.4998059314E+06    1.0040928536E+05    1.0000000000E-12
  22660000    1.8217498917E-02    5.4998014224E+06    1.0019262646E+05    1.0000000000E-12
  22670000    1.8178202764E-02    5.4997969228E+06    9.9976423623E+04    1.0000000000E-12
  22680000    1.8138989274E-02    5.4997924327E+06    9.9760675948E+04    1.0000000000E-12
  22690000    1.8099858284E-02    5.4997879519E+06    9.9545382521E+04    1.0000000000E-12
  22700000    1.8060809627E-02    5.4997834806E+06    9.9330542434E+04    1.0000000000E-12
  22710000    1.8021843141E-02    5.4997790186E+06    9.9116154782E+04    1.0000000000E-12
  22720000    1.7982958660E-02    5.4997745660E+06    9.8902218660E+04    1.0000000000E-12
  22730000    1.7944156021E-02    5.4997701227E+06    9.8688733164E+04    1.0000000000E-12
  22740000    1.7905435062E-02    5.4997656888E+06    9.8475697395E+04    1.0000000000E-12
  22750000    1.7866795617E-02    5.4997612641E+06    9.8263110451E+04    1.0000000000E-12
  22760000    1.7828237526E-02    5.4997568487E+06    9.8050971434E+04    1.0000000000E-12
  22770000    1.7789760625E-02    5.4997524426E+06    9.7839279449E+04    1.0000000000E-12
  22780000    1.7751364751E-02    5.4997480457E+06    9.7628033600E+04    1.0000000000E-12
  22790000    1.7713049744E-02    5.4997436581E+06    9.7417232994E+04    1.0000000000E-12
  22800000    1.7674815441E-02    5.4997392797E+06    9.7206876739E+04    1.0000000000E-12
  22810000    1.7636661680E-02    5.4997349104E+06    9.6996963945E+04    1.0000000000E-12
  22820000    1.7598588301E-02    5.4997305503E+06    9.6787493723E+04    1.0000000000E-12
  22830000    1.7560595143E-02    5.4997261994E+06    9.6578465186E+04    1.0000000000E-12
  22840000    1.7522682045E-02    5.4997218576E+06    9.6369877449E+04    1.0000000000E-12
  22850000    1.7484848848E-02    5.4997175249E+06    9.6161729628E+04    1.0000000000E-12
  22860000    1.7447095390E-02    5.4997132014E+06    9.5954020840E+04    1.0000000000E-12
  22870000    1.7409421512E-02    5.4997088869E+06    9.5746750205E+04    1.0000000000E-12
  22880000    1.7371827055E-02    5.4997045814E+06    9.5539916844E+04    1.0000000000E-12
  22890000    1.7334311860E-02    5.4997002850E+06    9.5333519879E+04    1.0000000000E-12
  22900000    1.7296875768E-02    5.4996959977E+06    9.5127558435E+04    1.0000000000E-12
  22910000    1.7259518620E-02    5.4996917193E+06    9.4922031635E+04    1.0000000000E-12
  22920000    1.7222240258E-02    5.4996874500E+06    9.4716938608E+04    1.0000000000E-12
  22930000    1.7185040524E-02    5.4996831896E+06    9.4512278482E+04    1.0000000000E-12
  22940000    1.7147919260E-02    5.4996789381E+06    9.4308050387E+04    1.0000000000E-12
  22950000    1.7110876308E-02    5.4996746956E+06    9.4104253454E+04    1.0000000000E-12
  22960000    1.7073911512E-02    5.4996704621E+06    9.3900886817E+04    1.0000000000E-12
  22970000    1.7037024715E-02    5.4996662374E+06    9.3697949611E+04    1.0000000000E-12
  22980000    1.7000215759E-02    5.4996620216E+06    9.3495440971E+04    1.0000000000E-12
  22990000    1.6963484490E-02    5.4996578147E+06    9.3293360037E+04    1.0000000000E-12
  23000000    1.6926830749E-02    5.4996536166E+06    9.3091705946E+04    1.0000000000E-12
  23010000    1.6890254382E-02    5.4996494273E+06    9.2890477841E+04    1.0000000000E-12
  23020000    1.6853755234E-02    5.4996452469E+06    9.2689674863E+04    1.0000000000E-12
  23030000    1.6817333148E-02    5.4996410753E+06    9.2489296157E+04    1.0000000000E-12
  23040000    1.6780987970E-02    5.4996369124E+06    9.2289340868E+04    1.0000000000E-12
  23050000    1.6744719546E-02    5.4996327583E+06    9.2089808144E+04    1.0000000000E-12
  23060000    1.6708527721E-02    5.4996286129E+06    9.1890697132E+04    1.0000000000E-12
  23070000    1.6672412340E-02    5.4996244763E+06    9.1692006984E+04    1.0000000000E-12
  23080000    1.6636373250E-02    5.4996203484E+06    9.1493736851E+04    1.0000000000E-12
  23090000    1.6600410298E-02    5.4996162291E+06    9.1295885887E+04    1.0000000000E-12
  23100000    1.6564523330E-02    5.4996121186E+06    9.1098453246E+04    1.0000000000E-12
  23110000    1.6528712193E-02    5.4996080167E+06    9.0901438084E+04    1.0000000000E-12
  23120000    1.6492976735E-02    5.4996039234E+06    9.0704839559E+04    1.0000000000E-12
  23130000    1.6457316802E-02    5.4995998388E+06    9.0508656832E+04    1.0000000000E-12
  23140000    1.6421732243E-02    5.4995957627E+06    9.0312889062E+04    1.0000000000E-12
  23150000    1.6386222906E-02    5.4995916953E+06    9.0117535412E+04    1.0000000000E-12
  23160000    1.6350788639E-02    5.4995876364E+06    8.9922595047E+04    1.0000000000E-12
  23170000    1.6315429291E-02    5.4995835861E+06    8.9728067131E+04    1.0000000000E-12
  23180000    1.6280144711E-02    5.4995795443E+06    8.9533950831E+04    1.0000000000E-12
  23190000    1.6244934748E-02    5.4995755110E+06    8.9340245317E+04    1.0000000000E-12
  23200000    1.6209799251E-02    5.4995714862E+06    8.9146949758E+04    1.0000000000E-12
  23210000    1.6174738070E-02    5.4995674699E+06    8.8954063325E+04    1.0000000000E-12
  23220000    1.6139751055E-02    5.4995634621E+06    8.8761585192E+04    1.0000000000E-12
  23230000    1.6104838057E-02    5.4995594627E+06    8.8569514532E+04    1.0000000000E-12
  23240000    1.6069998926E-02    5.4995554718E+06    8.8377850523E+04    1.0000000000E-12
  23250000    1.6035233512E-02    5.4995514892E+06    8.8186592339E+04    1.0000000000E-12
  23260000    1.6000541666E-02    5.4995475151E+06    8.7995739162E+04    1.0000000000E-12
  23270000    1.5965923241E-02    5.4995435494E+06    8.7805290170E+04    1.0000000000E-12
  23280000    1.5931378087E-02    5.4995395920E+06    8.7615244546E+04    1.0000000000E-12
  23290000    1.5896906057E-02    5.4995356430E+06    8.7425601472E+04    1.0000000000E-12
  23300000    1.5862507002E-02    5.4995317023E+06    8.7236360134E+04    1.0000000000E-12
  23310000    1.5828180775E-02    5.4995277699E+06    8.7047519718E+04    1.0000000000E-12
  23320000    1.5793927228E-02    5.4995238458E+06    8.6859079412E+04    1.0000000000E-12
  23330000    1.5759746216E-02    5.4995199300E+06    8.6671038406E+04    1.0000000000E-12
  23340000    1.5725637590E-02    5.4995160225E+06    8.6483395889E+04    1.0000000000E-12
  23350000    1.5691601204E-02    5.4995121233E+06    8.6296151055E+04    1.0000000000E-12
  23360000    1.5657636913E-02    5.4995082322E+06    8.6109303098E+04    1.0000000000E-12
  23370000    1.5623744569E-02    5.4995043494E+06    8.5922851213E+04    1.0000000000E-12
  23380000    1.5589924028E-02    5.4995004748E+06    8.5736794596E+04    1.0000000000E-12
  23390000    1.5556175145E-02    5.4994966084E+06    8.5551132447E+04    1.0000000000E-12
  23400000    1.5522497773E-02    5.4994927501E+06    8.5365863965E+04    1.0000000000E-12
  23410000    1.5488891768E-02    5.4994889000E+06    8.5180988351E+04    1.0000000000E-12
  23420000    1.5455356985E-02    5.4994850580E+06    8.4996504807E+04    1.0000000000E-12
  23430000    1.5421893281E-02    5.4994812242E+06    8.4812412539E+04    1.0000000000E-12
  23440000    1.5388500510E-02    5.4994773984E+06    8.4628710751E+04    1.0000000000E-12
  23450000    1.5355178530E-02    5.4994735808E+06    8.4445398652E+04    1.0000000000E-12
  23460000    1.5321927196E-02    5.4994697712E+06    8.4262475449E+04    1.0000000000E-12
  23470000    1.5288746365E-02    5.4994659697E+06    8.4079940352E+04    1.0000000000E-12
  23480000    1.5255635894E-02    5.4994621762E+06    8.3897792573E+04    1.0000000000E-12
  23490000    1.5222595641E-02    5.4994583907E+06    8.3716031326E+04    1.0000000000E-12
  23500000    1.5189625462E-02    5.4994546133E+06    8.3534655823E+04    1.0000000000E-12
  23510000    1.5156725217E-02    5.4994508438E+06    8.3353665282E+04    1.0000000000E-12
  23520000    1.5123894761E-02    5.4994470824E+06    8.3173058920E+04    1.0000000000E-12
  23530000    1.5091133955E-02    5.4994433288E+06    8.2992835954E+04    1.0000000000E-12
  23540000    1.5058442656E-02    5.4994395833E+06    8.2812995606E+04    1.0000000000E-12
  23550000    1.5025820724E-02    5.4994358456E+06    8.2633537097E+04    1.0000000000E-12
  23560000    1.4993268016E-02    5.4994321159E+06    8.2454459650E+04    1.0000000000E-12
  23570000    1.4960784393E-02    5.4994283941E+06    8.2275762489E+04    1.0000000000E-12
  23580000    1.4928369714E-02    5.4994246801E+06    8.2097444841E+04    1.0000000000E-12
  23590000    1.4896023840E-02    5.4994209741E+06    8.1919505933E+04    1.0000000000E-12
  23600000    1.4863746629E-02    5.4994172758E+06    8.1741944994E+04    1.0000000000E-12
  23610000    1.4831537942E-02    5.4994135854E+06    8.1564761253E+04    1.0000000000E-12
  23620000    1.4799397641E-02    5.4994099029E+06    8.1387953943E+04    1.0000000000E-12
  23630000    1.4767325585E-02    5.4994062281E+06    8.1211522296E+04    1.0000000000E-12
  23640000    1.4735321637E-02    5.4994025611E+06    8.1035465547E+04    1.0000000000E-12
  23650000    1.4703385656E-02    5.4993989019E+06    8.0859782933E+04    1.0000000000E-12
  23660000    1.4671517506E-02    5.4993952504E+06    8.0684473689E+04    1.0000000000E-12
  23670000    1.4639717048E-02    5.4993916067E+06    8.0509537056E+04    1.0000000000E-12
  23680000    1.4607984143E-02    5.4993879707E+06    8.0334972273E+04    1.0000000000E-12
  23690000    1.4576318655E-02    5.4993843425E+06    8.0160778582E+04    1.0000000000E-12
  23700000    1.4544720446E-02    5.4993807219E+06    7.9986955225E+04    1.0000000000E-12
  23710000    1.4513189379E-02    5.4993771090E+06    7.9813501447E+04    1.0000000000E-12
  23720000    1.4481725317E-02    5.4993735037E+06    7.9640416495E+04    1.0000000000E-12
  23730000    1.4450328123E-02    5.4993699062E+06    7.9467699614E+04    1.0000000000E-12
  23740000    1.4418997662E-02    5.4993663162E+06    7.9295350055E+04    1.0000000000E-12
  23750000    1.4387733797E-02    5.4993627339E+06    7.9123367066E+04    1.0000000000E-12
  23760000    1.4356536392E-02    5.4993591591E+06    7.8951749899E+04    1.0000000000E-12
  23770000    1.4325405311E-02    5.4993555920E+06    7.8780497807E+04    1.0000000000E-12
  23780000    1.4294340421E-02    5.4993520324E+06    7.8609610044E+04    1.0000000000E-12
  23790000    1.4263341584E-02    5.4993484804E+06    7.8439085866E+04    1.0000000000E-12
  23800000    1.4232408667E-02    5.4993449359E+06    7.8268924529E+04    1.0000000000E-12
  23810000    1.4201541535E-02    5.4993413990E+06    7.8099125292E+04    1.0000000000E-12
  23820000    1.4170740053E-02    5.4993378696E+06    7.7929687416E+04    1.0000000000E-12
  23830000    1.4140004089E-02    5.4993343476E+06    7.7760610160E+04    1.0000000000E-12
  23840000    1.4109333506E-02    5.4993308332E+06    7.7591892787E+04    1.0000000000E-12
  23850000    1.4078728173E-02    5.4993273262E+06    7.7423534561E+04    1.0000000000E-12
  23860000    1.4048187956E-02    5.4993238266E+06    7.7255534749E+04    1.0000000000E-12
  23870000    1.4017712722E-02    5.4993203345E+06    7.7087892615E+04    1.0000000000E-12
  23880000    1.3987302337E-02    5.4993168499E+06    7.6920607428E+04    1.0000000000E-12
  23890000    1.3956956670E-02    5.4993133726E+06    7.6753678458E+04    1.0000000000E-12
  23900000    1.3926675588E-02    5.4993099027E+06    7.6587104975E+04    1.0000000000E-12
  23910000    1.3896458959E-02    5.4993064402E+06    7.6420886252E+04    1.0000000000E-12
  23920000    1.3866306652E-02    5.4993029851E+06    7.6255021561E+04    1.0000000000E-12
  23930000    1.3836218533E-02    5.4992995373E+06    7.6089510179E+04    1.0000000000E-12
  23940000    1.3806194473E-02    5.4992960968E+06    7.5924351380E+04    1.0000000000E-12
  23950000    1.3776234341E-02    5.4992926637E+06    7.5759544442E+04    1.0000000000E-12
  23960000    1.3746338004E-02    5.4992892378E+06    7.5595088645E+04    1.0000000000E-12
  23970000    1.3716505333E-02    5.4992858193E+06    7.5430983269E+04    1.0000000000E-12
  23980000    1.3686736198E-02    5.4992824080E+06    7.5267227595E+04    1.0000000000E-12
  23990000    1.3657030468E-02    5.4992790040E+06    7.5103820907E+04    1.0000000000E-12
  24000000    1.3627388013E-02    5.4992756072E+06    7.4940762488E+04    1.0000000000E-12
  24010000    1.3597808704E-02    5.4992722176E+06    7.4778051624E+04    1.0000000000E-12
  24020000    1.3568292411E-02    5.4992688353E+06    7.4615687603E+04    1.0000000000E-12
  24030000    1.3538839005E-02    5.4992654602E+06    7.4453669713E+04    1.0000000000E-12
  24040000    1.3509448358E-02    5.4992620922E+06    7.4291997243E+04    1.0000000000E-12
  24050000    1.3480120341E-02    5.4992587315E+06    7.4130669484E+04    1.0000000000E-12
  24060000    1.3450854824E-02    5.4992553778E+06    7.3969685729E+04    1.0000000000E-12
  24070000    1.3421651681E-02    5.4992520314E+06    7.3809045272E+04    1.0000000000E-12
  24080000    1.3392510783E-02    5.4992486920E+06    7.3648747408E+04    1.0000000000E-12
  24090000    1.3363432003E-02    5.4992453598E+06    7.3488791432E+04    1.0000000000E-12
  24100000    1.3334415212E-02    5.4992420346E+06    7.3329176643E+04    1.0000000000E-12
  24110000    1.3305460285E-02    5.4992387166E+06    7.3169902340E+04    1.0000000000E-12
  24120000    1.3276567093E-02    5.4992354056E+06    7.3010967824E+04    1.0000000000E-12
  24130000    1.3247735511E-02    5.4992321017E+06    7.2852372395E+04    1.0000000000E-12
  24140000    1.3218965411E-02    5.4992288048E+06    7.2694115356E+04    1.0000000000E-12
  24150000    1.3190256667E-02    5.4992255149E+06    7.2536196013E+04    1.0000000000E-12
  24160000    1.3161609154E-02    5.4992222321E+06    7.2378613671E+04    1.0000000000E-12
  24170000    1.3133022746E-02    5.4992189562E+06    7.2221367636E+04    1.0000000000E-12
  24180000    1.3104497316E-02    5.4992156874E+06    7.2064457218E+04    1.0000000000E-12
  24190000    1.3076032741E-02    5.4992124255E+06    7.1907881725E+04    1.0000000000E-12
  24200000    1.3047628894E-02    5.4992091705E+06    7.1751640468E+04    1.0000000000E-12
  24210000    1.3019285651E-02    5.4992059225E+06    7.1595732761E+04    1.0000000000E-12
  24220000    1.2991002888E-02    5.4992026815E+06    7.1440157915E+04    1.0000000000E-12
  24230000    1.2962780479E-02    5.4991994473E+06    7.1284915247E+04    1.0000000000E-12
  24240000    1.2934618301E-02    5.4991962201E+06    7.1130004071E+04    1.0000000000E-12
  24250000    1.2906516231E-02    5.4991929997E+06    7.0975423706E+04    1.0000000000E-12
  24260000    1.2878474143E-02    5.4991897862E+06    7.0821173471E+04    1.0000000000E-12
  24270000    1.2850491916E-02    5.4991865795E+06    7.0667252684E+04    1.0000000000E-12
  24280000    1.2822569425E-02    5.4991833797E+06    7.0513660668E+04    1.0000000000E-12
  24290000    1.2794706548E-02    5.4991801868E+06    7.0360396745E+04    1.0000000000E-12
  24300000    1.2766903162E-02    5.4991770006E+06    7.0207460239E+04    1.0000000000E-12
  24310000    1.2739159145E-02    5.4991738213E+06    7.0054850476E+04    1.0000000000E-12
  24320000    1.2711474374E-02    5.4991706487E+06    6.9902566780E+04    1.0000000000E-12
  24330000    1.2683848728E-02    5.4991674829E+06    6.9750608481E+04    1.0000000000E-12
  24340000    1.2656282084E-02    5.4991643239E+06    6.9598974908E+04    1.0000000000E-12
  24350000    1.2628774321E-02    5.4991611716E+06    6.9447665389E+04    1.0000000000E-12
  24360000    1.2601325317E-02    5.4991580261E+06    6.9296679258E+04    1.0000000000E-12
  24370000    1.2573934953E-02    5.4991548872E+06    6.9146015847E+04    1.0000000000E-12
  24380000    1.2546603106E-02    5.4991517551E+06    6.8995674490E+04    1.0000000000E-12
  24390000    1.2519329656E-02    5.4991486297E+06    6.8845654523E+04    1.0000000000E-12
  24400000    1.2492114483E-02    5.4991455109E+06    6.8695955282E+04    1.0000000000E-12
  24410000    1.2464957467E-02    5.4991423989E+06    6.8546576104E+04    1.0000000000E-12
  24420000    1.2437858487E-02    5.4991392934E+06    6.8397516330E+04    1.0000000000E-12
  24430000    1.2410817424E-02    5.4991361946E+06    6.8248775300E+04    1.0000000000E-12
  24440000    1.2383834158E-02    5.4991331024E+06    6.8100352355E+04    1.0000000000E-12
  24450000    1.2356908571E-02    5.4991300169E+06    6.7952246838E+04    1.0000000000E-12
  24460000    1.2330040543E-02    5.4991269379E+06    6.7804458094E+04    1.0000000000E-12
  24470000    1.2303229955E-02    5.4991238655E+06    6.7656985467E+04    1.0000000000E-12
  24480000    1.2276476689E-02    5.4991207997E+06    6.7509828306E+04    1.0000000000E-12
  24490000    1.2249780626E-02    5.4991177404E+06    6.7362985957E+04    1.0000000000E-12
  24500000    1.2223141649E-02    5.4991146877E+06    6.7216457771E+04    1.0000000000E-12
  24510000    1.2196559639E-02    5.4991116415E+06    6.7070243097E+04    1.0000000000E-12
  24520000    1.2170034479E-02    5.4991086019E+06    6.6924341287E+04    1.0000000000E-12
  24530000    1.2143566051E-02    5.4991055687E+06    6.6778751694E+04    1.0000000000E-12
  24540000    1.2117154238E-02    5.4991025420E+06    6.6633473672E+04    1.0000000000E-12
  24550000    1.2090798923E-02    5.4990995218E+06    6.6488506578E+04    1.0000000000E-12
  24560000    1.2064499990E-02    5.4990965081E+06    6.6343849767E+04    1.0000000000E-12
  24570000    1.2038257321E-02    5.4990935008E+06    6.6199502597E+04    1.0000000000E-12
  24580000    1.2012070801E-02    5.4990904999E+06    6.6055464428E+04    1.0000000000E-12
  24590000    1.1985940314E-02    5.4990875055E+06    6.5911734620E+04    1.0000000000E-12
  24600000    1.1959865742E-02    5.4990845175E+06    6.5768312534E+04    1.0000000000E-12
  24610000    1.1933846972E-02    5.4990815358E+06    6.5625197534E+04    1.0000000000E-12
  24620000    1.1907883887E-02    5.4990785606E+06    6.5482388984E+04    1.0000000000E-12
  24630000    1.1881976372E-02    5.4990755917E+06    6.5339886248E+04    1.0000000000E-12
  24640000    1.1856124312E-02    5.4990726292E+06    6.5197688694E+04    1.0000000000E-12
  24650000    1.1830327593E-02    5.4990696731E+06    6.5055795688E+04    1.0000000000E-12
  24660000    1.1804586100E-02    5.4990667232E+06    6.4914206601E+04    1.0000000000E-12
  24670000    1.1778899718E-02    5.4990637797E+06    6.4772920802E+04    1.0000000000E-12
  24680000    1.1753268333E-02    5.4990608425E+06    6.4631937663E+04    1.0000000000E-12
  24690000    1.1727691832E-02    5.4990579116E+06    6.4491256555E+04    1.0000000000E-12
  24700000    1.1702170101E-02    5.4990549869E+06    6.4350876854E+04    1.0000000000E-12
  24710000    1.1676703027E-02    5.4990520686E+06    6.4210797934E+04    1.0000000000E-12
  24720000    1.1651290496E-02    5.4990491564E+06    6.4071019171E+04    1.0000000000E-12
  24730000    1.1625932394E-02    5.4990462506E+06    6.3931539943E+04    1.0000000000E-12
  24740000    1.1600628611E-02    5.4990433509E+06    6.3792359628E+04    1.0000000000E-12
  24750000    1.1575379032E-02    5.4990404575E+06    6.3653477606E+04    1.0000000000E-12
  24760000    1.1550183545E-02    5.4990375702E+06    6.3514893258E+04    1.0000000000E-12
  24770000    1.1525042039E-02    5.4990346892E+06    6.3376605967E+04    1.0000000000E-12
  24780000    1.1499954401E-02    5.4990318143E+06    6.3238615116E+04    1.0000000000E-12
  24790000    1.1474920520E-02    5.4990289456E+06    6.3100920088E+04    1.0000000000E-12
  24800000    1.1449940284E-02    5.4990260831E+06    6.2963520272E+04    1.0000000000E-12
  24810000    1.1425013582E-02    5.4990232267E+06    6.2826415052E+04    1.0000000000E-12
  24820000    1.1400140303E-02    5.4990203764E+06    6.2689603818E+04    1.0000000000E-12
  24830000    1.1375320335E-02    5.4990175322E+06    6.2553085959E+04    1.0000000000E-12
  24840000    1.1350553569E-02    5.4990146941E+06    6.2416860864E+04    1.0000000000E-12
  24850000    1.1325839894E-02    5.4990118622E+06    6.2280927927E+04    1.0000000000E-12
  24860000    1.1301179200E-02    5.4990090362E+06    6.2145286540E+04    1.0000000000E-12
  24870000    1.1276571376E-02    5.4990062164E+06    6.2009936097E+04    1.0000000000E-12
  24880000    1.1252016313E-02    5.4990034026E+06    6.1874875994E+04    1.0000000000E-12
  24890000    1.1227513902E-02    5.4990005949E+06    6.1740105626E+04    1.0000000000E-12
  24900000    1.1203064033E-02    5.4989977931E+06    6.1605624391E+04    1.0000000000E-12
  24910000    1.1178666596E-02    5.4989949974E+06    6.1471431689E+04    1.0000000000E-12
  24920000    1.1154321483E-02    5.4989922077E+06    6.1337526919E+04    1.0000000000E-12
  24930000    1.1130028586E-02    5.4989894240E+06    6.1203909482E+04    1.0000000000E-12
  24940000    1.1105787795E-02    5.4989866462E+06    6.1070578780E+04    1.0000000000E-12
  24950000    1.1081599002E-02    5.4989838744E+06    6.0937534217E+04    1.0000000000E-12
  24960000    1.1057462100E-02    5.4989811086E+06    6.0804775198E+04    1.0000000000E-12
  24970000    1.1033376980E-02    5.4989783487E+06    6.0672301128E+04    1.0000000000E-12
  24980000    1.1009343535E-02    5.4989755947E+06    6.0540111415E+04    1.0000000000E-12
  24990000    1.0985361657E-02    5.4989728467E+06    6.0408205465E+04    1.0000000000E-12
  25000000    1.0961431240E-02    5.4989701045E+06    6.0276582689E+04    1.0000000000E-12
  25010000    1.0937552175E-02    5.4989673683E+06    6.0145242497E+04    1.0000000000E-12
  25020000    1.0913724356E-02    5.4989646379E+06    6.0014184300E+04    1.0000000000E-12
  25030000    1.0889947676E-02    5.4989619134E+06    5.9883407511E+04    1.0000000000E-12
  25040000    1.0866222030E-02    5.4989591947E+06    5.9752911545E+04    1.0000000000E-12
  25050000    1.0842547311E-02    5.4989564819E+06    5.9622695814E+04    1.0000000000E-12
  25060000    1.0818923412E-02    5.4989537749E+06    5.9492759737E+04    1.0000000000E-12
  25070000    1.0795350228E-02    5.4989510737E+06    5.9363102730E+04    1.0000000000E-12
  25080000    1.0771827654E-02    5.4989483784E+06    5.9233724212E+04    1.0000000000E-12
  25090000    1.0748355584E-02    5.4989456888E+06    5.9104623601E+04    1.0000000000E-12
  25100000    1.0724933913E-02    5.4989430050E+06    5.8975800319E+04    1.0000000000E-12
  25110000    1.0701562535E-02    5.4989403270E+06    5.8847253787E+04    1.0000000000E-12
  25120000    1.0678241347E-02    5.4989376547E+06    5.8718983429E+04    1.0000000000E-12
  25130000    1.0654970243E-02    5.4989349882E+06    5.8590988669E+04    1.0000000000E-12
  25140000    1.0631749119E-02    5.4989323274E+06    5.8463268930E+04    1.0000000000E-12
  25150000    1.0608577872E-02    5.4989296724E+06    5.8335823641E+04    1.0000000000E-12
  25160000    1.0585456396E-02    5.4989270230E+06    5.8208652228E+04    1.0000000000E-12
  25170000    1.0562384589E-02    5.4989243794E+06    5.8081754119E+04    1.0000000000E-12
  25180000    1.0539362346E-02    5.4989217414E+06    5.7955128745E+04    1.0000000000E-12
  25190000    1.0516389565E-02    5.4989191091E+06    5.7828775536E+04    1.0000000000E-12
  25200000    1.0493466142E-02    5.4989164825E+06    5.7702693924E+04    1.0000000000E-12
  25210000    1.0470591974E-02    5.4989138615E+06    5.7576883342E+04    1.0000000000E-12
  25220000    1.0447766958E-02    5.4989112461E+06    5.7451343225E+04    1.0000000000E-12
  25230000    1.0424990993E-02    5.4989086364E+06    5.7326073006E+04    1.0000000000E-12
  25240000    1.0402263975E-02    5.4989060323E+06    5.7201072124E+04    1.0000000000E-12
  25250000    1.0379585803E-02    5.4989034338E+06    5.7076340014E+04    1.0000000000E-12
  25260000    1.0356956374E-02    5.4989008409E+06    5.6951876116E+04    1.0000000000E-12
  25270000    1.0334375587E-02    5.4988982536E+06    5.6827679870E+04    1.0000000000E-12
  25280000    1.0311843341E-02    5.4988956718E+06    5.6703750715E+04    1.0000000000E-12
  25290000    1.0289359533E-02    5.4988930956E+06    5.6580088094E+04    1.0000000000E-12
  25300000    1.0266924063E-02    5.4988905250E+06    5.6456691450E+04    1.0000000000E-12
  25310000    1.0244536830E-02    5.4988879599E+06    5.6333560227E+04    1.0000000000E-12
  25320000    1.0222197732E-02    5.4988854003E+06    5.6210693869E+04    1.0000000000E-12
  25330000    1.0199906671E-02    5.4988828462E+06    5.6088091824E+04    1.0000000000E-12
  25340000    1.0177663544E-02    5.4988802976E+06    5.5965753538E+04    1.0000000000E-12
  25350000    1.0155468252E-02    5.4988777545E+06    5.5843678460E+04    1.0000000000E-12
  25360000    1.0133320696E-02    5.4988752169E+06    5.5721866039E+04    1.0000000000E-12
  25370000    1.0111220774E-02    5.4988726848E+06    5.5600315725E+04    1.0000000000E-12
  25380000    1.0089168389E-02    5.4988701581E+06    5.5479026972E+04    1.0000000000E-12
  25390000    1.0067163439E-02    5.4988676368E+06    5.5357999230E+04    1.0000000000E-12
  25400000    1.0045205827E-02    5.4988651210E+06    5.5237231954E+04    1.0000000000E-12
  25410000    1.0023295452E-02    5.4988626106E+06    5.5116724599E+04    1.0000000000E-12
  25420000    1.0001432218E-02    5.4988601056E+06    5.4996476621E+04    1.0000000000E-12
  25430000    9.9796160234E-03    5.4988576060E+06    5.4876487476E+04    1.0000000000E-12
  25440000    9.9578467716E-03    5.4988551118E+06    5.4756756623E+04    1.0000000000E-12
  25450000    9.9361243639E-03    5.4988526230E+06    5.4637283521E+04    1.0000000000E-12
  25460000    9.9144487023E-03    5.4988501395E+06    5.4518067630E+04    1.0000000000E-12
  25470000    9.8928196890E-03    5.4988476614E+06    5.4399108412E+04    1.0000000000E-12
  25480000    9.8712372264E-03    5.4988451887E+06    5.4280405328E+04    1.0000000000E-12
  25490000    9.8497012169E-03    5.4988427212E+06    5.4161957843E+04    1.0000000000E-12
  25500000    9.8282115635E-03    5.4988402591E+06    5.4043765420E+04    1.0000000000E-12
  25510000    9.8067681689E-03    5.4988378023E+06    5.3925827526E+04    1.0000000000E-12
  25520000    9.7853709365E-03    5.4988353508E+06    5.3808143626E+04    1.0000000000E-12
  25530000    9.7640197694E-03    5.4988329045E+06    5.3690713188E+04    1.0000000000E-12
  25540000    9.7427145712E-03    5.4988304636E+06    5.3573535682E+04    1.0000000000E-12
  25550000    9.7214552456E-03    5.4988280279E+06    5.3456610577E+04    1.0000000000E-12
  25560000    9.7002416966E-03    5.4988255975E+06    5.3339937343E+04    1.0000000000E-12
  25570000    9.6790738281E-03    5.4988231723E+06    5.3223515452E+04    1.0000000000E-12
  25580000    9.6579515446E-03    5.4988207523E+06    5.3107344378E+04    1.0000000000E-12
  25590000    9.6368747504E-03    5.4988183376E+06    5.2991423594E+04    1.0000000000E-12
  25600000    9.6158433502E-03    5.4988159280E+06    5.2875752575E+04    1.0000000000E-12
  25610000    9.5948572488E-03    5.4988135237E+06    5.2760330798E+04    1.0000000000E-12
  25620000    9.5739163514E-03    5.4988111246E+06    5.2645157739E+04    1.0000000000E-12
  25630000    9.5530205631E-03    5.4988087306E+06    5.2530232876E+04    1.0000000000E-12
  25640000    9.5321697893E-03    5.4988063418E+06    5.2415555688E+04    1.0000000000E-12
  25650000    9.5113639356E-03    5.4988039581E+06    5.2301125656E+04    1.0000000000E-12
  25660000    9.4906029078E-03    5.4988015796E+06    5.2186942261E+04    1.0000000000E-12
  25670000    9.4698866119E-03    5.4987992063E+06    5.2073004985E+04    1.0000000000E-12
  25680000    9.4492149540E-03    5.4987968380E+06    5.1959313311E+04    1.0000000000E-12
  25690000    9.4285878405E-03    5.4987944749E+06    5.1845866723E+04    1.0000000000E-12
  25700000    9.4080051779E-03    5.4987921169E+06    5.1732664708E+04    1.0000000000E-12
  25710000    9.3874668729E-03    5.4987897639E+06    5.1619706750E+04    1.0000000000E-12
  25720000    9.3669728324E-03    5.4987874160E+06    5.1506992337E+04    1.0000000000E-12
  25730000    9.3465229635E-03    5.4987850733E+06    5.1394520959E+04    1.0000000000E-12
  25740000    9.3261171735E-03    5.4987827355E+06    5.1282292103E+04    1.0000000000E-12
  25750000    9.3057553698E-03    5.4987804028E+06    5.1170305261E+04    1.0000000000E-12
  25760000    9.2854374600E-03    5.4987780752E+06    5.1058559923E+04    1.0000000000E-12
  25770000    9.2651633520E-03    5.4987757526E+06    5.0947055583E+04    1.0000000000E-12
  25780000    9.2449329537E-03    5.4987734350E+06    5.0835791734E+04    1.0000000000E-12
  25790000    9.2247461734E-03    5.4987711224E+06    5.0724767869E+04    1.0000000000E-12
  25800000    9.2046029194E-03    5.4987688148E+06    5.0613983485E+04    1.0000000000E-12
  25810000    9.1845031002E-03    5.4987665121E+06    5.0503438078E+04    1.0000000000E-12
  25820000    9.1644466247E-03    5.4987642145E+06    5.0393131145E+04    1.0000000000E-12
  25830000    9.1444334016E-03    5.4987619218E+06    5.0283062185E+04    1.0000000000E-12
  25840000    9.1244633401E-03    5.4987596341E+06    5.0173230698E+04    1.0000000000E-12
  25850000    9.1045363495E-03    5.4987573513E+06    5.0063636182E+04    1.0000000000E-12
  25860000    9.0846523392E-03    5.4987550735E+06    4.9954278141E+04    1.0000000000E-12
  25870000    9.0648112189E-03    5.4987528005E+06    4.9845156076E+04    1.0000000000E-12
  25880000    9.0450128984E-03    5.4987505325E+06    4.9736269492E+04    1.0000000000E-12
  25890000    9.0252572875E-03    5.4987482694E+06    4.9627617891E+04    1.0000000000E-12
  25900000    9.0055442967E-03    5.4987460112E+06    4.9519200780E+04    1.0000000000E-12
  25910000    8.9858738361E-03    5.4987437579E+06    4.9411017665E+04    1.0000000000E-12
  25920000    8.9662458163E-03    5.4987415094E+06    4.9303068054E+04    1.0000000000E-12
  25930000    8.9466601480E-03    5.4987392658E+06    4.9195351454E+04    1.0000000000E-12
  25940000    8.9271167422E-03    5.4987370270E+06    4.9087867375E+04    1.0000000000E-12
  25950000    8.9076155098E-03    5.4987347931E+06    4.8980615327E+04    1.0000000000E-12
  25960000    8.8881563621E-03    5.4987325640E+06    4.8873594823E+04    1.0000000000E-12
  25970000    8.8687392106E-03    5.4987303398E+06    4.8766805373E+04    1.0000000000E-12
  25980000    8.8493639668E-03    5.4987281203E+06    4.8660246491E+04    1.0000000000E-12
  25990000    8.8300305424E-03    5.4987259057E+06    4.8553917692E+04    1.0000000000E-12
  26000000    8.8107388496E-03    5.4987236958E+06    4.8447818490E+04    1.0000000000E-12
  26010000    8.7914888003E-03    5.4987214907E+06    4.8341948401E+04    1.0000000000E-12
  26020000    8.7722803068E-03    5.4987192904E+06    4.8236306944E+04    1.0000000000E-12
  26030000    8.7531132817E-03    5.4987170949E+06    4.8130893635E+04    1.0000000000E-12
  26040000    8.7339876376E-03    5.4987149040E+06    4.8025707995E+04    1.0000000000E-12
  26050000    8.7149032873E-03    5.4987127180E+06    4.7920749542E+04    1.0000000000E-12
  26060000    8.6958601438E-03    5.4987105366E+06    4.7816017798E+04    1.0000000000E-12
  26070000    8.6768581203E-03    5.4987083600E+06    4.7711512285E+04    1.0000000000E-12
  26080000    8.6578971302E-03    5.4987061881E+06    4.7607232526E+04    1.0000000000E-12
  26090000    8.6389770868E-03    5.4987040209E+06    4.7503178044E+04    1.0000000000E-12
  26100000    8.6200979040E-03    5.4987018584E+06    4.7399348365E+04    1.0000000000E-12
  26110000    8.6012594957E-03    5.4986997006E+06    4.7295743013E+04    1.0000000000E-12
  26120000    8.5824617757E-03    5.4986975474E+06    4.7192361517E+04    1.0000000000E-12
  26130000    8.5637046584E-03    5.4986953989E+06    4.7089203403E+04    1.0000000000E-12
  26140000    8.5449880582E-03    5.4986932550E+06    4.6986268200E+04    1.0000000000E-12
  26150000    8.5263118895E-03    5.4986911158E+06    4.6883555438E+04    1.0000000000E-12
  26160000    8.5076760671E-03    5.4986889812E+06    4.6781064646E+04    1.0000000000E-12
  26170000    8.4890805060E-03    5.4986868513E+06    4.6678795358E+04    1.0000000000E-12
  26180000    8.4705251211E-03    5.4986847259E+06    4.6576747104E+04    1.0000000000E-12
  26190000    8.4520098277E-03    5.4986826052E+06    4.6474919418E+04    1.0000000000E-12
  26200000    8.4335345412E-03    5.4986804890E+06    4.6373311835E+04    1.0000000000E-12
  26210000    8.4150991772E-03    5.4986783775E+06    4.6271923890E+04    1.0000000000E-12
  26220000    8.3967036514E-03    5.4986762705E+06    4.6170755118E+04    1.0000000000E-12
  26230000    8.3783478798E-03    5.4986741680E+06    4.6069805057E+04    1.0000000000E-12
  26240000    8.3600317784E-03    5.4986720701E+06    4.5969073245E+04    1.0000000000E-12
  26250000    8.3417552634E-03    5.4986699768E+06    4.5868559221E+04    1.0000000000E-12
  26260000    8.3235182514E-03    5.4986678880E+06    4.5768262524E+04    1.0000000000E-12
  26270000    8.3053206588E-03    5.4986658037E+06    4.5668182696E+04    1.0000000000E-12
  26280000    8.2871624025E-03    5.4986637239E+06    4.5568319277E+04    1.0000000000E-12
  26290000    8.2690433993E-03    5.4986616487E+06    4.5468671811E+04    1.0000000000E-12
  26300000    8.2509635664E-03    5.4986595779E+06    4.5369239842E+04    1.0000000000E-12
  26310000    8.2329228210E-03    5.4986575116E+06    4.5270022912E+04    1.0000000000E-12
  26320000    8.2149210805E-03    5.4986554498E+06    4.5171020569E+04    1.0000000000E-12
  26330000    8.1969582625E-03    5.4986533925E+06    4.5072232359E+04    1.0000000000E-12
  26340000    8.1790342848E-03    5.4986513396E+06    4.4973657827E+04    1.0000000000E-12
  26350000    8.1611490653E-03    5.4986492912E+06    4.4875296523E+04    1.0000000000E-12
  26360000    8.1433025221E-03    5.4986472472E+06    4.4777147996E+04    1.0000000000E-12
  26370000    8.1254945733E-03    5.4986452077E+06    4.4679211795E+04    1.0000000000E-12
  26380000    8.1077251375E-03    5.4986431725E+06    4.4581487472E+04    1.0000000000E-12
  26390000    8.0899941333E-03    5.4986411418E+06    4.4483974578E+04    1.0000000000E-12
  26400000    8.0723014792E-03    5.4986391155E+06    4.4386672666E+04    1.0000000000E-12
  26410000    8.0546470944E-03    5.4986370935E+06    4.4289581288E+04    1.0000000000E-12
  26420000    8.0370308977E-03    5.4986350760E+06    4.4192700001E+04    1.0000000000E-12
  26430000    8.0194528086E-03    5.4986330628E+06    4.4096028359E+04    1.0000000000E-12
  26440000    8.0019127463E-03    5.4986310540E+06    4.3999565918E+04    1.0000000000E-12
  26450000    7.9844106304E-03    5.4986290496E+06    4.3903312236E+04    1.0000000000E-12
  26460000    7.9669463806E-03    5.4986270495E+06    4.3807266870E+04    1.0000000000E-12
  26470000    7.9495199169E-03    5.4986250537E+06    4.3711429380E+04    1.0000000000E-12
  26480000    7.9321311592E-03    5.4986230622E+06    4.3615799325E+04    1.0000000000E-12
  26490000    7.9147800278E-03    5.4986210751E+06    4.3520376266E+04    1.0000000000E-12
  26500000    7.8974664431E-03    5.4986190923E+06    4.3425159765E+04    1.0000000000E-12
  26510000    7.8801903255E-03    5.4986171138E+06    4.3330149384E+04    1.0000000000E-12
  26520000    7.8629515957E-03    5.4986151396E+06    4.3235344686E+04    1.0000000000E-12
  26530000    7.8457501747E-03    5.4986131696E+06    4.3140745236E+04    1.0000000000E-12
  26540000    7.8285859833E-03    5.4986112040E+06    4.3046350599E+04    1.0000000000E-12
  26550000    7.8114589429E-03    5.4986092426E+06    4.2952160341E+04    1.0000000000E-12
  26560000    7.7943689746E-03    5.4986072854E+06    4.2858174029E+04    1.0000000000E-12
  26570000    7.7773160001E-03    5.4986053325E+06    4.2764391231E+04    1.0000000000E-12
  26580000    7.7602999408E-03    5.4986033839E+06    4.2670811514E+04    1.0000000000E-12
  26590000    7.7433207187E-03    5.4986014394E+06    4.2577434450E+04    1.0000000000E-12
  26600000    7.7263782557E-03    5.4985994992E+06    4.2484259608E+04    1.0000000000E-12
  26610000    7.7094724739E-03    5.4985975632E+06    4.2391286559E+04    1.0000000000E-12
  26620000    7.6926032956E-03    5.4985956314E+06    4.2298514875E+04    1.0000000000E-12
  26630000    7.6757706433E-03    5.4985937038E+06    4.2205944131E+04    1.0000000000E-12
  26640000    7.6589744394E-03    5.4985917804E+06    4.2113573899E+04    1.0000000000E-12
  26650000    7.6422146069E-03    5.4985898611E+06    4.2021403754E+04    1.0000000000E-12
  26660000    7.6254910685E-03    5.4985879460E+06    4.1929433271E+04    1.0000000000E-12
  26670000    7.6088037473E-03    5.4985860351E+06    4.1837662029E+04    1.0000000000E-12
  26680000    7.5921525666E-03    5.4985841283E+06    4.1746089602E+04    1.0000000000E-12
  26690000    7.5755374497E-03    5.4985822257E+06    4.1654715571E+04    1.0000000000E-12
  26700000    7.5589583202E-03    5.4985803272E+06    4.1563539513E+04    1.0000000000E-12
  26710000    7.5424151017E-03    5.4985784328E+06    4.1472561009E+04    1.0000000000E-12
  26720000    7.5259077182E-03    5.4985765425E+06    4.1381779640E+04    1.0000000000E-12
  26730000    7.5094360936E-03    5.4985746563E+06    4.1291194987E+04    1.0000000000E-12
  26740000    7.4930001520E-03    5.4985727742E+06    4.1200806633E+04    1.0000000000E-12
  26750000    7.4765998178E-03    5.4985708962E+06    4.1110614161E+04    1.0000000000E-12
  26760000    7.4602350154E-03    5.4985690223E+06    4.1020617155E+04    1.0000000000E-12
  26770000    7.4439056694E-03    5.4985671525E+06    4.0930815200E+04    1.0000000000E-12
  26780000    7.4276117047E-03    5.4985652867E+06    4.0841207883E+04    1.0000000000E-12
  26790000    7.4113530461E-03    5.4985634250E+06    4.0751794789E+04    1.0000000000E-12
  26800000    7.3951296187E-03    5.4985615673E+06    4.0662575506E+04    1.0000000000E-12
  26810000    7.3789413477E-03    5.4985597136E+06    4.0573549624E+04    1.0000000000E-12
  26820000    7.3627881585E-03    5.4985578640E+06    4.0484716730E+04    1.0000000000E-12
  26830000    7.3466699767E-03    5.4985560184E+06    4.0396076415E+04    1.0000000000E-12
  26840000    7.3305867278E-03    5.4985541768E+06    4.0307628271E+04    1.0000000000E-12
  26850000    7.3145383378E-03    5.4985523392E+06    4.0219371887E+04    1.0000000000E-12
  26860000    7.2985247326E-03    5.4985505056E+06    4.0131306858E+04    1.0000000000E-12
  26870000    7.2825458383E-03    5.4985486759E+06    4.0043432777E+04    1.0000000000E-12
  26880000    7.2666015813E-03    5.4985468503E+06    3.9955749237E+04    1.0000000000E-12
  26890000    7.2506918879E-03    5.4985450286E+06    3.9868255834E+04    1.0000000000E-12
  26900000    7.2348166848E-03    5.4985432109E+06    3.9780952164E+04    1.0000000000E-12
  26910000    7.2189758987E-03    5.4985413971E+06    3.9693837824E+04    1.0000000000E-12
  26920000    7.2031694564E-03    5.4985395873E+06    3.9606912410E+04    1.0000000000E-12
  26930000    7.1873972849E-03    5.4985377814E+06    3.9520175521E+04    1.0000000000E-12
  26940000    7.1716593116E-03    5.4985359794E+06    3.9433626756E+04    1.0000000000E-12
  26950000    7.1559554636E-03    5.4985341813E+06    3.9347265716E+04    1.0000000000E-12
  26960000    7.1402856684E-03    5.4985323872E+06    3.9261092001E+04    1.0000000000E-12
  26970000    7.1246498537E-03    5.4985305969E+06    3.9175105213E+04    1.0000000000E-12
  26980000    7.1090479473E-03    5.4985288105E+06    3.9089304954E+04    1.0000000000E-12
  26990000    7.0934798770E-03    5.4985270281E+06    3.9003690827E+04    1.0000000000E-12
  27000000    7.0779455710E-03    5.4985252494E+06    3.8918262436E+04    1.0000000000E-12
  27010000    7.0624449573E-03    5.4985234747E+06    3.8833019387E+04    1.0000000000E-12
  27020000    7.0469779645E-03    5.4985217038E+06    3.8747961284E+04    1.0000000000E-12
  27030000    7.0315445209E-03    5.4985199368E+06    3.8663087734E+04    1.0000000000E-12
  27040000    7.0161445553E-03    5.4985181736E+06    3.8578398346E+04    1.0000000000E-12
  27050000    7.0007779963E-03    5.4985164142E+06    3.8493892725E+04    1.0000000000E-12
  27060000    6.9854447731E-03    5.4985146587E+06    3.8409570482E+04    1.0000000000E-12
  27070000    6.9701448145E-03    5.4985129069E+06    3.8325431226E+04    1.0000000000E-12
  27080000    6.9548780500E-03    5.4985111590E+06    3.8241474568E+04    1.0000000000E-12
  27090000    6.9396444088E-03    5.4985094149E+06    3.8157700118E+04    1.0000000000E-12
  27100000    6.9244438204E-03    5.4985076746E+06    3.8074107489E+04    1.0000000000E-12
  27110000    6.9092762146E-03    5.4985059381E+06    3.7990696293E+04    1.0000000000E-12
  27120000    6.8941415210E-03    5.4985042053E+06    3.7907466145E+04    1.0000000000E-12
  27130000    6.8790396698E-03    5.4985024763E+06    3.7824416659E+04    1.0000000000E-12
  27140000    6.8639705909E-03    5.4985007511E+06    3.7741547449E+04    1.0000000000E-12
  27150000    6.8489342146E-03    5.4984990296E+06    3.7658858132E+04    1.0000000000E-12
  27160000    6.8339304712E-03    5.4984973118E+06    3.7576348325E+04    1.0000000000E-12
  27170000    6.8189592913E-03    5.4984955978E+06    3.7494017645E+04    1.0000000000E-12
  27180000    6.8040206056E-03    5.4984938876E+06    3.7411865711E+04    1.0000000000E-12
  27190000    6.7891143449E-03    5.4984921810E+06    3.7329892141E+04    1.0000000000E-12
  27200000    6.7742404400E-03    5.4984904782E+06    3.7248096556E+04    1.0000000000E-12
  27210000    6.7593988220E-03    5.4984887790E+06    3.7166478576E+04    1.0000000000E-12
  27220000    6.7445894223E-03    5.4984870836E+06    3.7085037823E+04    1.0000000000E-12
  27230000    6.7298121722E-03    5.4984853918E+06    3.7003773918E+04    1.0000000000E-12
  27240000    6.7150670031E-03    5.4984837037E+06    3.6922686486E+04    1.0000000000E-12
  27250000    6.7003538467E-03    5.4984820193E+06    3.6841775149E+04    1.0000000000E-12
  27260000    6.6856726349E-03    5.4984803386E+06    3.6761039533E+04    1.0000000000E-12
  27270000    6.6710232995E-03    5.4984786615E+06    3.6680479263E+04    1.0000000000E-12
  27280000    6.6564057725E-03    5.4984769881E+06    3.6600093964E+04    1.0000000000E-12
  27290000    6.6418199863E-03    5.4984753183E+06    3.6519883263E+04    1.0000000000E-12
  27300000    6.6272658731E-03    5.4984736521E+06    3.6439846789E+04    1.0000000000E-12
  27310000    6.6127433655E-03    5.4984719896E+06    3.6359984170E+04    1.0000000000E-12
  27320000    6.5982523960E-03    5.4984703307E+06    3.6280295034E+04    1.0000000000E-12
  27330000    6.5837928974E-03    5.4984686754E+06    3.6200779012E+04    1.0000000000E-12
  27340000    6.5693648026E-03    5.4984670237E+06    3.6121435734E+04    1.0000000000E-12
  27350000    6.5549680447E-03    5.4984653756E+06    3.6042264832E+04    1.0000000000E-12
  27360000    6.5406025568E-03    5.4984637310E+06    3.5963265938E+04    1.0000000000E-12
  27370000    6.5262682722E-03    5.4984620901E+06    3.5884438685E+04    1.0000000000E-12
  27380000    6.5119651244E-03    5.4984604527E+06    3.5805782706E+04    1.0000000000E-12
  27390000    6.4976930469E-03    5.4984588189E+06    3.5727297636E+04    1.0000000000E-12
  27400000    6.4834519736E-03    5.4984571886E+06    3.5648983111E+04    1.0000000000E-12
  27410000    6.4692418381E-03    5.4984555619E+06    3.5570838766E+04    1.0000000000E-12
  27420000    6.4550625746E-03    5.4984539388E+06    3.5492864238E+04    1.0000000000E-12
  27430000    6.4409141171E-03    5.4984523191E+06    3.5415059164E+04    1.0000000000E-12
  27440000    6.4267963999E-03    5.4984507030E+06    3.5337423183E+04    1.0000000000E-12
  27450000    6.4127093574E-03    5.4984490905E+06    3.5259955934E+04    1.0000000000E-12
  27460000    6.3986529242E-03    5.4984474814E+06    3.5182657055E+04    1.0000000000E-12
  27470000    6.3846270348E-03    5.4984458758E+06    3.5105526188E+04    1.0000000000E-12
  27480000    6.3706316242E-03    5.4984442737E+06    3.5028562974E+04    1.0000000000E-12
  27490000    6.3566666272E-03    5.4984426751E+06    3.4951767055E+04    1.0000000000E-12
  27500000    6.3427319789E-03    5.4984410800E+06    3.4875138073E+04    1.0000000000E-12
  27510000    6.3288276145E-03    5.4984394884E+06    3.4798675671E+04    1.0000000000E-12
  27520000    6.3149534694E-03    5.4984379002E+06    3.4722379494E+04    1.0000000000E-12
  27530000    6.3011094790E-03    5.4984363155E+06    3.4646249187E+04    1.0000000000E-12
  27540000    6.2872955789E-03    5.4984347342E+06    3.4570284395E+04    1.0000000000E-12
  27550000    6.2735117048E-03    5.4984331564E+06    3.4494484765E+04    1.0000000000E-12
  27560000    6.2597577927E-03    5.4984315820E+06    3.4418849943E+04    1.0000000000E-12
  27570000    6.2460337784E-03    5.4984300111E+06    3.4343379578E+04    1.0000000000E-12
  27580000    6.2323395983E-03    5.4984284436E+06    3.4268073317E+04    1.0000000000E-12
  27590000    6.2186751884E-03    5.4984268794E+06    3.4192930810E+04    1.0000000000E-12
  27600000    6.2050404852E-03    5.4984253187E+06    3.4117951707E+04    1.0000000000E-12
  27610000    6.1914354252E-03    5.4984237614E+06    3.4043135659E+04    1.0000000000E-12
  27620000    6.1778599451E-03    5.4984222075E+06    3.3968482317E+04    1.0000000000E-12
  27630000    6.1643139816E-03    5.4984206570E+06    3.3893991333E+04    1.0000000000E-12
  27640000    6.1507974718E-03    5.4984191098E+06    3.3819662359E+04    1.0000000000E-12
  27650000    6.1373103525E-03    5.4984175660E+06    3.3745495050E+04    1.0000000000E-12
  27660000    6.1238525611E-03    5.4984160256E+06    3.3671489060E+04    1.0000000000E-12
  27670000    6.1104240347E-03    5.4984144885E+06    3.3597644043E+04    1.0000000000E-12
  27680000    6.0970247108E-03    5.4984129548E+06    3.3523959656E+04    1.0000000000E-12
  27690000    6.0836545271E-03    5.4984114244E+06    3.3450435554E+04    1.0000000000E-12
  27700000    6.0703134212E-03    5.4984098974E+06    3.3377071395E+04    1.0000000000E-12
  27710000    6.0570013308E-03    5.4984083737E+06    3.3303866837E+04    1.0000000000E-12
  27720000    6.0437181940E-03    5.4984068533E+06    3.3230821537E+04    1.0000000000E-12
  27730000    6.0304639488E-03    5.4984053362E+06    3.3157935156E+04    1.0000000000E-12
  27740000    6.0172385335E-03    5.4984038224E+06    3.3085207353E+04    1.0000000000E-12
  27750000    6.0040418864E-03    5.4984023119E+06    3.3012637789E+04    1.0000000000E-12
  27760000    5.9908739458E-03    5.4984008048E+06    3.2940226125E+04    1.0000000000E-12
  27770000    5.9777346505E-03    5.4983993009E+06    3.2867972023E+04    1.0000000000E-12
  27780000    5.9646239391E-03    5.4983978002E+06    3.2795875146E+04    1.0000000000E-12
  27790000    5.9515417505E-03    5.4983963029E+06    3.2723935157E+04    1.0000000000E-12
  27800000    5.9384880236E-03    5.4983948088E+06    3.2652151721E+04    1.0000000000E-12
  27810000    5.9254626975E-03    5.4983933180E+06    3.2580524502E+04    1.0000000000E-12
  27820000    5.9124657115E-03    5.4983918304E+06    3.2509053165E+04    1.0000000000E-12
  27830000    5.8994970049E-03    5.4983903460E+06    3.2437737378E+04    1.0000000000E-12
  27840000    5.8865565171E-03    5.4983888649E+06    3.2366576806E+04    1.0000000000E-12
  27850000    5.8736441878E-03    5.4983873870E+06    3.2295571118E+04    1.0000000000E-12
  27860000    5.8607599566E-03    5.4983859124E+06    3.2224719981E+04    1.0000000000E-12
  27870000    5.8479037635E-03    5.4983844409E+06    3.2154023065E+04    1.0000000000E-12
  27880000    5.8350755483E-03    5.4983829727E+06    3.2083480039E+04    1.0000000000E-12
  27890000    5.8222752512E-03    5.4983815077E+06    3.2013090574E+04    1.0000000000E-12
  27900000    5.8095028125E-03    5.4983800458E+06    3.1942854340E+04    1.0000000000E-12
  27910000    5.7967581723E-03    5.4983785872E+06    3.1872771010E+04    1.0000000000E-12
  27920000    5.7840412713E-03    5.4983771317E+06    3.1802840255E+04    1.0000000000E-12
  27930000    5.7713520499E-03    5.4983756794E+06    3.1733061748E+04    1.0000000000E-12
  27940000    5.7586904489E-03    5.4983742303E+06    3.1663435165E+04    1.0000000000E-12
  27950000    5.7460564092E-03    5.4983727843E+06    3.1593960177E+04    1.0000000000E-12
  27960000    5.7334498717E-03    5.4983713415E+06    3.1524636462E+04    1.0000000000E-12
  27970000    5.7208707774E-03    5.4983699018E+06    3.1455463694E+04    1.0000000000E-12
  27980000    5.7083190676E-03    5.4983684653E+06    3.1386441551E+04    1.0000000000E-12
  27990000    5.6957946836E-03    5.4983670319E+06    3.1317569708E+04    1.0000000000E-12
  28000000    5.6832975667E-03    5.4983656016E+06    3.1248847845E+04    1.0000000000E-12
  28010000    5.6708276587E-03    5.4983641744E+06    3.1180275638E+04    1.0000000000E-12
  28020000    5.6583849012E-03    5.4983627504E+06    3.1111852768E+04    1.0000000000E-12
  28030000    5.6459692360E-03    5.4983613294E+06    3.1043578914E+04    1.0000000000E-12
  28040000    5.6335806050E-03    5.4983599116E+06    3.0975453757E+04    1.0000000000E-12
  28050000    5.6212189502E-03    5.4983584969E+06    3.0907476978E+04    1.0000000000E-12
  28060000    5.6088842139E-03    5.4983570852E+06    3.0839648258E+04    1.0000000000E-12
  28070000    5.5965763383E-03    5.4983556766E+06    3.0771967279E+04    1.0000000000E-12
  28080000    5.5842952658E-03    5.4983542711E+06    3.0704433726E+04    1.0000000000E-12
  28090000    5.5720409390E-03    5.4983528687E+06    3.0637047281E+04    1.0000000000E-12
  28100000    5.5598133005E-03    5.4983514693E+06    3.0569807630E+04    1.0000000000E-12
  28110000    5.5476122931E-03    5.4983500730E+06    3.0502714456E+04    1.0000000000E-12
  28120000    5.5354378596E-03    5.4983486797E+06    3.0435767447E+04    1.0000000000E-12
  28130000    5.5232899431E-03    5.4983472894E+06    3.0368966287E+04    1.0000000000E-12
  28140000    5.5111684867E-03    5.4983459022E+06    3.0302310665E+04    1.0000000000E-12
  28150000    5.4990734336E-03    5.4983445180E+06    3.0235800268E+04    1.0000000000E-12
  28160000    5.4870047272E-03    5.4983431369E+06    3.0169434783E+04    1.0000000000E-12
  28170000    5.4749623109E-03    5.4983417587E+06    3.0103213901E+04    1.0000000000E-12
  28180000    5.4629461284E-03    5.4983403836E+06    3.0037137311E+04    1.0000000000E-12
  28190000    5.4509561234E-03    5.4983390114E+06    2.9971204703E+04    1.0000000000E-12
  28200000    5.4389922397E-03    5.4983376423E+06    2.9905415768E+04    1.0000000000E-12
  28210000    5.4270544213E-03    5.4983362761E+06    2.9839770197E+04    1.0000000000E-12
  28220000    5.4151426122E-03    5.4983349129E+06    2.9774267683E+04    1.0000000000E-12
  28230000    5.4032567566E-03    5.4983335527E+06    2.9708907919E+04    1.0000000000E-12
  28240000    5.3913967988E-03    5.4983321955E+06    2.9643690597E+04    1.0000000000E-12
  28250000    5.3795626832E-03    5.4983308412E+06    2.9578615413E+04    1.0000000000E-12
  28260000    5.3677543543E-03    5.4983294899E+06    2.9513682061E+04    1.0000000000E-12
  28270000    5.3559717568E-03    5.4983281415E+06    2.9448890235E+04    1.0000000000E-12
  28280000    5.3442148354E-03    5.4983267961E+06    2.9384239634E+04    1.0000000000E-12
  28290000    5.3324835351E-03    5.4983254536E+06    2.9319729952E+04    1.0000000000E-12
  28300000    5.3207778007E-03    5.4983241140E+06    2.9255360887E+04    1.0000000000E-12
  28310000    5.3090975774E-03    5.4983227774E+06    2.9191132137E+04    1.0000000000E-12
  28320000    5.2974428105E-03    5.4983214436E+06    2.9127043401E+04    1.0000000000E-12
  28330000    5.2858134452E-03    5.4983201128E+06    2.9063094378E+04    1.0000000000E-12
  28340000    5.2742094269E-03    5.4983187849E+06    2.8999284768E+04    1.0000000000E-12
  28350000    5.2626307014E-03    5.4983174599E+06    2.8935614270E+04    1.0000000000E-12
  28360000    5.2510772141E-03    5.4983161378E+06    2.8872082587E+04    1.0000000000E-12
  28370000    5.2395489109E-03    5.4983148186E+06    2.8808689420E+04    1.0000000000E-12
  28380000    5.2280457378E-03    5.4983135022E+06    2.8745434470E+04    1.0000000000E-12
  28390000    5.2165676406E-03    5.4983121887E+06    2.8682317442E+04    1.0000000000E-12
  28400000    5.2051145656E-03    5.4983108781E+06    2.8619338038E+04    1.0000000000E-12
  28410000    5.1936864589E-03    5.4983095703E+06    2.8556495963E+04    1.0000000000E-12
  28420000    5.1822832670E-03    5.4983082654E+06    2.8493790921E+04    1.0000000000E-12
  28430000    5.1709049362E-03    5.4983069634E+06    2.8431222618E+04    1.0000000000E-12
  28440000    5.1595514132E-03    5.4983056642E+06    2.8368790760E+04    1.0000000000E-12
  28450000    5.1482226446E-03    5.4983043678E+06    2.8306495053E+04    1.0000000000E-12
  28460000    5.1369185772E-03    5.4983030743E+06    2.8244335205E+04    1.0000000000E-12
  28470000    5.1256391579E-03    5.4983017836E+06    2.8182310924E+04    1.0000000000E-12
  28480000    5.1143843338E-03    5.4983004957E+06    2.8120421917E+04    1.0000000000E-12
  28490000    5.1031540519E-03    5.4982992106E+06    2.8058667895E+04    1.0000000000E-12
  28500000    5.0919482595E-03    5.4982979283E+06    2.7997048566E+04    1.0000000000E-12
  28510000    5.0807669040E-03    5.4982966488E+06    2.7935563641E+04    1.0000000000E-12
  28520000    5.0696099327E-03    5.4982953721E+06    2.7874212832E+04    1.0000000000E-12
  28530000    5.0584772934E-03    5.4982940982E+06    2.7812995848E+04    1.0000000000E-12
  28540000    5.0473689335E-03    5.4982928271E+06    2.7751912403E+04    1.0000000000E-12
  28550000    5.0362848010E-03    5.4982915587E+06    2.7690962209E+04    1.0000000000E-12
  28560000    5.0252248437E-03    5.4982902931E+06    2.7630144979E+04    1.0000000000E-12
  28570000    5.0141890096E-03    5.4982890303E+06    2.7569460428E+04    1.0000000000E-12
  28580000    5.0031772469E-03    5.4982877703E+06    2.7508908269E+04    1.0000000000E-12
  28590000    4.9921895037E-03    5.4982865130E+06    2.7448488218E+04    1.0000000000E-12
  28600000    4.9812257283E-03    5.4982852584E+06    2.7388199991E+04    1.0000000000E-12
  28610000    4.9702858693E-03    5.4982840066E+06    2.7328043303E+04    1.0000000000E-12
  28620000    4.9593698751E-03    5.4982827575E+06    2.7268017873E+04    1.0000000000E-12
  28630000    4.9484776945E-03    5.4982815111E+06    2.7208123416E+04    1.0000000000E-12
  28640000    4.9376092761E-03    5.4982802675E+06    2.7148359651E+04    1.0000000000E-12
  28650000    4.9267645688E-03    5.4982790266E+06    2.7088726297E+04    1.0000000000E-12
  28660000    4.9159435216E-03    5.4982777884E+06    2.7029223074E+04    1.0000000000E-12
  28670000    4.9051460836E-03    5.4982765528E+06    2.6969849700E+04    1.0000000000E-12
  28680000    4.8943722039E-03    5.4982753200E+06    2.6910605896E+04    1.0000000000E-12
  28690000    4.8836218320E-03    5.4982740899E+06    2.6851491384E+04    1.0000000000E-12
  28700000    4.8728949170E-03    5.4982728625E+06    2.6792505884E+04    1.0000000000E-12
  28710000    4.8621914086E-03    5.4982716377E+06    2.6733649119E+04    1.0000000000E-12
  28720000    4.8515112564E-03    5.4982704157E+06    2.6674920812E+04    1.0000000000E-12
  28730000    4.8408544101E-03    5.4982691962E+06    2.6616320686E+04    1.0000000000E-12
  28740000    4.8302208194E-03    5.4982679795E+06    2.6557848465E+04    1.0000000000E-12
  28750000    4.8196104344E-03    5.4982667654E+06    2.6499503873E+04    1.0000000000E-12
  28760000    4.8090232050E-03    5.4982655540E+06    2.6441286636E+04    1.0000000000E-12
  28770000    4.7984590814E-03    5.4982643452E+06    2.6383196479E+04    1.0000000000E-12
  28780000    4.7879180137E-03    5.4982631390E+06    2.6325233128E+04    1.0000000000E-12
  28790000    4.7773999525E-03    5.4982619355E+06    2.6267396310E+04    1.0000000000E-12
  28800000    4.7669048480E-03    5.4982607346E+06    2.6209685752E+04    1.0000000000E-12
  28810000    4.7564326509E-03    5.4982595364E+06    2.6152101182E+04    1.0000000000E-12
  28820000    4.7459833118E-03    5.4982583407E+06    2.6094642329E+04    1.0000000000E-12
  28830000    4.7355567814E-03    5.4982571477E+06    2.6037308922E+04    1.0000000000E-12
  28840000    4.7251530107E-03    5.4982559573E+06    2.5980100690E+04    1.0000000000E-12
  28850000    4.7147719505E-03    5.4982547694E+06    2.5923017364E+04    1.0000000000E-12
  28860000    4.7044135520E-03    5.4982535842E+06    2.5866058674E+04    1.0000000000E-12
  28870000    4.6940777663E-03    5.4982524016E+06    2.5809224352E+04    1.0000000000E-12
  28880000    4.6837645446E-03    5.4982512215E+06    2.5752514129E+04    1.0000000000E-12
  28890000    4.6734738384E-03    5.4982500440E+06    2.5695927738E+04    1.0000000000E-12
  28900000    4.6632055992E-03    5.4982488691E+06    2.5639464912E+04    1.0000000000E-12
  28910000    4.6529597784E-03    5.4982476968E+06    2.5583125385E+04    1.0000000000E-12
  28920000    4.6427363278E-03    5.4982465270E+06    2.5526908890E+04    1.0000000000E-12
  28930000    4.6325351992E-03    5.4982453598E+06    2.5470815163E+04    1.0000000000E-12
  28940000    4.6223563444E-03    5.4982441951E+06    2.5414843938E+04    1.0000000000E-12
  28950000    4.6121997154E-03    5.4982430330E+06    2.5358994952E+04    1.0000000000E-12
  28960000    4.6020652643E-03    5.4982418734E+06    2.5303267940E+04    1.0000000000E-12
  28970000    4.5919529433E-03    5.4982407164E+06    2.5247662641E+04    1.0000000000E-12
  28980000    4.5818627047E-03    5.4982395618E+06    2.5192178790E+04    1.0000000000E-12
  28990000    4.5717945008E-03    5.4982384098E+06    2.5136816126E+04    1.0000000000E-12
  29000000    4.5617482842E-03    5.4982372604E+06    2.5081574388E+04    1.0000000000E-12
  29010000    4.5517240073E-03    5.4982361134E+06    2.5026453315E+04    1.0000000000E-12
  29020000    4.5417216230E-03    5.4982349689E+06    2.4971452647E+04    1.0000000000E-12
  29030000    4.5317410840E-03    5.4982338270E+06    2.4916572123E+04    1.0000000000E-12
  29040000    4.5217823431E-03    5.4982326875E+06    2.4861811485E+04    1.0000000000E-12
  29050000    4.5118453534E-03    5.4982315505E+06    2.4807170473E+04    1.0000000000E-12
  29060000    4.5019300679E-03    5.4982304160E+06    2.4752648830E+04    1.0000000000E-12
  29070000    4.4920364397E-03    5.4982292840E+06    2.4698246298E+04    1.0000000000E-12
  29080000    4.4821644223E-03    5.4982281545E+06    2.4643962620E+04    1.0000000000E-12
  29090000    4.4723139689E-03    5.4982270274E+06    2.4589797539E+04    1.0000000000E-12
  29100000    4.4624850331E-03    5.4982259028E+06    2.4535750800E+04    1.0000000000E-12
  29110000    4.4526775683E-03    5.4982247807E+06    2.4481822147E+04    1.0000000000E-12
  29120000    4.4428915283E-03    5.4982236610E+06    2.4428011324E+04    1.0000000000E-12
  29130000    4.4331268669E-03    5.4982225437E+06    2.4374318079E+04    1.0000000000E-12
  29140000    4.4233835378E-03    5.4982214289E+06    2.4320742156E+04    1.0000000000E-12
  29150000    4.4136614951E-03    5.4982203166E+06    2.4267283303E+04    1.0000000000E-12
  29160000    4.4039606928E-03    5.4982192066E+06    2.4213941267E+04    1.0000000000E-12
  29170000    4.3942810851E-03    5.4982180991E+06    2.4160715795E+04    1.0000000000E-12
  29180000    4.3846226262E-03    5.4982169940E+06    2.4107606636E+04    1.0000000000E-12
  29190000    4.3749852704E-03    5.4982158914E+06    2.4054613538E+04    1.0000000000E-12
  29200000    4.3653689723E-03    5.4982147911E+06    2.4001736252E+04    1.0000000000E-12
  29210000    4.3557736862E-03    5.4982136933E+06    2.3948974527E+04    1.0000000000E-12
  29220000    4.3461993670E-03    5.4982125978E+06    2.3896328112E+04    1.0000000000E-12
  29230000    4.3366459693E-03    5.4982115048E+06    2.3843796760E+04    1.0000000000E-12
  29240000    4.3271134479E-03    5.4982104141E+06    2.3791380222E+04    1.0000000000E-12
  29250000    4.3176017578E-03    5.4982093258E+06    2.3739078250E+04    1.0000000000E-12
  29260000    4.3081108539E-03    5.4982082399E+06    2.3686890595E+04    1.0000000000E-12
  29270000    4.2986406914E-03    5.4982071564E+06    2.3634817012E+04    1.0000000000E-12
  29280000    4.2891912255E-03    5.4982060752E+06    2.3582857254E+04    1.0000000000E-12
  29290000    4.2797624115E-03    5.4982049965E+06    2.3531011074E+04    1.0000000000E-12
  29300000    4.2703542047E-03    5.4982039200E+06    2.3479278228E+04    1.0000000000E-12
  29310000    4.2609665607E-03    5.4982028459E+06    2.3427658471E+04    1.0000000000E-12
  29320000    4.2515994351E-03    5.4982017742E+06    2.3376151557E+04    1.0000000000E-12
  29330000    4.2422527835E-03    5.4982007048E+06    2.3324757244E+04    1.0000000000E-12
  29340000    4.2329265616E-03    5.4981996378E+06    2.3273475288E+04    1.0000000000E-12
  29350000    4.2236207254E-03    5.4981985731E+06    2.3222305446E+04    1.0000000000E-12
  29360000    4.2143352309E-03    5.4981975107E+06    2.3171247476E+04    1.0000000000E-12
  29370000    4.2050700339E-03    5.4981964506E+06    2.3120301135E+04    1.0000000000E-12
  29380000    4.1958250908E-03    5.4981953929E+06    2.3069466184E+04    1.0000000000E-12
  29390000    4.1866003577E-03    5.4981943375E+06    2.3018742380E+04    1.0000000000E-12
  29400000    4.1773957909E-03    5.4981932844E+06    2.2968129484E+04    1.0000000000E-12
  29410000    4.1682113469E-03    5.4981922335E+06    2.2917627255E+04    1.0000000000E-12
  29420000    4.1590469822E-03    5.4981911850E+06    2.2867235456E+04    1.0000000000E-12
  29430000    4.1499026534E-03    5.4981901388E+06    2.2816953846E+04    1.0000000000E-12
  29440000    4.1407783171E-03    5.4981890949E+06    2.2766782187E+04    1.0000000000E-12
  29450000    4.1316739302E-03    5.4981880532E+06    2.2716720243E+04    1.0000000000E-12
  29460000    4.1225894495E-03    5.4981870139E+06    2.2666767775E+04    1.0000000000E-12
  29470000    4.1135248320E-03    5.4981859768E+06    2.2616924546E+04    1.0000000000E-12
  29480000    4.1044800348E-03    5.4981849419E+06    2.2567190322E+04    1.0000000000E-12
  29490000    4.0954550149E-03    5.4981839094E+06    2.2517564865E+04    1.0000000000E-12
  29500000    4.0864497298E-03    5.4981828791E+06    2.2468047940E+04    1.0000000000E-12
  29510000    4.0774641365E-03    5.4981818510E+06    2.2418639314E+04    1.0000000000E-12
  29520000    4.0684981927E-03    5.4981808252E+06    2.2369338751E+04    1.0000000000E-12
  29530000    4.0595518558E-03    5.4981798017E+06    2.2320146017E+04    1.0000000000E-12
  29540000    4.0506250833E-03    5.4981787804E+06    2.2271060880E+04    1.0000000000E-12
  29550000    4.0417178331E-03    5.4981777613E+06    2.2222083107E+04    1.0000000000E-12
  29560000    4.0328300628E-03    5.4981767444E+06    2.2173212466E+04    1.0000000000E-12
  29570000    4.0239617304E-03    5.4981757298E+06    2.2124448724E+04    1.0000000000E-12
  29580000    4.0151127937E-03    5.4981747174E+06    2.2075791650E+04    1.0000000000E-12
  29590000    4.0062832109E-03    5.4981737072E+06    2.2027241014E+04    1.0000000000E-12
  29600000    3.9974729400E-03    5.4981726992E+06    2.1978796585E+04    1.0000000000E-12
  29610000    3.9886819393E-03    5.4981716935E+06    2.1930458133E+04    1.0000000000E-12
  29620000    3.9799101671E-03    5.4981706899E+06    2.1882225429E+04    1.0000000000E-12
  29630000    3.9711575819E-03    5.4981696885E+06    2.1834098245E+04    1.0000000000E-12
  29640000    3.9624241420E-03    5.4981686893E+06    2.1786076351E+04    1.0000000000E-12
  29650000    3.9537098060E-03    5.4981676923E+06    2.1738159520E+04    1.0000000000E-12
  29660000    3.9450145327E-03    5.4981666975E+06    2.1690347525E+04    1.0000000000E-12
  29670000    3.9363382808E-03    5.4981657049E+06    2.1642640138E+04    1.0000000000E-12
  29680000    3.9276810090E-03    5.4981647144E+06    2.1595037133E+04    1.0000000000E-12
  29690000    3.9190426764E-03    5.4981637261E+06    2.1547538285E+04    1.0000000000E-12
  29700000    3.9104232420E-03    5.4981627400E+06    2.1500143367E+04    1.0000000000E-12
  29710000    3.9018226648E-03    5.4981617560E+06    2.1452852154E+04    1.0000000000E-12
  29720000    3.8932409040E-03    5.4981607742E+06    2.1405664423E+04    1.0000000000E-12
  29730000    3.8846779189E-03    5.4981597945E+06    2.1358579948E+04    1.0000000000E-12
  29740000    3.8761336688E-03    5.4981588170E+06    2.1311598507E+04    1.0000000000E-12
  29750000    3.8676081133E-03    5.4981578416E+06    2.1264719876E+04    1.0000000000E-12
  29760000    3.8591012118E-03    5.4981568684E+06    2.1217943833E+04    1.0000000000E-12
  29770000    3.8506129239E-03    5.4981558972E+06    2.1171270156E+04    1.0000000000E-12
  29780000    3.8421432094E-03    5.4981549283E+06    2.1124698622E+04    1.0000000000E-12
  29790000    3.8336920280E-03    5.4981539614E+06    2.1078229010E+04    1.0000000000E-12
  29800000    3.8252593396E-03    5.4981529966E+06    2.1031861101E+04    1.0000000000E-12
  29810000    3.8168451041E-03    5.4981520340E+06    2.0985594673E+04    1.0000000000E-12
  29820000    3.8084492817E-03    5.4981510734E+06    2.0939429506E+04    1.0000000000E-12
  29830000    3.8000718323E-03    5.4981501150E+06    2.0893365382E+04    1.0000000000E-12
  29840000    3.7917127163E-03    5.4981491587E+06    2.0847402081E+04    1.0000000000E-12
  29850000    3.7833718940E-03    5.4981482044E+06    2.0801539385E+04    1.0000000000E-12
  29860000    3.7750493256E-03    5.4981472523E+06    2.0755777077E+04    1.0000000000E-12
  29870000    3.7667449717E-03    5.4981463022E+06    2.0710114937E+04    1.0000000000E-12
  29880000    3.7584587928E-03    5.4981453542E+06    2.0664552751E+04    1.0000000000E-12
  29890000    3.7501907495E-03    5.4981444083E+06    2.0619090300E+04    1.0000000000E-12
  29900000    3.7419408026E-03    5.4981434645E+06    2.0573727368E+04    1.0000000000E-12
  29910000    3.7337089129E-03    5.4981425227E+06    2.0528463741E+04    1.0000000000E-12
  29920000    3.7254950412E-03    5.4981415830E+06    2.0483299203E+04    1.0000000000E-12
  29930000    3.7172991484E-03    5.4981406454E+06    2.0438233539E+04    1.0000000000E-12
  29940000    3.7091211958E-03    5.4981397098E+06    2.0393266535E+04    1.0000000000E-12
  29950000    3.7009611443E-03    5.4981387762E+06    2.0348397977E+04    1.0000000000E-12
  29960000    3.6928189551E-03    5.4981378447E+06    2.0303627651E+04    1.0000000000E-12
  29970000    3.6846945897E-03    5.4981369152E+06    2.0258955345E+04    1.0000000000E-12
  29980000    3.6765880093E-03    5.4981359878E+06    2.0214380846E+04    1.0000000000E-12
  29990000    3.6684991754E-03    5.4981350624E+06    2.0169903943E+04    1.0000000000E-12
  30000000    3.6604280495E-03    5.4981341391E+06    2.0125524423E+04    1.0000000000E-12
  30010000    3.6523745934E-03    5.4981332177E+06    2.0081242075E+04    1.0000000000E-12
  30020000    3.6443387685E-03    5.4981322984E+06    2.0037056690E+04    1.0000000000E-12
  30030000    3.6363205369E-03    5.4981313811E+06    1.9992968055E+04    1.0000000000E-12
  30040000    3.6283198602E-03    5.4981304658E+06    1.9948975963E+04    1.0000000000E-12
  30050000    3.6203367005E-03    5.4981295525E+06    1.9905080203E+04    1.0000000000E-12
  30060000    3.6123710198E-03    5.4981286412E+06    1.9861280567E+04    1.0000000000E-12
  30070000    3.6044227802E-03    5.4981277318E+06    1.9817576845E+04    1.0000000000E-12
  30080000    3.5964919439E-03    5.4981268245E+06    1.9773968831E+04    1.0000000000E-12
  30090000    3.5885784732E-03    5.4981259192E+06    1.9730456316E+04    1.0000000000E-12
  30100000    3.5806823303E-03    5.4981250159E+06    1.9687039094E+04    1.0000000000E-12
  30110000    3.5728034778E-03    5.4981241145E+06    1.9643716958E+04    1.0000000000E-12
  30120000    3.5649418781E-03    5.4981232151E+06    1.9600489700E+04    1.0000000000E-12
  30130000    3.5570974938E-03    5.4981223177E+06    1.9557357117E+04    1.0000000000E-12
  30140000    3.5492702876E-03    5.4981214223E+06    1.9514319002E+04    1.0000000000E-12
  30150000    3.5414602223E-03    5.4981205288E+06    1.9471375150E+04    1.0000000000E-12
  30160000    3.5336672606E-03    5.4981196372E+06    1.9428525357E+04    1.0000000000E-12
  30170000    3.5258913655E-03    5.4981187477E+06    1.9385769419E+04    1.0000000000E-12
  30180000    3.5181324999E-03    5.4981178600E+06    1.9343107132E+04    1.0000000000E-12
  30190000    3.5103906270E-03    5.4981169743E+06    1.9300538293E+04    1.0000000000E-12
  30200000    3.5026657098E-03    5.4981160906E+06    1.9258062699E+04    1.0000000000E-12
  30210000    3.4949577116E-03    5.4981152088E+06    1.9215680148E+04    1.0000000000E-12
  30220000    3.4872665956E-03    5.4981143289E+06    1.9173390438E+04    1.0000000000E-12
  30230000    3.4795923253E-03    5.4981134510E+06    1.9131193368E+04    1.0000000000E-12
  30240000    3.4719348642E-03    5.4981125749E+06    1.9089088736E+04    1.0000000000E-12
  30250000    3.4642941756E-03    5.4981117008E+06    1.9047076342E+04    1.0000000000E-12
  30260000    3.4566702233E-03    5.4981108286E+06    1.9005155986E+04    1.0000000000E-12
  30270000    3.4490629709E-03    5.4981099584E+06    1.8963327467E+04    1.0000000000E-12
  30280000    3.4414723822E-03    5.4981090900E+06    1.8921590587E+04    1.0000000000E-12
  30290000    3.4338984210E-03    5.4981082235E+06    1.8879945147E+04    1.0000000000E-12
  30300000    3.4263410513E-03    5.4981073590E+06    1.8838390948E+04    1.0000000000E-12
  30310000    3.4188002370E-03    5.4981064963E+06    1.8796927793E+04    1.0000000000E-12
  30320000    3.4112759422E-03    5.4981056355E+06    1.8755555482E+04    1.0000000000E-12
  30330000    3.4037681311E-03    5.4981047766E+06    1.8714273820E+04    1.0000000000E-12
  30340000    3.3962767679E-03    5.4981039196E+06    1.8673082610E+04    1.0000000000E-12
  30350000    3.3888018169E-03    5.4981030645E+06    1.8631981654E+04    1.0000000000E-12
  30360000    3.3813432424E-03    5.4981022112E+06    1.8590970758E+04    1.0000000000E-12
  30370000    3.3739010090E-03    5.4981013598E+06    1.8550049725E+04    1.0000000000E-12
  30380000    3.3664750810E-03    5.4981005103E+06    1.8509218361E+04    1.0000000000E-12
  30390000    3.3590654233E-03    5.4980996626E+06    1.8468476470E+04    1.0000000000E-12
  30400000    3.3516720003E-03    5.4980988168E+06    1.8427823859E+04    1.0000000000E-12
  30410000    3.3442947770E-03    5.4980979729E+06    1.8387260334E+04    1.0000000000E-12
  30420000    3.3369337180E-03    5.4980971308E+06    1.8346785701E+04    1.0000000000E-12
  30430000    3.3295887884E-03    5.4980962905E+06    1.8306399766E+04    1.0000000000E-12
  30440000    3.3222599530E-03    5.4980954521E+06    1.8266102338E+04    1.0000000000E-12
  30450000    3.3149471770E-03    5.4980946155E+06    1.8225893225E+04    1.0000000000E-12
  30460000    3.3076504254E-03    5.4980937808E+06    1.8185772233E+04    1.0000000000E-12
  30470000    3.3003696636E-03    5.4980929479E+06    1.8145739173E+04    1.0000000000E-12
  30480000    3.2931048566E-03    5.4980921168E+06    1.8105793852E+04    1.0000000000E-12
  30490000    3.2858559700E-03    5.4980912875E+06    1.8065936081E+04    1.0000000000E-12
  30500000    3.2786229691E-03    5.4980904601E+06    1.8026165669E+04    1.0000000000E-12
  30510000    3.2714058194E-03    5.4980896345E+06    1.7986482426E+04    1.0000000000E-12
  30520000    3.2642044865E-03    5.4980888106E+06    1.7946886163E+04    1.0000000000E-12
  30530000    3.2570189360E-03    5.4980879886E+06    1.7907376691E+04    1.0000000000E-12
  30540000    3.2498491337E-03    5.4980871684E+06    1.7867953822E+04    1.0000000000E-12
  30550000    3.2426950454E-03    5.4980863500E+06    1.7828617366E+04    1.0000000000E-12
  30560000    3.2355566368E-03    5.4980855334E+06    1.7789367137E+04    1.0000000000E-12
  30570000    3.2284338740E-03    5.4980847185E+06    1.7750202948E+04    1.0000000000E-12
  30580000    3.2213267230E-03    5.4980839055E+06    1.7711124610E+04    1.0000000000E-12
  30590000    3.2142351498E-03    5.4980830942E+06    1.7672131938E+04    1.0000000000E-12
  30600000    3.2071591206E-03    5.4980822848E+06    1.7633224745E+04    1.0000000000E-12
  30610000    3.2000986016E-03    5.4980814771E+06    1.7594402846E+04    1.0000000000E-12
  30620000    3.1930535592E-03    5.4980806711E+06    1.7555666055E+04    1.0000000000E-12
  30630000    3.1860239596E-03    5.4980798670E+06    1.7517014188E+04    1.0000000000E-12
  30640000    3.1790097693E-03    5.4980790645E+06    1.7478447059E+04    1.0000000000E-12
  30650000    3.1720109549E-03    5.4980782639E+06    1.7439964484E+04    1.0000000000E-12
  30660000    3.1650274830E-03    5.4980774650E+06    1.7401566280E+04    1.0000000000E-12
  30670000    3.1580593201E-03    5.4980766679E+06    1.7363252264E+04    1.0000000000E-12
  30680000    3.1511064331E-03    5.4980758725E+06    1.7325022251E+04    1.0000000000E-12
  30690000    3.1441687886E-03    5.4980750788E+06    1.7286876060E+04    1.0000000000E-12
  30700000    3.1372463537E-03    5.4980742869E+06    1.7248813509E+04    1.0000000000E-12
  30710000    3.1303390952E-03    5.4980734968E+06    1.7210834415E+04    1.0000000000E-12
  30720000    3.1234469801E-03    5.4980727083E+06    1.7172938597E+04    1.0000000000E-12
  30730000    3.1165699755E-03    5.4980719216E+06    1.7135125874E+04    1.0000000000E-12
  30740000    3.1097080487E-03    5.4980711367E+06    1.7097396066E+04    1.0000000000E-12
  30750000    3.1028611667E-03    5.4980703534E+06    1.7059748991E+04    1.0000000000E-12
  30760000    3.0960292969E-03    5.4980695719E+06    1.7022184471E+04    1.0000000000E-12
  30770000    3.0892124066E-03    5.4980687920E+06    1.6984702325E+04    1.0000000000E-12
  30780000    3.0824104634E-03    5.4980680139E+06    1.6947302375E+04    1.0000000000E-12
  30790000    3.0756234346E-03    5.4980672375E+06    1.6909984441E+04    1.0000000000E-12
  30800000    3.0688512879E-03    5.4980664628E+06    1.6872748345E+04    1.0000000000E-12
  30810000    3.0620939909E-03    5.4980656898E+06    1.6835593910E+04    1.0000000000E-12
  30820000    3.0553515113E-03    5.4980649185E+06    1.6798520958E+04    1.0000000000E-12
  30830000    3.0486238169E-03    5.4980641489E+06    1.6761529311E+04    1.0000000000E-12
  30840000    3.0419108755E-03    5.4980633809E+06    1.6724618792E+04    1.0000000000E-12
  30850000    3.0352126550E-03    5.4980626147E+06    1.6687789226E+04    1.0000000000E-12
  30860000    3.0285291235E-03    5.4980618501E+06    1.6651040436E+04    1.0000000000E-12
  30870000    3.0218602490E-03    5.4980610872E+06    1.6614372246E+04    1.0000000000E-12
  30880000    3.0152059996E-03    5.4980603260E+06    1.6577784481E+04    1.0000000000E-12
  30890000    3.0085663435E-03    5.4980595665E+06    1.6541276966E+04    1.0000000000E-12
  30900000    3.0019412489E-03    5.4980588086E+06    1.6504849527E+04    1.0000000000E-12
  30910000    2.9953306843E-03    5.4980580524E+06    1.6468501988E+04    1.0000000000E-12
  30920000    2.9887346179E-03    5.4980572978E+06    1.6432234177E+04    1.0000000000E-12
  30930000    2.9821530182E-03    5.4980565449E+06    1.6396045920E+04    1.0000000000E-12
  30940000    2.9755858538E-03    5.4980557937E+06    1.6359937043E+04    1.0000000000E-12
  30950000    2.9690330933E-03    5.4980550441E+06    1.6323907375E+04    1.0000000000E-12
  30960000    2.9624947053E-03    5.4980542961E+06    1.6287956742E+04    1.0000000000E-12
  30970000    2.9559706585E-03    5.4980535498E+06    1.6252084972E+04    1.0000000000E-12
  30980000    2.9494609218E-03    5.4980528051E+06    1.6216291895E+04    1.0000000000E-12
  30990000    2.9429654640E-03    5.4980520621E+06    1.6180577338E+04    1.0000000000E-12
  31000000    2.9364842541E-03    5.4980513207E+06    1.6144941131E+04    1.0000000000E-12
  31010000    2.9300172610E-03    5.4980505809E+06    1.6109383104E+04    1.0000000000E-12
  31020000    2.9235644538E-03    5.4980498427E+06    1.6073903086E+04    1.0000000000E-12
  31030000    2.9171258017E-03    5.4980491062E+06    1.6038500906E+04    1.0000000000E-12
  31040000    2.9107012737E-03    5.4980483713E+06    1.6003176397E+04    1.0000000000E-12
  31050000    2.9042908393E-03    5.4980476380E+06    1.5967929389E+04    1.0000000000E-12
  31060000    2.8978944677E-03    5.4980469063E+06    1.5932759713E+04    1.0000000000E-12
  31070000    2.8915121283E-03    5.4980461762E+06    1.5897667200E+04    1.0000000000E-12
  31080000    2.8851437906E-03    5.4980454477E+06    1.5862651684E+04    1.0000000000E-12
  31090000    2.8787894241E-03    5.4980447208E+06    1.5827712995E+04    1.0000000000E-12
  31100000    2.8724489983E-03    5.4980439955E+06    1.5792850967E+04    1.0000000000E-12
  31110000    2.8661224830E-03    5.4980432717E+06    1.5758065434E+04    1.0000000000E-12
  31120000    2.8598098479E-03    5.4980425496E+06    1.5723356227E+04    1.0000000000E-12
  31130000    2.8535110627E-03    5.4980418291E+06    1.5688723182E+04    1.0000000000E-12
  31140000    2.8472260973E-03    5.4980411101E+06    1.5654166133E+04    1.0000000000E-12
  31150000    2.8409549216E-03    5.4980403928E+06    1.5619684913E+04    1.0000000000E-12
  31160000    2.8346975056E-03    5.4980396769E+06    1.5585279358E+04    1.0000000000E-12
  31170000    2.8284538193E-03    5.4980389627E+06    1.5550949303E+04    1.0000000000E-12
  31180000    2.8222238328E-03    5.4980382500E+06    1.5516694583E+04    1.0000000000E-12
  31190000    2.8160075164E-03    5.4980375389E+06    1.5482515035E+04    1.0000000000E-12
  31200000    2.8098048402E-03    5.4980368294E+06    1.5448410495E+04    1.0000000000E-12
  31210000    2.8036157745E-03    5.4980361214E+06    1.5414380799E+04    1.0000000000E-12
  31220000    2.7974402897E-03    5.4980354150E+06    1.5380425784E+04    1.0000000000E-12
  31230000    2.7912783563E-03    5.4980347101E+06    1.5346545289E+04    1.0000000000E-12
  31240000    2.7851299447E-03    5.4980340068E+06    1.5312739149E+04    1.0000000000E-12
  31250000    2.7789950254E-03    5.4980333050E+06    1.5279007204E+04    1.0000000000E-12
  31260000    2.7728735691E-03    5.4980326048E+06    1.5245349292E+04    1.0000000000E-12
  31270000    2.7667655465E-03    5.4980319060E+06    1.5211765251E+04    1.0000000000E-12
  31280000    2.7606709283E-03    5.4980312089E+06    1.5178254921E+04    1.0000000000E-12
  31290000    2.7545896853E-03    5.4980305132E+06    1.5144818141E+04    1.0000000000E-12
  31300000    2.7485217883E-03    5.4980298191E+06    1.5111454751E+04    1.0000000000E-12
  31310000    2.7424672084E-03    5.4980291265E+06    1.5078164590E+04    1.0000000000E-12
  31320000    2.7364259165E-03    5.4980284354E+06    1.5044947500E+04    1.0000000000E-12
  31330000    2.7303978836E-03    5.4980277459E+06    1.5011803321E+04    1.0000000000E-12
  31340000    2.7243830808E-03    5.4980270578E+06    1.4978731894E+04    1.0000000000E-12
  31350000    2.7183814795E-03    5.4980263713E+06    1.4945733061E+04    1.0000000000E-12
  31360000    2.7123930506E-03    5.4980256863E+06    1.4912806664E+04    1.0000000000E-12
  31370000    2.7064177657E-03    5.4980250028E+06    1.4879952544E+04    1.0000000000E-12
  31380000    2.7004555960E-03    5.4980243207E+06    1.4847170544E+04    1.0000000000E-12
  31390000    2.6945065130E-03    5.4980236402E+06    1.4814460507E+04    1.0000000000E-12
  31400000    2.6885704882E-03    5.4980229612E+06    1.4781822277E+04    1.0000000000E-12
  31410000    2.6826474930E-03    5.4980222836E+06    1.4749255696E+04    1.0000000000E-12
  31420000    2.6767374992E-03    5.4980216076E+06    1.4716760608E+04    1.0000000000E-12
  31430000    2.6708404783E-03    5.4980209330E+06    1.4684336859E+04    1.0000000000E-12
  31440000    2.6649564022E-03    5.4980202599E+06    1.4651984291E+04    1.0000000000E-12
  31450000    2.6590852425E-03    5.4980195883E+06    1.4619702751E+04    1.0000000000E-12
  31460000    2.6532269713E-03    5.4980189182E+06    1.4587492082E+04    1.0000000000E-12
  31470000    2.6473815602E-03    5.4980182495E+06    1.4555352132E+04    1.0000000000E-12
  31480000    2.6415489814E-03    5.4980175823E+06    1.4523282745E+04    1.0000000000E-12
  31490000    2.6357292069E-03    5.4980169166E+06    1.4491283767E+04    1.0000000000E-12
  31500000    2.6299222087E-03    5.4980162524E+06    1.4459355046E+04    1.0000000000E-12
  31510000    2.6241279591E-03    5.4980155895E+06    1.4427496428E+04    1.0000000000E-12
  31520000    2.6183464302E-03    5.4980149282E+06    1.4395707760E+04    1.0000000000E-12
  31530000    2.6125775942E-03    5.4980142683E+06    1.4363988890E+04    1.0000000000E-12
  31540000    2.6068214236E-03    5.4980136098E+06    1.4332339665E+04    1.0000000000E-12
  31550000    2.6010778907E-03    5.4980129528E+06    1.4300759935E+04    1.0000000000E-12
  31560000    2.5953469680E-03    5.4980122973E+06    1.4269249546E+04    1.0000000000E-12
  31570000    2.5896286280E-03    5.4980116432E+06    1.4237808348E+04    1.0000000000E-12
  31580000    2.5839228432E-03    5.4980109905E+06    1.4206436190E+04    1.0000000000E-12
  31590000    2.5782295862E-03    5.4980103392E+06    1.4175132922E+04    1.0000000000E-12
  31600000    2.5725488299E-03    5.4980096894E+06    1.4143898393E+04    1.0000000000E-12
  31610000    2.5668805468E-03    5.4980090410E+06    1.4112732453E+04    1.0000000000E-12
  31620000    2.5612247098E-03    5.4980083940E+06    1.4081634954E+04    1.0000000000E-12
  31630000    2.5555812918E-03    5.4980077485E+06    1.4050605744E+04    1.0000000000E-12
  31640000    2.5499502657E-03    5.4980071044E+06    1.4019644677E+04    1.0000000000E-12
  31650000    2.5443316045E-03    5.4980064616E+06    1.3988751602E+04    1.0000000000E-12
  31660000    2.5387252811E-03    5.4980058203E+06    1.3957926372E+04    1.0000000000E-12
  31670000    2.5331312688E-03    5.4980051804E+06    1.3927168839E+04    1.0000000000E-12
  31680000    2.5275495406E-03    5.4980045419E+06    1.3896478854E+04    1.0000000000E-12
  31690000    2.5219800698E-03    5.4980039049E+06    1.3865856272E+04    1.0000000000E-12
  31700000    2.5164228296E-03    5.4980032692E+06    1.3835300943E+04    1.0000000000E-12
  31710000    2.5108777933E-03    5.4980026349E+06    1.3804812723E+04    1.0000000000E-12
  31720000    2.5053449344E-03    5.4980020020E+06    1.3774391465E+04    1.0000000000E-12
  31730000    2.4998242262E-03    5.4980013705E+06    1.3744037022E+04    1.0000000000E-12
  31740000    2.4943156423E-03    5.4980007403E+06    1.3713749248E+04    1.0000000000E-12
  31750000    2.4888191563E-03    5.4980001116E+06    1.3683527999E+04    1.0000000000E-12
  31760000    2.4833347417E-03    5.4979994842E+06    1.3653373129E+04    1.0000000000E-12
  31770000    2.4778623721E-03    5.4979988583E+06    1.3623284493E+04    1.0000000000E-12
  31780000    2.4724020215E-03    5.4979982337E+06    1.3593261947E+04    1.0000000000E-12
  31790000    2.4669536634E-03    5.4979976104E+06    1.3563305346E+04    1.0000000000E-12
  31800000    2.4615172717E-03    5.4979969886E+06    1.3533414547E+04    1.0000000000E-12
  31810000    2.4560928204E-03    5.4979963681E+06    1.3503589406E+04    1.0000000000E-12
  31820000    2.4506802834E-03    5.4979957489E+06    1.3473829780E+04    1.0000000000E-12
  31830000    2.4452796347E-03    5.4979951312E+06    1.3444135526E+04    1.0000000000E-12
  31840000    2.4398908483E-03    5.4979945148E+06    1.3414506501E+04    1.0000000000E-12
  31850000    2.4345138984E-03    5.4979938997E+06    1.3384942562E+04    1.0000000000E-12
  31860000    2.4291487592E-03    5.4979932860E+06    1.3355443569E+04    1.0000000000E-12
  31870000    2.4237954048E-03    5.4979926736E+06    1.3326009378E+04    1.0000000000E-12
  31880000    2.4184538096E-03    5.4979920626E+06    1.3296639849E+04    1.0000000000E-12
  31890000    2.4131239478E-03    5.4979914529E+06    1.3267334840E+04    1.0000000000E-12
  31900000    2.4078057940E-03    5.4979908446E+06    1.3238094211E+04    1.0000000000E-12
  31910000    2.4024993225E-03    5.4979902376E+06    1.3208917821E+04    1.0000000000E-12
  31920000    2.3972045079E-03    5.4979896319E+06    1.3179805530E+04    1.0000000000E-12
  31930000    2.3919213246E-03    5.4979890276E+06    1.3150757198E+04    1.0000000000E-12
  31940000    2.3866497474E-03    5.4979884246E+06    1.3121772685E+04    1.0000000000E-12
  31950000    2.3813897509E-03    5.4979878229E+06    1.3092851852E+04    1.0000000000E-12
  31960000    2.3761413098E-03    5.4979872226E+06    1.3063994560E+04    1.0000000000E-12
  31970000    2.3709043989E-03    5.4979866235E+06    1.3035200671E+04    1.0000000000E-12
  31980000    2.3656789930E-03    5.4979860258E+06    1.3006470045E+04    1.0000000000E-12
  31990000    2.3604650670E-03    5.4979854294E+06    1.2977802545E+04    1.0000000000E-12
  32000000    2.3552625959E-03    5.4979848343E+06    1.2949198033E+04    1.0000000000E-12
  32010000    2.3500715546E-03    5.4979842405E+06    1.2920656371E+04    1.0000000000E-12
  32020000    2.3448919182E-03    5.4979836480E+06    1.2892177423E+04    1.0000000000E-12
  32030000    2.3397236618E-03    5.4979830568E+06    1.2863761050E+04    1.0000000000E-12
  32040000    2.3345667606E-03    5.4979824669E+06    1.2835407118E+04    1.0000000000E-12
  32050000    2.3294211897E-03    5.4979818784E+06    1.2807115488E+04    1.0000000000E-12
  32060000    2.3242869245E-03    5.4979812911E+06    1.2778886026E+04    1.0000000000E-12
  32070000    2.3191639402E-03    5.4979807051E+06    1.2750718595E+04    1.0000000000E-12
  32080000    2.3140522123E-03    5.4979801203E+06    1.2722613060E+04    1.0000000000E-12
  32090000    2.3089517160E-03    5.4979795369E+06    1.2694569286E+04    1.0000000000E-12
  32100000    2.3038624270E-03    5.4979789548E+06    1.2666587138E+04    1.0000000000E-12
  32110000    2.2987843207E-03    5.4979783739E+06    1.2638666482E+04    1.0000000000E-12
  32120000    2.2937173728E-03    5.4979777943E+06    1.2610807182E+04    1.0000000000E-12
  32130000    2.2886615588E-03    5.4979772160E+06    1.2583009105E+04    1.0000000000E-12
  32140000    2.2836168544E-03    5.4979766389E+06    1.2555272118E+04    1.0000000000E-12
  32150000    2.2785832355E-03    5.4979760631E+06    1.2527596087E+04    1.0000000000E-12
  32160000    2.2735606777E-03    5.4979754886E+06    1.2499980878E+04    1.0000000000E-12
  32170000    2.2685491569E-03    5.4979749154E+06    1.2472426359E+04    1.0000000000E-12
  32180000    2.2635486491E-03    5.4979743434E+06    1.2444932398E+04    1.0000000000E-12
  32190000    2.2585591301E-03    5.4979737727E+06    1.2417498861E+04    1.0000000000E-12
  32200000    2.2535805759E-03    5.4979732032E+06    1.2390125618E+04    1.0000000000E-12
  32210000    2.2486129627E-03    5.4979726349E+06    1.2362812536E+04    1.0000000000E-12
  32220000    2.2436562665E-03    5.4979720680E+06    1.2335559483E+04    1.0000000000E-12
  32230000    2.2387104635E-03    5.4979715022E+06    1.2308366330E+04    1.0000000000E-12
  32240000    2.2337755298E-03    5.4979709377E+06    1.2281232944E+04    1.0000000000E-12
  32250000    2.2288514418E-03    5.4979703745E+06    1.2254159196E+04    1.0000000000E-12
  32260000    2.2239381757E-03    5.4979698125E+06    1.2227144955E+04    1.0000000000E-12
  32270000    2.2190357079E-03    5.4979692517E+06    1.2200190091E+04    1.0000000000E-12
  32280000    2.2141440149E-03    5.4979686922E+06    1.2173294474E+04    1.0000000000E-12
  32290000    2.2092630730E-03    5.4979681338E+06    1.2146457975E+04    1.0000000000E-12
  32300000    2.2043928588E-03    5.4979675768E+06    1.2119680464E+04    1.0000000000E-12
  32310000    2.1995333488E-03    5.4979670209E+06    1.2092961813E+04    1.0000000000E-12
  32320000    2.1946845197E-03    5.4979664663E+06    1.2066301893E+04    1.0000000000E-12
  32330000    2.1898463481E-03    5.4979659128E+06    1.2039700576E+04    1.0000000000E-12
  32340000    2.1850188108E-03    5.4979653606E+06    1.2013157734E+04    1.0000000000E-12
  32350000    2.1802018845E-03    5.4979648097E+06    1.1986673239E+04    1.0000000000E-12
  32360000    2.1753955460E-03    5.4979642599E+06    1.1960246963E+04    1.0000000000E-12
  32370000    2.1705997721E-03    5.4979637113E+06    1.1933878779E+04    1.0000000000E-12
  32380000    2.1658145399E-03    5.4979631639E+06    1.1907568560E+04    1.0000000000E-12
  32390000    2.1610398262E-03    5.4979626178E+06    1.1881316180E+04    1.0000000000E-12
  32400000    2.1562756082E-03    5.4979620728E+06    1.1855121512E+04    1.0000000000E-12
  32410000    2.1515218627E-03    5.4979615291E+06    1.1828984430E+04    1.0000000000E-12
  32420000    2.1467785670E-03    5.4979609865E+06    1.1802904808E+04    1.0000000000E-12
  32430000    2.1420456983E-03    5.4979604451E+06    1.1776882521E+04    1.0000000000E-12
  32440000    2.1373232337E-03    5.4979599049E+06    1.1750917443E+04    1.0000000000E-12
  32450000    2.1326111504E-03    5.4979593660E+06    1.1725009448E+04    1.0000000000E-12
  32460000    2.1279094259E-03    5.4979588281E+06    1.1699158414E+04    1.0000000000E-12
  32470000    2.1232180374E-03    5.4979582915E+06    1.1673364214E+04    1.0000000000E-12
  32480000    2.1185369624E-03    5.4979577561E+06    1.1647626724E+04    1.0000000000E-12
  32490000    2.1138661784E-03    5.4979572218E+06    1.1621945821E+04    1.0000000000E-12
  32500000    2.1092056627E-03    5.4979566887E+06    1.1596321381E+04    1.0000000000E-12
  32510000    2.1045553931E-03    5.4979561568E+06    1.1570753281E+04    1.0000000000E-12
  32520000    2.0999153470E-03    5.4979556260E+06    1.1545241396E+04    1.0000000000E-12
  32530000    2.0952855022E-03    5.4979550964E+06    1.1519785606E+04    1.0000000000E-12
  32540000    2.0906658364E-03    5.4979545680E+06    1.1494385785E+04    1.0000000000E-12
  32550000    2.0860563272E-03    5.4979540408E+06    1.1469041814E+04    1.0000000000E-12
  32560000    2.0814569526E-03    5.4979535147E+06    1.1443753568E+04    1.0000000000E-12
  32570000    2.0768676902E-03    5.4979529897E+06    1.1418520927E+04    1.0000000000E-12
  32580000    2.0722885181E-03    5.4979524659E+06    1.1393343768E+04    1.0000000000E-12
  32590000    2.0677194141E-03    5.4979519433E+06    1.1368221971E+04    1.0000000000E-12
  32600000    2.0631603563E-03    5.4979514218E+06    1.1343155415E+04    1.0000000000E-12
  32610000    2.0586113227E-03    5.4979509015E+06    1.1318143978E+04    1.0000000000E-12
  32620000    2.0540722914E-03    5.4979503823E+06    1.1293187540E+04    1.0000000000E-12
  32630000    2.0495432404E-03    5.4979498642E+06    1.1268285981E+04    1.0000000000E-12
  32640000    2.0450241481E-03    5.4979493473E+06    1.1243439180E+04    1.0000000000E-12
  32650000    2.0405149925E-03    5.4979488315E+06    1.1218647019E+04    1.0000000000E-12
  32660000    2.0360157520E-03    5.4979483169E+06    1.1193909377E+04    1.0000000000E-12
  32670000    2.0315264049E-03    5.4979478034E+06    1.1169226135E+04    1.0000000000E-12
  32680000    2.0270469296E-03    5.4979472910E+06    1.1144597175E+04    1.0000000000E-12
  32690000    2.0225773044E-03    5.4979467797E+06    1.1120022378E+04    1.0000000000E-12
  32700000    2.0181175079E-03    5.4979462696E+06    1.1095501624E+04    1.0000000000E-12
  32710000    2.0136675184E-03    5.4979457606E+06    1.1071034796E+04    1.0000000000E-12
  32720000    2.0092273147E-03    5.4979452527E+06    1.1046621776E+04    1.0000000000E-12
  32730000    2.0047968753E-03    5.4979447459E+06    1.1022262447E+04    1.0000000000E-12
  32740000    2.0003761787E-03    5.4979442403E+06    1.0997956690E+04    1.0000000000E-12
  32750000    1.9959652038E-03    5.4979437357E+06    1.0973704389E+04    1.0000000000E-12
  32760000    1.9915639293E-03    5.4979432323E+06    1.0949505427E+04    1.0000000000E-12
  32770000    1.9871723339E-03    5.4979427299E+06    1.0925359686E+04    1.0000000000E-12
  32780000    1.9827903964E-03    5.4979422287E+06    1.0901267051E+04    1.0000000000E-12
  32790000    1.9784180958E-03    5.4979417286E+06    1.0877227406E+04    1.0000000000E-12
  32800000    1.9740554110E-03    5.4979412296E+06    1.0853240633E+04    1.0000000000E-12
  32810000    1.9697023208E-03    5.4979407317E+06    1.0829306619E+04    1.0000000000E-12
  32820000    1.9653588045E-03    5.4979402348E+06    1.0805425247E+04    1.0000000000E-12
  32830000    1.9610248409E-03    5.4979397391E+06    1.0781596402E+04    1.0000000000E-12
  32840000    1.9567004092E-03    5.4979392444E+06    1.0757819969E+04    1.0000000000E-12
  32850000    1.9523854885E-03    5.4979387509E+06    1.0734095834E+04    1.0000000000E-12
  32860000    1.9480800581E-03    5.4979382584E+06    1.0710423882E+04    1.0000000000E-12
  32870000    1.9437840972E-03    5.4979377670E+06    1.0686803999E+04    1.0000000000E-12
  32880000    1.9394975850E-03    5.4979372767E+06    1.0663236071E+04    1.0000000000E-12
  32890000    1.9352205009E-03    5.4979367875E+06    1.0639719984E+04    1.0000000000E-12
  32900000    1.9309528242E-03    5.4979362993E+06    1.0616255625E+04    1.0000000000E-12
  32910000    1.9266945345E-03    5.4979358123E+06    1.0592842880E+04    1.0000000000E-12
  32920000    1.9224456110E-03    5.4979353262E+06    1.0569481638E+04    1.0000000000E-12
  32930000    1.9182060334E-03    5.4979348413E+06    1.0546171784E+04    1.0000000000E-12
  32940000    1.9139757812E-03    5.4979343574E+06    1.0522913207E+04    1.0000000000E-12
  32950000    1.9097548340E-03    5.4979338746E+06    1.0499705794E+04    1.0000000000E-12
  32960000    1.9055431714E-03    5.4979333929E+06    1.0476549433E+04    1.0000000000E-12
  32970000    1.9013407731E-03    5.4979329122E+06    1.0453444013E+04    1.0000000000E-12
  32980000    1.8971476188E-03    5.4979324326E+06    1.0430389423E+04    1.0000000000E-12
  32990000    1.8929636883E-03    5.4979319540E+06    1.0407385550E+04    1.0000000000E-12
  33000000    1.8887889614E-03    5.4979314765E+06    1.0384432284E+04    1.0000000000E-12
  33010000    1.8846234180E-03    5.4979310000E+06    1.0361529513E+04    1.0000000000E-12
  33020000    1.8804670380E-03    5.4979305246E+06    1.0338677129E+04    1.0000000000E-12
  33030000    1.8763198013E-03    5.4979300502E+06    1.0315875020E+04    1.0000000000E-12
  33040000    1.8721816880E-03    5.4979295769E+06    1.0293123076E+04    1.0000000000E-12
  33050000    1.8680526779E-03    5.4979291046E+06    1.0270421187E+04    1.0000000000E-12
  33060000    1.8639327513E-03    5.4979286333E+06    1.0247769244E+04    1.0000000000E-12
  33070000    1.8598218882E-03    5.4979281631E+06    1.0225167137E+04    1.0000000000E-12
  33080000    1.8557200688E-03    5.4979276940E+06    1.0202614758E+04    1.0000000000E-12
  33090000    1.8516272733E-03    5.4979272258E+06    1.0180111998E+04    1.0000000000E-12
  33100000    1.8475434819E-03    5.4979267587E+06    1.0157658747E+04    1.0000000000E-12
  33110000    1.8434686750E-03    5.4979262926E+06    1.0135254898E+04    1.0000000000E-12
  33120000    1.8394028329E-03    5.4979258275E+06    1.0112900342E+04    1.0000000000E-12
  33130000    1.8353459359E-03    5.4979253635E+06    1.0090594972E+04    1.0000000000E-12
  33140000    1.8312979644E-03    5.4979249005E+06    1.0068338679E+04    1.0000000000E-12
  33150000    1.8272588990E-03    5.4979244385E+06    1.0046131356E+04    1.0000000000E-12
  33160000    1.8232287201E-03    5.4979239775E+06    1.0023972897E+04    1.0000000000E-12
  33170000    1.8192074083E-03    5.4979235175E+06    1.0001863194E+04    1.0000000000E-12
  33180000    1.8151949442E-03    5.4979230586E+06    9.9798021394E+03    1.0000000000E-12
  33190000    1.8111913083E-03    5.4979226006E+06    9.9577896280E+03    1.0000000000E-12
  33200000    1.8071964814E-03    5.4979221437E+06    9.9358255530E+03    1.0000000000E-12
  33210000    1.8032104442E-03    5.4979216877E+06    9.9139098085E+03    1.0000000000E-12
  33220000    1.7992331773E-03    5.4979212328E+06    9.8920422885E+03    1.0000000000E-12
  33230000    1.7952646618E-03    5.4979207789E+06    9.8702228875E+03    1.0000000000E-12
  33240000    1.7913048782E-03    5.4979203260E+06    9.8484515000E+03    1.0000000000E-12
  33250000    1.7873538076E-03    5.4979198740E+06    9.8267280210E+03    1.0000000000E-12
  33260000    1.7834114309E-03    5.4979194231E+06    9.8050523455E+03    1.0000000000E-12
  33270000    1.7794777290E-03    5.4979189731E+06    9.7834243687E+03    1.0000000000E-12
  33280000    1.7755526830E-03    5.4979185242E+06    9.7618439864E+03    1.0000000000E-12
  33290000    1.7716362738E-03    5.4979180762E+06    9.7403110941E+03    1.0000000000E-12
  33300000    1.7677284826E-03    5.4979176292E+06    9.7188255879E+03    1.0000000000E-12
  33310000    1.7638292904E-03    5.4979171832E+06    9.6973873640E+03    1.0000000000E-12
  33320000    1.7599386785E-03    5.4979167382E+06    9.6759963189E+03    1.0000000000E-12
  33330000    1.7560566281E-03    5.4979162942E+06    9.6546523491E+03    1.0000000000E-12
  33340000    1.7521831204E-03    5.4979158511E+06    9.6333553517E+03    1.0000000000E-12
  33350000    1.7483181367E-03    5.4979154090E+06    9.6121052236E+03    1.0000000000E-12
  33360000    1.7444616583E-03    5.4979149679E+06    9.5909018623E+03    1.0000000000E-12
  33370000    1.7406136667E-03    5.4979145278E+06    9.5697451653E+03    1.0000000000E-12
  33380000    1.7367741431E-03    5.4979140886E+06    9.5486350303E+03    1.0000000000E-12
  33390000    1.7329430692E-03    5.4979136504E+06    9.5275713554E+03    1.0000000000E-12
  33400000    1.7291204263E-03    5.4979132131E+06    9.5065540388E+03    1.0000000000E-12
  33410000    1.7253061960E-03    5.4979127769E+06    9.4855829790E+03    1.0000000000E-12
  33420000    1.7215003599E-03    5.4979123416E+06    9.4646580745E+03    1.0000000000E-12
  33430000    1.7177028995E-03    5.4979119072E+06    9.4437792243E+03    1.0000000000E-12
  33440000    1.7139137966E-03    5.4979114738E+06    9.4229463274E+03    1.0000000000E-12
  33450000    1.7101330328E-03    5.4979110413E+06    9.4021592833E+03    1.0000000000E-12
  33460000    1.7063605899E-03    5.4979106098E+06    9.3814179914E+03    1.0000000000E-12
  33470000    1.7025964496E-03    5.4979101793E+06    9.3607223515E+03    1.0000000000E-12
  33480000    1.6988405938E-03    5.4979097497E+06    9.3400722636E+03    1.0000000000E-12
  33490000    1.6950930042E-03    5.4979093210E+06    9.3194676278E+03    1.0000000000E-12
  33500000    1.6913536628E-03    5.4979088933E+06    9.2989083446E+03    1.0000000000E-12
  33510000    1.6876225516E-03    5.4979084665E+06    9.2783943146E+03    1.0000000000E-12
  33520000    1.6838996524E-03    5.4979080407E+06    9.2579254386E+03    1.0000000000E-12
  33530000    1.6801849473E-03    5.4979076158E+06    9.2375016178E+03    1.0000000000E-12
  33540000    1.6764784184E-03    5.4979071919E+06    9.2171227533E+03    1.0000000000E-12
  33550000    1.6727800476E-03    5.4979067688E+06    9.1967887467E+03    1.0000000000E-12
  33560000    1.6690898173E-03    5.4979063467E+06    9.1764994996E+03    1.0000000000E-12
  33570000    1.6654077094E-03    5.4979059256E+06    9.1562549140E+03    1.0000000000E-12
  33580000    1.6617337062E-03    5.4979055053E+06    9.1360548919E+03    1.0000000000E-12
  33590000    1.6580677900E-03    5.4979050860E+06    9.1158993358E+03    1.0000000000E-12
  33600000    1.6544099431E-03    5.4979046676E+06    9.0957881482E+03    1.0000000000E-12
  33610000    1.6507601477E-03    5.4979042502E+06    9.0757212318E+03    1.0000000000E-12
  33620000    1.6471183862E-03    5.4979038336E+06    9.0556984897E+03    1.0000000000E-12
  33630000    1.6434846410E-03    5.4979034180E+06    9.0357198249E+03    1.0000000000E-12
  33640000    1.6398588945E-03    5.4979030033E+06    9.0157851410E+03    1.0000000000E-12
  33650000    1.6362411292E-03    5.4979025894E+06    8.9958943414E+03    1.0000000000E-12
  33660000    1.6326313277E-03    5.4979021766E+06    8.9760473301E+03    1.0000000000E-12
  33670000    1.6290294724E-03    5.4979017646E+06    8.9562440110E+03    1.0000000000E-12
  33680000    1.6254355460E-03    5.4979013535E+06    8.9364842883E+03    1.0000000000E-12
  33690000    1.6218495310E-03    5.4979009433E+06    8.9167680666E+03    1.0000000000E-12
  33700000    1.6182714102E-03    5.4979005340E+06    8.8970952505E+03    1.0000000000E-12
  33710000    1.6147011662E-03    5.4979001257E+06    8.8774657447E+03    1.0000000000E-12
  33720000    1.6111387818E-03    5.4978997182E+06    8.8578794544E+03    1.0000000000E-12
  33730000    1.6075842397E-03    5.4978993116E+06    8.8383362849E+03    1.0000000000E-12
  33740000    1.6040375228E-03    5.4978989060E+06    8.8188361416E+03    1.0000000000E-12
  33750000    1.6004986138E-03    5.4978985012E+06    8.7993789301E+03    1.0000000000E-12
  33760000    1.5969674958E-03    5.4978980973E+06    8.7799645565E+03    1.0000000000E-12
  33770000    1.5934441515E-03    5.4978976943E+06    8.7605929267E+03    1.0000000000E-12
  33780000    1.5899285641E-03    5.4978972922E+06    8.7412639470E+03    1.0000000000E-12
  33790000    1.5864207163E-03    5.4978968909E+06    8.7219775240E+03    1.0000000000E-12
  33800000    1.5829205914E-03    5.4978964906E+06    8.7027335644E+03    1.0000000000E-12
  33810000    1.5794281724E-03    5.4978960911E+06    8.6835319750E+03    1.0000000000E-12
  33820000    1.5759434423E-03    5.4978956925E+06    8.6643726630E+03    1.0000000000E-12
  33830000    1.5724663843E-03    5.4978952948E+06    8.6452555356E+03    1.0000000000E-12
  33840000    1.5689969817E-03    5.4978948980E+06    8.6261805004E+03    1.0000000000E-12
  33850000    1.5655352175E-03    5.4978945020E+06    8.6071474651E+03    1.0000000000E-12
  33860000    1.5620810751E-03    5.4978941069E+06    8.5881563376E+03    1.0000000000E-12
  33870000    1.5586345378E-03    5.4978937127E+06    8.5692070259E+03    1.0000000000E-12
  33880000    1.5551955889E-03    5.4978933194E+06    8.5502994385E+03    1.0000000000E-12
  33890000    1.5517642117E-03    5.4978929269E+06    8.5314334838E+03    1.0000000000E-12
  33900000    1.5483403897E-03    5.4978925353E+06    8.5126090706E+03    1.0000000000E-12
  33910000    1.5449241063E-03    5.4978921445E+06    8.4938261076E+03    1.0000000000E-12
  33920000    1.5415153449E-03    5.4978917546E+06    8.4750845041E+03    1.0000000000E-12
  33930000    1.5381140890E-03    5.4978913656E+06    8.4563841694E+03    1.0000000000E-12
  33940000    1.5347203223E-03    5.4978909774E+06    8.4377250129E+03    1.0000000000E-12
  33950000    1.5313340283E-03    5.4978905901E+06    8.4191069443E+03    1.0000000000E-12
  33960000    1.5279551905E-03    5.4978902036E+06    8.4005298735E+03    1.0000000000E-12
  33970000    1.5245837927E-03    5.4978898180E+06    8.3819937107E+03    1.0000000000E-12
  33980000    1.5212198186E-03    5.4978894332E+06    8.3634983661E+03    1.0000000000E-12
  33990000    1.5178632518E-03    5.4978890493E+06    8.3450437501E+03    1.0000000000E-12
  34000000    1.5145140761E-03    5.4978886662E+06    8.3266297735E+03    1.0000000000E-12
  34010000    1.5111722753E-03    5.4978882839E+06    8.3082563471E+03    1.0000000000E-12
  34020000    1.5078378332E-03    5.4978879026E+06    8.2899233820E+03    1.0000000000E-12
  34030000    1.5045107337E-03    5.4978875220E+06    8.2716307895E+03    1.0000000000E-12
  34040000    1.5011909607E-03    5.4978871423E+06    8.2533784809E+03    1.0000000000E-12
  34050000    1.4978784981E-03    5.4978867634E+06    8.2351663680E+03    1.0000000000E-12
  34060000    1.4945733299E-03    5.4978863854E+06    8.2169943625E+03    1.0000000000E-12
  34070000    1.4912754401E-03    5.4978860081E+06    8.1988623766E+03    1.0000000000E-12
  34080000    1.4879848128E-03    5.4978856318E+06    8.1807703223E+03    1.0000000000E-12
  34090000    1.4847014319E-03    5.4978852562E+06    8.1627181121E+03    1.0000000000E-12
  34100000    1.4814252816E-03    5.4978848815E+06    8.1447056587E+03    1.0000000000E-12
  34110000    1.4781563461E-03    5.4978845076E+06    8.1267328748E+03    1.0000000000E-12
  34120000    1.4748946094E-03    5.4978841345E+06    8.1087996733E+03    1.0000000000E-12
  34130000    1.4716400560E-03    5.4978837622E+06    8.0909059675E+03    1.0000000000E-12
  34140000    1.4683926698E-03    5.4978833908E+06    8.0730516707E+03    1.0000000000E-12
  34150000    1.4651524354E-03    5.4978830202E+06    8.0552366965E+03    1.0000000000E-12
  34160000    1.4619193369E-03    5.4978826504E+06    8.0374609585E+03    1.0000000000E-12
  34170000    1.4586933587E-03    5.4978822814E+06    8.0197243708E+03    1.0000000000E-12
  34180000    1.4554744852E-03    5.4978819132E+06    8.0020268473E+03    1.0000000000E-12
  34190000    1.4522627008E-03    5.4978815458E+06    7.9843683025E+03    1.0000000000E-12
  34200000    1.4490579900E-03    5.4978811793E+06    7.9667486508E+03    1.0000000000E-12
  34210000    1.4458603372E-03    5.4978808135E+06    7.9491678068E+03    1.0000000000E-12
  34220000    1.4426697269E-03    5.4978804486E+06    7.9316256854E+03    1.0000000000E-12
  34230000    1.4394861438E-03    5.4978800845E+06    7.9141222017E+03    1.0000000000E-12
  34240000    1.4363095723E-03    5.4978797211E+06    7.8966572709E+03    1.0000000000E-12
  34250000    1.4331399972E-03    5.4978793586E+06    7.8792308084E+03    1.0000000000E-12
  34260000    1.4299774030E-03    5.4978789969E+06    7.8618427297E+03    1.0000000000E-12
  34270000    1.4268217744E-03    5.4978786359E+06    7.8444929508E+03    1.0000000000E-12
  34280000    1.4236730962E-03    5.4978782758E+06    7.8271813874E+03    1.0000000000E-12
  34290000    1.4205313531E-03    5.4978779164E+06    7.8099079558E+03    1.0000000000E-12
  34300000    1.4173965299E-03    5.4978775579E+06    7.7926725723E+03    1.0000000000E-12
  34310000    1.4142686114E-03    5.4978772001E+06    7.7754751533E+03    1.0000000000E-12
  34320000    1.4111475824E-03    5.4978768431E+06    7.7583156157E+03    1.0000000000E-12
  34330000    1.4080334279E-03    5.4978764869E+06    7.7411938763E+03    1.0000000000E-12
  34340000    1.4049261328E-03    5.4978761315E+06    7.7241098520E+03    1.0000000000E-12
  34350000    1.4018256820E-03    5.4978757769E+06    7.7070634602E+03    1.0000000000E-12
  34360000    1.3987320604E-03    5.4978754230E+06    7.6900546182E+03    1.0000000000E-12
  34370000    1.3956452531E-03    5.4978750699E+06    7.6730832437E+03    1.0000000000E-12
  34380000    1.3925652452E-03    5.4978747177E+06    7.6561492545E+03    1.0000000000E-12
  34390000    1.3894920218E-03    5.4978743661E+06    7.6392525684E+03    1.0000000000E-12
  34400000    1.3864255678E-03    5.4978740154E+06    7.6223931036E+03    1.0000000000E-12
  34410000    1.3833658686E-03    5.4978736654E+06    7.6055707784E+03    1.0000000000E-12
  34420000    1.3803129092E-03    5.4978733162E+06    7.5887855113E+03    1.0000000000E-12
  34430000    1.3772666748E-03    5.4978729678E+06    7.5720372210E+03    1.0000000000E-12
  34440000    1.3742271508E-03    5.4978726201E+06    7.5553258263E+03    1.0000000000E-12
  34450000    1.3711943224E-03    5.4978722733E+06    7.5386512462E+03    1.0000000000E-12
  34460000    1.3681681748E-03    5.4978719271E+06    7.5220134000E+03    1.0000000000E-12
  34470000    1.3651486935E-03    5.4978715818E+06    7.5054122069E+03    1.0000000000E-12
  34480000    1.3621358638E-03    5.4978712372E+06    7.4888475866E+03    1.0000000000E-12
  34490000    1.3591296711E-03    5.4978708933E+06    7.4723194588E+03    1.0000000000E-12
  34500000    1.3561301008E-03    5.4978705502E+06    7.4558277433E+03    1.0000000000E-12
  34510000    1.3531371384E-03    5.4978702079E+06    7.4393723602E+03    1.0000000000E-12
  34520000    1.3501507694E-03    5.4978698663E+06    7.4229532298E+03    1.0000000000E-12
  34530000    1.3471709793E-03    5.4978695255E+06    7.4065702725E+03    1.0000000000E-12
  34540000    1.3441977537E-03    5.4978691854E+06    7.3902234089E+03    1.0000000000E-12
  34550000    1.3412310781E-03    5.4978688461E+06    7.3739125598E+03    1.0000000000E-12
  34560000    1.3382709383E-03    5.4978685075E+06    7.3576376460E+03    1.0000000000E-12
  34570000    1.3353173198E-03    5.4978681697E+06    7.3413985888E+03    1.0000000000E-12
  34580000    1.3323702083E-03    5.4978678326E+06    7.3251953093E+03    1.0000000000E-12
  34590000    1.3294295896E-03    5.4978674962E+06    7.3090277291E+03    1.0000000000E-12
  34600000    1.3264954494E-03    5.4978671606E+06    7.2928957697E+03    1.0000000000E-12
  34610000    1.3235677734E-03    5.4978668258E+06    7.2767993530E+03    1.0000000000E-12
  34620000    1.3206465475E-03    5.4978664916E+06    7.2607384010E+03    1.0000000000E-12
  34630000    1.3177317576E-03    5.4978661582E+06    7.2447128357E+03    1.0000000000E-12
  34640000    1.3148233894E-03    5.4978658256E+06    7.2287225794E+03    1.0000000000E-12
  34650000    1.3119214290E-03    5.4978654937E+06    7.2127675548E+03    1.0000000000E-12
  34660000    1.3090258621E-03    5.4978651625E+06    7.1968476843E+03    1.0000000000E-12
  34670000    1.3061366749E-03    5.4978648320E+06    7.1809628908E+03    1.0000000000E-12
  34680000    1.3032538533E-03    5.4978645023E+06    7.1651130973E+03    1.0000000000E-12
  34690000    1.3003773832E-03    5.4978641733E+06    7.1492982270E+03    1.0000000000E-12
  34700000    1.2975072509E-03    5.4978638450E+06    7.1335182031E+03    1.0000000000E-12
  34710000    1.2946434422E-03    5.4978635174E+06    7.1177729491E+03    1.0000000000E-12
  34720000    1.2917859435E-03    5.4978631906E+06    7.1020623888E+03    1.0000000000E-12
  34730000    1.2889347407E-03    5.4978628645E+06    7.0863864458E+03    1.0000000000E-12
  34740000    1.2860898202E-03    5.4978625391E+06    7.0707450443E+03    1.0000000000E-12
  34750000    1.2832511680E-03    5.4978622144E+06    7.0551381083E+03    1.0000000000E-12
  34760000    1.2804187705E-03    5.4978618904E+06    7.0395655622E+03    1.0000000000E-12
  34770000    1.2775926139E-03    5.4978615672E+06    7.0240273304E+03    1.0000000000E-12
  34780000    1.2747726845E-03    5.4978612446E+06    7.0085233376E+03    1.0000000000E-12
  34790000    1.2719589686E-03    5.4978609228E+06    6.9930535086E+03    1.0000000000E-12
  34800000    1.2691514525E-03    5.4978606017E+06    6.9776177684E+03    1.0000000000E-12
  34810000    1.2663501228E-03    5.4978602812E+06    6.9622160420E+03    1.0000000000E-12
  34820000    1.2635549657E-03    5.4978599615E+06    6.9468482549E+03    1.0000000000E-12
  34830000    1.2607659677E-03    5.4978596425E+06    6.9315143325E+03    1.0000000000E-12
  34840000    1.2579831153E-03    5.4978593242E+06    6.9162142003E+03    1.0000000000E-12
  34850000    1.2552063951E-03    5.4978590066E+06    6.9009477843E+03    1.0000000000E-12
  34860000    1.2524357934E-03    5.4978586897E+06    6.8857150102E+03    1.0000000000E-12
  34870000    1.2496712970E-03    5.4978583735E+06    6.8705158043E+03    1.0000000000E-12
  34880000    1.2469128923E-03    5.4978580580E+06    6.8553500929E+03    1.0000000000E-12
  34890000    1.2441605661E-03    5.4978577432E+06    6.8402178023E+03    1.0000000000E-12
  34900000    1.2414143050E-03    5.4978574291E+06    6.8251188591E+03    1.0000000000E-12
  34910000    1.2386740955E-03    5.4978571157E+06    6.8100531901E+03    1.0000000000E-12
  34920000    1.2359399246E-03    5.4978568030E+06    6.7950207223E+03    1.0000000000E-12
  34930000    1.2332117788E-03    5.4978564909E+06    6.7800213826E+03    1.0000000000E-12
  34940000    1.2304896450E-03    5.4978561796E+06    6.7650550984E+03    1.0000000000E-12
  34950000    1.2277735099E-03    5.4978558689E+06    6.7501217970E+03    1.0000000000E-12
  34960000    1.2250633604E-03    5.4978555589E+06    6.7352214059E+03    1.0000000000E-12
  34970000    1.2223591833E-03    5.4978552496E+06    6.7203538529E+03    1.0000000000E-12
  34980000    1.2196609656E-03    5.4978549410E+06    6.7055190659E+03    1.0000000000E-12
  34990000    1.2169686940E-03    5.4978546331E+06    6.6907169728E+03    1.0000000000E-12
  35000000    1.2142823557E-03    5.4978543258E+06    6.6759475019E+03    1.0000000000E-12
  35010000    1.2116019374E-03    5.4978540192E+06    6.6612105814E+03    1.0000000000E-12
  35020000    1.2089274263E-03    5.4978537133E+06    6.6465061399E+03    1.0000000000E-12
  35030000    1.2062588093E-03    5.4978534081E+06    6.6318341060E+03    1.0000000000E-12
  35040000    1.2035960736E-03    5.4978531035E+06    6.6171944085E+03    1.0000000000E-12
  35050000    1.2009392061E-03    5.4978527996E+06    6.6025869765E+03    1.0000000000E-12
  35060000    1.1982881940E-03    5.4978524964E+06    6.5880117389E+03    1.0000000000E-12
  35070000    1.1956430245E-03    5.4978521939E+06    6.5734686251E+03    1.0000000000E-12
  35080000    1.1930036846E-03    5.4978518920E+06    6.5589575645E+03    1.0000000000E-12
  35090000    1.1903701616E-03    5.4978515908E+06    6.5444784867E+03    1.0000000000E-12
  35100000    1.1877424428E-03    5.4978512902E+06    6.5300313213E+03    1.0000000000E-12
  35110000    1.1851205153E-03    5.4978509903E+06    6.5156159984E+03    1.0000000000E-12
  35120000    1.1825043664E-03    5.4978506911E+06    6.5012324479E+03    1.0000000000E-12
  35130000    1.1798939835E-03    5.4978503925E+06    6.4868806000E+03    1.0000000000E-12
  35140000    1.1772893538E-03    5.4978500946E+06    6.4725603851E+03    1.0000000000E-12
  35150000    1.1746904648E-03    5.4978497973E+06    6.4582717337E+03    1.0000000000E-12
  35160000    1.1720973038E-03    5.4978495007E+06    6.4440145764E+03    1.0000000000E-12
  35170000    1.1695098582E-03    5.4978492048E+06    6.4297888440E+03    1.0000000000E-12
  35180000    1.1669281155E-03    5.4978489095E+06    6.4155944674E+03    1.0000000000E-12
  35190000    1.1643520632E-03    5.4978486148E+06    6.4014313778E+03    1.0000000000E-12
  35200000    1.1617816887E-03    5.4978483208E+06    6.3872995065E+03    1.0000000000E-12
  35210000    1.1592169796E-03    5.4978480275E+06    6.3731987847E+03    1.0000000000E-12
  35220000    1.1566579234E-03    5.4978477348E+06    6.3591291441E+03    1.0000000000E-12
  35230000    1.1541045077E-03    5.4978474427E+06    6.3450905164E+03    1.0000000000E-12
  35240000    1.1515567201E-03    5.4978471513E+06    6.3310828334E+03    1.0000000000E-12
  35250000    1.1490145483E-03    5.4978468606E+06    6.3171060271E+03    1.0000000000E-12
  35260000    1.1464779799E-03    5.4978465704E+06    6.3031600297E+03    1.0000000000E-12
  35270000    1.1439470025E-03    5.4978462809E+06    6.2892447735E+03    1.0000000000E-12
  35280000    1.1414216040E-03    5.4978459921E+06    6.2753601908E+03    1.0000000000E-12
  35290000    1.1389017720E-03    5.4978457039E+06    6.2615062144E+03    1.0000000000E-12
  35300000    1.1363874943E-03    5.4978454163E+06    6.2476827769E+03    1.0000000000E-12
  35310000    1.1338787588E-03    5.4978451294E+06    6.2338898112E+03    1.0000000000E-12
  35320000    1.1313755531E-03    5.4978448430E+06    6.2201272504E+03    1.0000000000E-12
  35330000    1.1288778653E-03    5.4978445574E+06    6.2063950276E+03    1.0000000000E-12
  35340000    1.1263856831E-03    5.4978442723E+06    6.1926930761E+03    1.0000000000E-12
  35350000    1.1238989944E-03    5.4978439879E+06    6.1790213295E+03    1.0000000000E-12
  35360000    1.1214177873E-03    5.4978437041E+06    6.1653797213E+03    1.0000000000E-12
  35370000    1.1189420495E-03    5.4978434209E+06    6.1517681853E+03    1.0000000000E-12
  35380000    1.1164717692E-03    5.4978431384E+06    6.1381866555E+03    1.0000000000E-12
  35390000    1.1140069343E-03    5.4978428565E+06    6.1246350657E+03    1.0000000000E-12
  35400000    1.1115475328E-03    5.4978425752E+06    6.1111133504E+03    1.0000000000E-12
  35410000    1.1090935529E-03    5.4978422945E+06    6.0976214437E+03    1.0000000000E-12
  35420000    1.1066449826E-03    5.4978420144E+06    6.0841592802E+03    1.0000000000E-12
  35430000    1.1042018099E-03    5.4978417350E+06    6.0707267944E+03    1.0000000000E-12
  35440000    1.1017640231E-03    5.4978414561E+06    6.0573239212E+03    1.0000000000E-12
  35450000    1.0993316103E-03    5.4978411779E+06    6.0439505955E+03    1.0000000000E-12
  35460000    1.0969045597E-03    5.4978409003E+06    6.0306067523E+03    1.0000000000E-12
  35470000    1.0944828596E-03    5.4978406233E+06    6.0172923269E+03    1.0000000000E-12
  35480000    1.0920664980E-03    5.4978403470E+06    6.0040072544E+03    1.0000000000E-12
  35490000    1.0896554634E-03    5.4978400712E+06    5.9907514705E+03    1.0000000000E-12
  35500000    1.0872497440E-03    5.4978397960E+06    5.9775249107E+03    1.0000000000E-12
  35510000    1.0848493281E-03    5.4978395215E+06    5.9643275108E+03    1.0000000000E-12
  35520000    1.0824542041E-03    5.4978392475E+06    5.9511592067E+03    1.0000000000E-12
  35530000    1.0800643603E-03    5.4978389742E+06    5.9380199345E+03    1.0000000000E-12
  35540000    1.0776797851E-03    5.4978387014E+06    5.9249096302E+03    1.0000000000E-12
  35550000    1.0753004670E-03    5.4978384293E+06    5.9118282303E+03    1.0000000000E-12
  35560000    1.0729263943E-03    5.4978381577E+06    5.8987756712E+03    1.0000000000E-12
  35570000    1.0705575556E-03    5.4978378868E+06    5.8857518894E+03    1.0000000000E-12
  35580000    1.0681939394E-03    5.4978376165E+06    5.8727568218E+03    1.0000000000E-12
  35590000    1.0658355342E-03    5.4978373467E+06    5.8597904052E+03    1.0000000000E-12
  35600000    1.0634823284E-03    5.4978370776E+06    5.8468525765E+03    1.0000000000E-12
  35610000    1.0611343108E-03    5.4978368090E+06    5.8339432730E+03    1.0000000000E-12
  35620000    1.0587914698E-03    5.4978365410E+06    5.8210624320E+03    1.0000000000E-12
  35630000    1.0564537941E-03    5.4978362736E+06    5.8082099907E+03    1.0000000000E-12
  35640000    1.0541212724E-03    5.4978360069E+06    5.7953858870E+03    1.0000000000E-12
  35650000    1.0517938933E-03    5.4978357407E+06    5.7825900583E+03    1.0000000000E-12
  35660000    1.0494716455E-03    5.4978354750E+06    5.7698224425E+03    1.0000000000E-12
  35670000    1.0471545177E-03    5.4978352100E+06    5.7570829777E+03    1.0000000000E-12
  35680000    1.0448424987E-03    5.4978349456E+06    5.7443716019E+03    1.0000000000E-12
  35690000    1.0425355772E-03    5.4978346817E+06    5.7316882534E+03    1.0000000000E-12
  35700000    1.0402337421E-03    5.4978344184E+06    5.7190328705E+03    1.0000000000E-12
  35710000    1.0379369821E-03    5.4978341557E+06    5.7064053917E+03    1.0000000000E-12
  35720000    1.0356452861E-03    5.4978338936E+06    5.6938057557E+03    1.0000000000E-12
  35730000    1.0333586430E-03    5.4978336321E+06    5.6812339013E+03    1.0000000000E-12
  35740000    1.0310770416E-03    5.4978333711E+06    5.6686897673E+03    1.0000000000E-12
  35750000    1.0288004708E-03    5.4978331107E+06    5.6561732929E+03    1.0000000000E-12
  35760000    1.0265289197E-03    5.4978328509E+06    5.6436844171E+03    1.0000000000E-12
  35770000    1.0242623771E-03    5.4978325917E+06    5.6312230794E+03    1.0000000000E-12
  35780000    1.0220008321E-03    5.4978323330E+06    5.6187892191E+03    1.0000000000E-12
  35790000    1.0197442736E-03    5.4978320749E+06    5.6063827758E+03    1.0000000000E-12
  35800000    1.0174926908E-03    5.4978318174E+06    5.5940036893E+03    1.0000000000E-12
  35810000    1.0152460726E-03    5.4978315604E+06    5.5816518994E+03    1.0000000000E-12
  35820000    1.0130044081E-03    5.4978313040E+06    5.5693273460E+03    1.0000000000E-12
  35830000    1.0107676865E-03    5.4978310482E+06    5.5570299692E+03    1.0000000000E-12
  35840000    1.0085358968E-03    5.4978307929E+06    5.5447597094E+03    1.0000000000E-12
  35850000    1.0063090283E-03    5.4978305382E+06    5.5325165068E+03    1.0000000000E-12
  35860000    1.0040870701E-03    5.4978302841E+06    5.5203003019E+03    1.0000000000E-12
  35870000    1.0018700114E-03    5.4978300305E+06    5.5081110354E+03    1.0000000000E-12
  35880000    9.9965784146E-04    5.4978297775E+06    5.4959486481E+03    1.0000000000E-12
